district,market,crop,date,arrival_qty_tonnes,modal_price_rs_per_quintal,source
Alappuzha,Alappuzha Mandi,rice,2021-01-01,61.9,2642,Agmarknet via CEDA
Alappuzha,Harippad Market,rice,2021-01-01,31.9,2703,Agmarknet via CEDA
Alappuzha,Ambalapuzha Market,rice,2021-01-01,30.0,2703,Agmarknet via CEDA
Kottayam,Changanassery Market,rice,2021-01-01,72.9,2685,Agmarknet via CEDA
Kottayam,Kottayam Market,rice,2021-01-01,29.3,2683,Agmarknet via CEDA
Alappuzha,Alappuzha Mandi,rice,2021-01-05,55.6,2662,Agmarknet via CEDA
Alappuzha,Harippad Market,rice,2021-01-05,34.7,2627,Agmarknet via CEDA
Alappuzha,Ambalapuzha Market,rice,2021-01-05,34.5,2716,Agmarknet via CEDA
Kottayam,Changanassery Market,rice,2021-01-05,69.7,2652,Agmarknet via CEDA
Kottayam,Kottayam Market,rice,2021-01-05,35.9,2673,Agmarknet via CEDA
Alappuzha,Alappuzha Mandi,rice,2021-01-07,64.6,2651,Agmarknet via CEDA
Alappuzha,Harippad Market,rice,2021-01-07,38.8,2704,Agmarknet via CEDA
Alappuzha,Ambalapuzha Market,rice,2021-01-07,40.3,2691,Agmarknet via CEDA
Kottayam,Changanassery Market,rice,2021-01-07,55.1,2662,Agmarknet via CEDA
Kottayam,Kottayam Market,rice,2021-01-07,30.1,2681,Agmarknet via CEDA
Alappuzha,Alappuzha Mandi,rice,2021-01-09,52.7,2701,Agmarknet via CEDA
Alappuzha,Harippad Market,rice,2021-01-09,42.0,2661,Agmarknet via CEDA
Alappuzha,Ambalapuzha Market,rice,2021-01-09,38.4,2685,Agmarknet via CEDA
Kottayam,Changanassery Market,rice,2021-01-09,50.6,2673,Agmarknet via CEDA
Kottayam,Kottayam Market,rice,2021-01-09,41.6,2696,Agmarknet via CEDA
Alappuzha,Alappuzha Mandi,rice,2021-01-11,59.8,2741,Agmarknet via CEDA
Alappuzha,Harippad Market,rice,2021-01-11,32.4,2724,Agmarknet via CEDA
Alappuzha,Ambalapuzha Market,rice,2021-01-11,47.5,2687,Agmarknet via CEDA
Kottayam,Changanassery Market,rice,2021-01-11,79.9,2676,Agmarknet via CEDA
Kottayam,Kottayam Market,rice,2021-01-11,30.6,2671,Agmarknet via CEDA
Alappuzha,Alappuzha Mandi,rice,2021-01-13,58.5,2633,Agmarknet via CEDA
Alappuzha,Harippad Market,rice,2021-01-13,44.8,2650,Agmarknet via CEDA
Alappuzha,Ambalapuzha Market,rice,2021-01-13,39.3,2667,Agmarknet via CEDA
Kottayam,Changanassery Market,rice,2021-01-13,54.2,2690,Agmarknet via CEDA
Kottayam,Kottayam Market,rice,2021-01-13,42.9,2708,Agmarknet via CEDA
Alappuzha,Alappuzha Mandi,rice,2021-01-15,75.0,2653,Agmarknet via CEDA
Alappuzha,Harippad Market,rice,2021-01-15,31.1,2680,Agmarknet via CEDA
Alappuzha,Ambalapuzha Market,rice,2021-01-15,45.5,2646,Agmarknet via CEDA
Kottayam,Changanassery Market,rice,2021-01-15,51.6,2706,Agmarknet via CEDA
Kottayam,Kottayam Market,rice,2021-01-15,34.9,2722,Agmarknet via CEDA
Alappuzha,Alappuzha Mandi,rice,2021-01-19,70.5,2640,Agmarknet via CEDA
Alappuzha,Harippad Market,rice,2021-01-19,46.0,2657,Agmarknet via CEDA
Alappuzha,Ambalapuzha Market,rice,2021-01-19,42.6,2684,Agmarknet via CEDA
Kottayam,Changanassery Market,rice,2021-01-19,74.6,2696,Agmarknet via CEDA
Kottayam,Kottayam Market,rice,2021-01-19,38.4,2698,Agmarknet via CEDA
Alappuzha,Alappuzha Mandi,rice,2021-01-21,66.8,2655,Agmarknet via CEDA
Alappuzha,Harippad Market,rice,2021-01-21,31.0,2694,Agmarknet via CEDA
Alappuzha,Ambalapuzha Market,rice,2021-01-21,29.5,2661,Agmarknet via CEDA
Kottayam,Changanassery Market,rice,2021-01-21,66.3,2692,Agmarknet via CEDA
Kottayam,Kottayam Market,rice,2021-01-21,46.3,2669,Agmarknet via CEDA
Alappuzha,Alappuzha Mandi,rice,2021-01-23,74.4,2621,Agmarknet via CEDA
Alappuzha,Harippad Market,rice,2021-01-23,33.3,2688,Agmarknet via CEDA
Alappuzha,Ambalapuzha Market,rice,2021-01-23,32.0,2684,Agmarknet via CEDA
Kottayam,Changanassery Market,rice,2021-01-23,80.2,2666,Agmarknet via CEDA
Kottayam,Kottayam Market,rice,2021-01-23,45.7,2712,Agmarknet via CEDA
Alappuzha,Alappuzha Mandi,rice,2021-01-25,76.0,2692,Agmarknet via CEDA
Alappuzha,Harippad Market,rice,2021-01-25,46.1,2687,Agmarknet via CEDA
Alappuzha,Ambalapuzha Market,rice,2021-01-25,35.0,2686,Agmarknet via CEDA
Kottayam,Changanassery Market,rice,2021-01-25,63.6,2659,Agmarknet via CEDA
Kottayam,Kottayam Market,rice,2021-01-25,44.6,2618,Agmarknet via CEDA
Alappuzha,Alappuzha Mandi,rice,2021-01-27,56.8,2682,Agmarknet via CEDA
Alappuzha,Harippad Market,rice,2021-01-27,31.2,2707,Agmarknet via CEDA
Alappuzha,Ambalapuzha Market,rice,2021-01-27,35.1,2688,Agmarknet via CEDA
Kottayam,Changanassery Market,rice,2021-01-27,66.6,2642,Agmarknet via CEDA
Kottayam,Kottayam Market,rice,2021-01-27,47.6,2717,Agmarknet via CEDA
Alappuzha,Alappuzha Mandi,rice,2021-01-29,81.3,2652,Agmarknet via CEDA
Alappuzha,Harippad Market,rice,2021-01-29,34.7,2651,Agmarknet via CEDA
Alappuzha,Ambalapuzha Market,rice,2021-01-29,34.4,2695,Agmarknet via CEDA
Kottayam,Changanassery Market,rice,2021-01-29,66.1,2655,Agmarknet via CEDA
Kottayam,Kottayam Market,rice,2021-01-29,29.9,2709,Agmarknet via CEDA
Alappuzha,Alappuzha Mandi,rice,2021-02-02,104.4,2627,Agmarknet via CEDA
Alappuzha,Harippad Market,rice,2021-02-02,57.6,2682,Agmarknet via CEDA
Alappuzha,Ambalapuzha Market,rice,2021-02-02,61.0,2670,Agmarknet via CEDA
Kottayam,Changanassery Market,rice,2021-02-02,130.3,2592,Agmarknet via CEDA
Kottayam,Kottayam Market,rice,2021-02-02,78.0,2675,Agmarknet via CEDA
Alappuzha,Alappuzha Mandi,rice,2021-02-04,112.1,2662,Agmarknet via CEDA
Alappuzha,Harippad Market,rice,2021-02-04,71.3,2696,Agmarknet via CEDA
Alappuzha,Ambalapuzha Market,rice,2021-02-04,55.7,2662,Agmarknet via CEDA
Kottayam,Changanassery Market,rice,2021-02-04,101.2,2659,Agmarknet via CEDA
Kottayam,Kottayam Market,rice,2021-02-04,53.9,2719,Agmarknet via CEDA
Alappuzha,Alappuzha Mandi,rice,2021-02-06,91.0,2666,Agmarknet via CEDA
Alappuzha,Harippad Market,rice,2021-02-06,70.4,2678,Agmarknet via CEDA
Alappuzha,Ambalapuzha Market,rice,2021-02-06,58.6,2642,Agmarknet via CEDA
Kottayam,Changanassery Market,rice,2021-02-06,131.5,2626,Agmarknet via CEDA
Kottayam,Kottayam Market,rice,2021-02-06,57.3,2669,Agmarknet via CEDA
Alappuzha,Alappuzha Mandi,rice,2021-02-08,110.5,2619,Agmarknet via CEDA
Alappuzha,Harippad Market,rice,2021-02-08,75.6,2672,Agmarknet via CEDA
Alappuzha,Ambalapuzha Market,rice,2021-02-08,81.1,2687,Agmarknet via CEDA
Kottayam,Changanassery Market,rice,2021-02-08,104.5,2697,Agmarknet via CEDA
Kottayam,Kottayam Market,rice,2021-02-08,55.8,2639,Agmarknet via CEDA
Alappuzha,Alappuzha Mandi,rice,2021-02-10,111.0,2657,Agmarknet via CEDA
Alappuzha,Harippad Market,rice,2021-02-10,77.9,2671,Agmarknet via CEDA
Alappuzha,Ambalapuzha Market,rice,2021-02-10,55.4,2705,Agmarknet via CEDA
Kottayam,Changanassery Market,rice,2021-02-10,99.7,2643,Agmarknet via CEDA
Kottayam,Kottayam Market,rice,2021-02-10,52.8,2698,Agmarknet via CEDA
Alappuzha,Alappuzha Mandi,rice,2021-02-12,96.1,2645,Agmarknet via CEDA
Alappuzha,Harippad Market,rice,2021-02-12,76.7,2626,Agmarknet via CEDA
Alappuzha,Ambalapuzha Market,rice,2021-02-12,75.3,2676,Agmarknet via CEDA
Kottayam,Changanassery Market,rice,2021-02-12,104.2,2610,Agmarknet via CEDA
Kottayam,Kottayam Market,rice,2021-02-12,63.9,2687,Agmarknet via CEDA
Alappuzha,Alappuzha Mandi,rice,2021-02-16,141.0,2634,Agmarknet via CEDA
Alappuzha,Harippad Market,rice,2021-02-16,75.5,2636,Agmarknet via CEDA
Alappuzha,Ambalapuzha Market,rice,2021-02-16,65.4,2670,Agmarknet via CEDA
Kottayam,Changanassery Market,rice,2021-02-16,105.9,2654,Agmarknet via CEDA
Kottayam,Kottayam Market,rice,2021-02-16,74.6,2653,Agmarknet via CEDA
Alappuzha,Alappuzha Mandi,rice,2021-02-18,137.7,2673,Agmarknet via CEDA
Alappuzha,Harippad Market,rice,2021-02-18,69.7,2665,Agmarknet via CEDA
Alappuzha,Ambalapuzha Market,rice,2021-02-18,59.3,2648,Agmarknet via CEDA
Kottayam,Changanassery Market,rice,2021-02-18,91.5,2669,Agmarknet via CEDA
Kottayam,Kottayam Market,rice,2021-02-18,75.1,2655,Agmarknet via CEDA
Alappuzha,Alappuzha Mandi,rice,2021-02-20,148.0,2615,Agmarknet via CEDA
Alappuzha,Harippad Market,rice,2021-02-20,86.2,2637,Agmarknet via CEDA
Alappuzha,Ambalapuzha Market,rice,2021-02-20,66.0,2685,Agmarknet via CEDA
Kottayam,Changanassery Market,rice,2021-02-20,141.1,2579,Agmarknet via CEDA
Kottayam,Kottayam Market,rice,2021-02-20,72.0,2648,Agmarknet via CEDA
Alappuzha,Alappuzha Mandi,rice,2021-02-22,146.2,2613,Agmarknet via CEDA
Alappuzha,Harippad Market,rice,2021-02-22,55.9,2719,Agmarknet via CEDA
Alappuzha,Ambalapuzha Market,rice,2021-02-22,74.0,2686,Agmarknet via CEDA
Kottayam,Changanassery Market,rice,2021-02-22,134.4,2609,Agmarknet via CEDA
Kottayam,Kottayam Market,rice,2021-02-22,76.9,2633,Agmarknet via CEDA
Alappuzha,Alappuzha Mandi,rice,2021-02-24,107.6,2665,Agmarknet via CEDA
Alappuzha,Harippad Market,rice,2021-02-24,80.8,2661,Agmarknet via CEDA
Alappuzha,Ambalapuzha Market,rice,2021-02-24,84.5,2657,Agmarknet via CEDA
Kottayam,Changanassery Market,rice,2021-02-24,120.7,2655,Agmarknet via CEDA
Kottayam,Kottayam Market,rice,2021-02-24,75.2,2658,Agmarknet via CEDA
Alappuzha,Alappuzha Mandi,rice,2021-02-26,132.1,2616,Agmarknet via CEDA
Alappuzha,Harippad Market,rice,2021-02-26,64.3,2672,Agmarknet via CEDA
Alappuzha,Ambalapuzha Market,rice,2021-02-26,65.6,2670,Agmarknet via CEDA
Kottayam,Changanassery Market,rice,2021-02-26,92.2,2622,Agmarknet via CEDA
Kottayam,Kottayam Market,rice,2021-02-26,68.8,2619,Agmarknet via CEDA
Alappuzha,Alappuzha Mandi,rice,2021-03-02,175.6,2582,Agmarknet via CEDA
Alappuzha,Harippad Market,rice,2021-03-02,75.0,2636,Agmarknet via CEDA
Alappuzha,Ambalapuzha Market,rice,2021-03-02,99.1,2629,Agmarknet via CEDA
Kottayam,Changanassery Market,rice,2021-03-02,190.7,2574,Agmarknet via CEDA
Kottayam,Kottayam Market,rice,2021-03-02,77.7,2624,Agmarknet via CEDA
Alappuzha,Alappuzha Mandi,rice,2021-03-04,130.3,2671,Agmarknet via CEDA
Alappuzha,Harippad Market,rice,2021-03-04,104.7,2679,Agmarknet via CEDA
Alappuzha,Ambalapuzha Market,rice,2021-03-04,109.1,2630,Agmarknet via CEDA
Kottayam,Changanassery Market,rice,2021-03-04,153.1,2603,Agmarknet via CEDA
Kottayam,Kottayam Market,rice,2021-03-04,112.5,2615,Agmarknet via CEDA
Alappuzha,Alappuzha Mandi,rice,2021-03-06,132.6,2568,Agmarknet via CEDA
Alappuzha,Harippad Market,rice,2021-03-06,74.7,2639,Agmarknet via CEDA
Alappuzha,Ambalapuzha Market,rice,2021-03-06,82.0,2694,Agmarknet via CEDA
Kottayam,Changanassery Market,rice,2021-03-06,139.1,2612,Agmarknet via CEDA
Kottayam,Kottayam Market,rice,2021-03-06,108.5,2589,Agmarknet via CEDA
Alappuzha,Alappuzha Mandi,rice,2021-03-08,181.5,2577,Agmarknet via CEDA
Alappuzha,Harippad Market,rice,2021-03-08,103.5,2675,Agmarknet via CEDA
Alappuzha,Ambalapuzha Market,rice,2021-03-08,94.1,2624,Agmarknet via CEDA
Kottayam,Changanassery Market,rice,2021-03-08,189.7,2529,Agmarknet via CEDA
Kottayam,Kottayam Market,rice,2021-03-08,74.2,2653,Agmarknet via CEDA
Alappuzha,Alappuzha Mandi,rice,2021-03-10,134.2,2655,Agmarknet via CEDA
Alappuzha,Harippad Market,rice,2021-03-10,97.6,2607,Agmarknet via CEDA
Alappuzha,Ambalapuzha Market,rice,2021-03-10,94.8,2639,Agmarknet via CEDA
Kottayam,Changanassery Market,rice,2021-03-10,159.5,2625,Agmarknet via CEDA
Kottayam,Kottayam Market,rice,2021-03-10,75.7,2691,Agmarknet via CEDA
Alappuzha,Alappuzha Mandi,rice,2021-03-12,157.5,2590,Agmarknet via CEDA
Alappuzha,Harippad Market,rice,2021-03-12,115.5,2683,Agmarknet via CEDA
Alappuzha,Ambalapuzha Market,rice,2021-03-12,105.8,2627,Agmarknet via CEDA
Kottayam,Changanassery Market,rice,2021-03-12,175.2,2575,Agmarknet via CEDA
Kottayam,Kottayam Market,rice,2021-03-12,119.6,2573,Agmarknet via CEDA
Alappuzha,Alappuzha Mandi,rice,2021-03-16,180.0,2601,Agmarknet via CEDA
Alappuzha,Harippad Market,rice,2021-03-16,96.0,2658,Agmarknet via CEDA
Alappuzha,Ambalapuzha Market,rice,2021-03-16,92.4,2645,Agmarknet via CEDA
Kottayam,Changanassery Market,rice,2021-03-16,206.7,2534,Agmarknet via CEDA
Kottayam,Kottayam Market,rice,2021-03-16,89.1,2651,Agmarknet via CEDA
Alappuzha,Alappuzha Mandi,rice,2021-03-18,197.0,2539,Agmarknet via CEDA
Alappuzha,Harippad Market,rice,2021-03-18,107.6,2622,Agmarknet via CEDA
Alappuzha,Ambalapuzha Market,rice,2021-03-18,104.3,2642,Agmarknet via CEDA
Kottayam,Changanassery Market,rice,2021-03-18,193.5,2572,Agmarknet via CEDA
Kottayam,Kottayam Market,rice,2021-03-18,87.3,2662,Agmarknet via CEDA
Alappuzha,Alappuzha Mandi,rice,2021-03-20,193.8,2540,Agmarknet via CEDA
Alappuzha,Harippad Market,rice,2021-03-20,122.0,2574,Agmarknet via CEDA
Alappuzha,Ambalapuzha Market,rice,2021-03-20,111.5,2597,Agmarknet via CEDA
Kottayam,Changanassery Market,rice,2021-03-20,154.6,2629,Agmarknet via CEDA
Kottayam,Kottayam Market,rice,2021-03-20,110.5,2617,Agmarknet via CEDA
Alappuzha,Alappuzha Mandi,rice,2021-03-22,134.7,2608,Agmarknet via CEDA
Alappuzha,Harippad Market,rice,2021-03-22,114.0,2648,Agmarknet via CEDA
Alappuzha,Ambalapuzha Market,rice,2021-03-22,89.2,2640,Agmarknet via CEDA
Kottayam,Changanassery Market,rice,2021-03-22,126.9,2635,Agmarknet via CEDA
Kottayam,Kottayam Market,rice,2021-03-22,117.9,2615,Agmarknet via CEDA
Alappuzha,Alappuzha Mandi,rice,2021-03-24,205.8,2532,Agmarknet via CEDA
Alappuzha,Harippad Market,rice,2021-03-24,120.1,2668,Agmarknet via CEDA
Alappuzha,Ambalapuzha Market,rice,2021-03-24,95.5,2667,Agmarknet via CEDA
Kottayam,Changanassery Market,rice,2021-03-24,150.6,2624,Agmarknet via CEDA
Kottayam,Kottayam Market,rice,2021-03-24,110.4,2598,Agmarknet via CEDA
Alappuzha,Alappuzha Mandi,rice,2021-03-26,192.5,2541,Agmarknet via CEDA
Alappuzha,Harippad Market,rice,2021-03-26,100.4,2636,Agmarknet via CEDA
Alappuzha,Ambalapuzha Market,rice,2021-03-26,95.1,2633,Agmarknet via CEDA
Kottayam,Changanassery Market,rice,2021-03-26,135.8,2627,Agmarknet via CEDA
Kottayam,Kottayam Market,rice,2021-03-26,80.5,2669,Agmarknet via CEDA
Alappuzha,Alappuzha Mandi,rice,2021-03-30,134.5,2642,Agmarknet via CEDA
Alappuzha,Harippad Market,rice,2021-03-30,77.6,2645,Agmarknet via CEDA
Alappuzha,Ambalapuzha Market,rice,2021-03-30,113.8,2630,Agmarknet via CEDA
Kottayam,Changanassery Market,rice,2021-03-30,185.3,2593,Agmarknet via CEDA
Kottayam,Kottayam Market,rice,2021-03-30,119.9,2608,Agmarknet via CEDA
Alappuzha,Alappuzha Mandi,rice,2021-04-01,149.2,2579,Agmarknet via CEDA
Alappuzha,Harippad Market,rice,2021-04-01,55.4,2709,Agmarknet via CEDA
Alappuzha,Ambalapuzha Market,rice,2021-04-01,79.7,2603,Agmarknet via CEDA
Kottayam,Changanassery Market,rice,2021-04-01,144.4,2639,Agmarknet via CEDA
Kottayam,Kottayam Market,rice,2021-04-01,56.4,2667,Agmarknet via CEDA
Alappuzha,Alappuzha Mandi,rice,2021-04-03,118.1,2622,Agmarknet via CEDA
Alappuzha,Harippad Market,rice,2021-04-03,54.5,2707,Agmarknet via CEDA
Alappuzha,Ambalapuzha Market,rice,2021-04-03,72.9,2679,Agmarknet via CEDA
Kottayam,Changanassery Market,rice,2021-04-03,147.7,2560,Agmarknet via CEDA
Kottayam,Kottayam Market,rice,2021-04-03,82.9,2630,Agmarknet via CEDA
Alappuzha,Alappuzha Mandi,rice,2021-04-05,103.4,2636,Agmarknet via CEDA
Alappuzha,Harippad Market,rice,2021-04-05,87.3,2672,Agmarknet via CEDA
Alappuzha,Ambalapuzha Market,rice,2021-04-05,55.1,2687,Agmarknet via CEDA
Kottayam,Changanassery Market,rice,2021-04-05,121.4,2620,Agmarknet via CEDA
Kottayam,Kottayam Market,rice,2021-04-05,74.5,2648,Agmarknet via CEDA
Alappuzha,Alappuzha Mandi,rice,2021-04-07,127.7,2660,Agmarknet via CEDA
Alappuzha,Harippad Market,rice,2021-04-07,73.0,2657,Agmarknet via CEDA
Alappuzha,Ambalapuzha Market,rice,2021-04-07,74.2,2683,Agmarknet via CEDA
Kottayam,Changanassery Market,rice,2021-04-07,106.6,2627,Agmarknet via CEDA
Kottayam,Kottayam Market,rice,2021-04-07,64.9,2633,Agmarknet via CEDA
Alappuzha,Alappuzha Mandi,rice,2021-04-09,125.0,2568,Agmarknet via CEDA
Alappuzha,Harippad Market,rice,2021-04-09,81.0,2662,Agmarknet via CEDA
Alappuzha,Ambalapuzha Market,rice,2021-04-09,76.5,2676,Agmarknet via CEDA
Kottayam,Changanassery Market,rice,2021-04-09,115.1,2661,Agmarknet via CEDA
Kottayam,Kottayam Market,rice,2021-04-09,85.1,2648,Agmarknet via CEDA
Alappuzha,Alappuzha Mandi,rice,2021-04-13,138.6,2597,Agmarknet via CEDA
Alappuzha,Harippad Market,rice,2021-04-13,87.1,2655,Agmarknet via CEDA
Alappuzha,Ambalapuzha Market,rice,2021-04-13,65.8,2639,Agmarknet via CEDA
Kottayam,Changanassery Market,rice,2021-04-13,148.2,2603,Agmarknet via CEDA
Kottayam,Kottayam Market,rice,2021-04-13,68.9,2670,Agmarknet via CEDA
Alappuzha,Alappuzha Mandi,rice,2021-04-15,114.9,2622,Agmarknet via CEDA
Alappuzha,Harippad Market,rice,2021-04-15,82.8,2650,Agmarknet via CEDA
Alappuzha,Ambalapuzha Market,rice,2021-04-15,81.0,2691,Agmarknet via CEDA
Kottayam,Changanassery Market,rice,2021-04-15,146.7,2605,Agmarknet via CEDA
Kottayam,Kottayam Market,rice,2021-04-15,82.2,2644,Agmarknet via CEDA
Alappuzha,Alappuzha Mandi,rice,2021-04-17,97.7,2599,Agmarknet via CEDA
Alappuzha,Harippad Market,rice,2021-04-17,85.9,2615,Agmarknet via CEDA
Alappuzha,Ambalapuzha Market,rice,2021-04-17,76.0,2671,Agmarknet via CEDA
Kottayam,Changanassery Market,rice,2021-04-17,127.1,2593,Agmarknet via CEDA
Kottayam,Kottayam Market,rice,2021-04-17,76.0,2650,Agmarknet via CEDA
Alappuzha,Alappuzha Mandi,rice,2021-04-19,121.2,2622,Agmarknet via CEDA
Alappuzha,Harippad Market,rice,2021-04-19,82.3,2691,Agmarknet via CEDA
Alappuzha,Ambalapuzha Market,rice,2021-04-19,71.8,2687,Agmarknet via CEDA
Kottayam,Changanassery Market,rice,2021-04-19,114.2,2629,Agmarknet via CEDA
Kottayam,Kottayam Market,rice,2021-04-19,57.2,2711,Agmarknet via CEDA
Alappuzha,Alappuzha Mandi,rice,2021-04-21,102.8,2657,Agmarknet via CEDA
Alappuzha,Harippad Market,rice,2021-04-21,57.3,2630,Agmarknet via CEDA
Alappuzha,Ambalapuzha Market,rice,2021-04-21,67.8,2700,Agmarknet via CEDA
Kottayam,Changanassery Market,rice,2021-04-21,144.2,2604,Agmarknet via CEDA
Kottayam,Kottayam Market,rice,2021-04-21,79.9,2600,Agmarknet via CEDA
Alappuzha,Alappuzha Mandi,rice,2021-04-23,113.8,2650,Agmarknet via CEDA
Alappuzha,Harippad Market,rice,2021-04-23,85.7,2657,Agmarknet via CEDA
Alappuzha,Ambalapuzha Market,rice,2021-04-23,57.6,2673,Agmarknet via CEDA
Kottayam,Changanassery Market,rice,2021-04-23,105.5,2652,Agmarknet via CEDA
Kottayam,Kottayam Market,rice,2021-04-23,68.6,2664,Agmarknet via CEDA
Alappuzha,Alappuzha Mandi,rice,2021-04-27,109.7,2639,Agmarknet via CEDA
Alappuzha,Harippad Market,rice,2021-04-27,74.7,2655,Agmarknet via CEDA
Alappuzha,Ambalapuzha Market,rice,2021-04-27,57.0,2672,Agmarknet via CEDA
Kottayam,Changanassery Market,rice,2021-04-27,97.7,2611,Agmarknet via CEDA
Kottayam,Kottayam Market,rice,2021-04-27,64.6,2679,Agmarknet via CEDA
Alappuzha,Alappuzha Mandi,rice,2021-04-29,143.8,2651,Agmarknet via CEDA
Alappuzha,Harippad Market,rice,2021-04-29,58.5,2664,Agmarknet via CEDA
Alappuzha,Ambalapuzha Market,rice,2021-04-29,59.2,2651,Agmarknet via CEDA
Kottayam,Changanassery Market,rice,2021-04-29,95.3,2627,Agmarknet via CEDA
Kottayam,Kottayam Market,rice,2021-04-29,56.7,2638,Agmarknet via CEDA
Alappuzha,Alappuzha Mandi,rice,2021-05-01,22.4,2698,Agmarknet via CEDA
Alappuzha,Harippad Market,rice,2021-05-01,14.0,2708,Agmarknet via CEDA
Alappuzha,Ambalapuzha Market,rice,2021-05-01,16.1,2709,Agmarknet via CEDA
Kottayam,Changanassery Market,rice,2021-05-01,25.5,2722,Agmarknet via CEDA
Kottayam,Kottayam Market,rice,2021-05-01,15.7,2693,Agmarknet via CEDA
Alappuzha,Alappuzha Mandi,rice,2021-05-03,20.2,2691,Agmarknet via CEDA
Alappuzha,Harippad Market,rice,2021-05-03,13.9,2679,Agmarknet via CEDA
Alappuzha,Ambalapuzha Market,rice,2021-05-03,14.8,2694,Agmarknet via CEDA
Kottayam,Changanassery Market,rice,2021-05-03,27.0,2644,Agmarknet via CEDA
Kottayam,Kottayam Market,rice,2021-05-03,10.8,2734,Agmarknet via CEDA
Alappuzha,Alappuzha Mandi,rice,2021-05-05,28.7,2673,Agmarknet via CEDA
Alappuzha,Harippad Market,rice,2021-05-05,14.1,2686,Agmarknet via CEDA
Alappuzha,Ambalapuzha Market,rice,2021-05-05,13.6,2712,Agmarknet via CEDA
Kottayam,Changanassery Market,rice,2021-05-05,24.4,2681,Agmarknet via CEDA
Kottayam,Kottayam Market,rice,2021-05-05,13.1,2688,Agmarknet via CEDA
Alappuzha,Alappuzha Mandi,rice,2021-05-07,18.2,2680,Agmarknet via CEDA
Alappuzha,Harippad Market,rice,2021-05-07,12.8,2695,Agmarknet via CEDA
Alappuzha,Ambalapuzha Market,rice,2021-05-07,11.3,2718,Agmarknet via CEDA
Kottayam,Changanassery Market,rice,2021-05-07,26.1,2723,Agmarknet via CEDA
Kottayam,Kottayam Market,rice,2021-05-07,16.0,2687,Agmarknet via CEDA
Alappuzha,Alappuzha Mandi,rice,2021-05-11,24.4,2701,Agmarknet via CEDA
Alappuzha,Harippad Market,rice,2021-05-11,14.6,2699,Agmarknet via CEDA
Alappuzha,Ambalapuzha Market,rice,2021-05-11,11.4,2752,Agmarknet via CEDA
Kottayam,Changanassery Market,rice,2021-05-11,21.4,2739,Agmarknet via CEDA
Kottayam,Kottayam Market,rice,2021-05-11,14.5,2677,Agmarknet via CEDA
Alappuzha,Alappuzha Mandi,rice,2021-05-13,22.3,2704,Agmarknet via CEDA
Alappuzha,Harippad Market,rice,2021-05-13,12.2,2715,Agmarknet via CEDA
Alappuzha,Ambalapuzha Market,rice,2021-05-13,11.2,2701,Agmarknet via CEDA
Kottayam,Changanassery Market,rice,2021-05-13,19.9,2689,Agmarknet via CEDA
Kottayam,Kottayam Market,rice,2021-05-13,11.8,2691,Agmarknet via CEDA
Alappuzha,Alappuzha Mandi,rice,2021-05-15,28.8,2684,Agmarknet via CEDA
Alappuzha,Harippad Market,rice,2021-05-15,11.1,2650,Agmarknet via CEDA
Alappuzha,Ambalapuzha Market,rice,2021-05-15,17.4,2724,Agmarknet via CEDA
Kottayam,Changanassery Market,rice,2021-05-15,19.3,2715,Agmarknet via CEDA
Kottayam,Kottayam Market,rice,2021-05-15,16.6,2706,Agmarknet via CEDA
Alappuzha,Alappuzha Mandi,rice,2021-05-17,27.8,2680,Agmarknet via CEDA
Alappuzha,Harippad Market,rice,2021-05-17,15.2,2696,Agmarknet via CEDA
Alappuzha,Ambalapuzha Market,rice,2021-05-17,17.0,2759,Agmarknet via CEDA
Kottayam,Changanassery Market,rice,2021-05-17,21.4,2744,Agmarknet via CEDA
Kottayam,Kottayam Market,rice,2021-05-17,15.9,2694,Agmarknet via CEDA
Alappuzha,Alappuzha Mandi,rice,2021-05-19,23.1,2677,Agmarknet via CEDA
Alappuzha,Harippad Market,rice,2021-05-19,14.1,2699,Agmarknet via CEDA
Alappuzha,Ambalapuzha Market,rice,2021-05-19,14.8,2702,Agmarknet via CEDA
Kottayam,Changanassery Market,rice,2021-05-19,21.5,2675,Agmarknet via CEDA
Kottayam,Kottayam Market,rice,2021-05-19,13.9,2717,Agmarknet via CEDA
Alappuzha,Alappuzha Mandi,rice,2021-05-21,24.4,2698,Agmarknet via CEDA
Alappuzha,Harippad Market,rice,2021-05-21,11.4,2702,Agmarknet via CEDA
Alappuzha,Ambalapuzha Market,rice,2021-05-21,10.9,2698,Agmarknet via CEDA
Kottayam,Changanassery Market,rice,2021-05-21,26.2,2719,Agmarknet via CEDA
Kottayam,Kottayam Market,rice,2021-05-21,15.8,2690,Agmarknet via CEDA
Alappuzha,Alappuzha Mandi,rice,2021-05-25,22.9,2763,Agmarknet via CEDA
Alappuzha,Harippad Market,rice,2021-05-25,12.9,2715,Agmarknet via CEDA
Alappuzha,Ambalapuzha Market,rice,2021-05-25,11.8,2714,Agmarknet via CEDA
Kottayam,Changanassery Market,rice,2021-05-25,18.8,2718,Agmarknet via CEDA
Kottayam,Kottayam Market,rice,2021-05-25,16.4,2748,Agmarknet via CEDA
Alappuzha,Alappuzha Mandi,rice,2021-05-27,19.7,2690,Agmarknet via CEDA
Alappuzha,Harippad Market,rice,2021-05-27,11.6,2727,Agmarknet via CEDA
Alappuzha,Ambalapuzha Market,rice,2021-05-27,11.6,2726,Agmarknet via CEDA
Kottayam,Changanassery Market,rice,2021-05-27,24.3,2727,Agmarknet via CEDA
Kottayam,Kottayam Market,rice,2021-05-27,13.0,2704,Agmarknet via CEDA
Alappuzha,Alappuzha Mandi,rice,2021-05-29,27.8,2722,Agmarknet via CEDA
Alappuzha,Harippad Market,rice,2021-05-29,13.6,2694,Agmarknet via CEDA
Alappuzha,Ambalapuzha Market,rice,2021-05-29,12.6,2656,Agmarknet via CEDA
Kottayam,Changanassery Market,rice,2021-05-29,27.0,2660,Agmarknet via CEDA
Kottayam,Kottayam Market,rice,2021-05-29,16.8,2708,Agmarknet via CEDA
Alappuzha,Alappuzha Mandi,rice,2021-05-31,22.6,2725,Agmarknet via CEDA
Alappuzha,Harippad Market,rice,2021-05-31,14.9,2712,Agmarknet via CEDA
Alappuzha,Ambalapuzha Market,rice,2021-05-31,11.3,2717,Agmarknet via CEDA
Kottayam,Changanassery Market,rice,2021-05-31,22.0,2718,Agmarknet via CEDA
Kottayam,Kottayam Market,rice,2021-05-31,11.5,2725,Agmarknet via CEDA
Alappuzha,Alappuzha Mandi,rice,2021-06-02,24.4,2732,Agmarknet via CEDA
Alappuzha,Harippad Market,rice,2021-06-02,16.8,2696,Agmarknet via CEDA
Alappuzha,Ambalapuzha Market,rice,2021-06-02,12.7,2721,Agmarknet via CEDA
Kottayam,Changanassery Market,rice,2021-06-02,21.0,2742,Agmarknet via CEDA
Kottayam,Kottayam Market,rice,2021-06-02,16.6,2718,Agmarknet via CEDA
Alappuzha,Alappuzha Mandi,rice,2021-06-04,22.1,2735,Agmarknet via CEDA
Alappuzha,Harippad Market,rice,2021-06-04,11.5,2701,Agmarknet via CEDA
Alappuzha,Ambalapuzha Market,rice,2021-06-04,12.1,2736,Agmarknet via CEDA
Kottayam,Changanassery Market,rice,2021-06-04,25.7,2724,Agmarknet via CEDA
Kottayam,Kottayam Market,rice,2021-06-04,15.4,2668,Agmarknet via CEDA
Alappuzha,Alappuzha Mandi,rice,2021-06-08,22.1,2710,Agmarknet via CEDA
Alappuzha,Harippad Market,rice,2021-06-08,11.8,2716,Agmarknet via CEDA
Alappuzha,Ambalapuzha Market,rice,2021-06-08,13.3,2732,Agmarknet via CEDA
Kottayam,Changanassery Market,rice,2021-06-08,23.5,2707,Agmarknet via CEDA
Kottayam,Kottayam Market,rice,2021-06-08,14.8,2776,Agmarknet via CEDA
Alappuzha,Alappuzha Mandi,rice,2021-06-10,18.2,2751,Agmarknet via CEDA
Alappuzha,Harippad Market,rice,2021-06-10,17.0,2722,Agmarknet via CEDA
Alappuzha,Ambalapuzha Market,rice,2021-06-10,15.5,2715,Agmarknet via CEDA
Kottayam,Changanassery Market,rice,2021-06-10,25.3,2672,Agmarknet via CEDA
Kottayam,Kottayam Market,rice,2021-06-10,13.5,2715,Agmarknet via CEDA
Alappuzha,Alappuzha Mandi,rice,2021-06-12,29.1,2700,Agmarknet via CEDA
Alappuzha,Harippad Market,rice,2021-06-12,13.7,2774,Agmarknet via CEDA
Alappuzha,Ambalapuzha Market,rice,2021-06-12,13.3,2724,Agmarknet via CEDA
Kottayam,Changanassery Market,rice,2021-06-12,18.7,2733,Agmarknet via CEDA
Kottayam,Kottayam Market,rice,2021-06-12,10.5,2699,Agmarknet via CEDA
Alappuzha,Alappuzha Mandi,rice,2021-06-14,22.0,2725,Agmarknet via CEDA
Alappuzha,Harippad Market,rice,2021-06-14,16.9,2650,Agmarknet via CEDA
Alappuzha,Ambalapuzha Market,rice,2021-06-14,12.9,2743,Agmarknet via CEDA
Kottayam,Changanassery Market,rice,2021-06-14,23.4,2682,Agmarknet via CEDA
Kottayam,Kottayam Market,rice,2021-06-14,12.1,2684,Agmarknet via CEDA
Alappuzha,Alappuzha Mandi,rice,2021-06-16,20.1,2701,Agmarknet via CEDA
Alappuzha,Harippad Market,rice,2021-06-16,14.0,2730,Agmarknet via CEDA
Alappuzha,Ambalapuzha Market,rice,2021-06-16,13.0,2707,Agmarknet via CEDA
Kottayam,Changanassery Market,rice,2021-06-16,25.0,2675,Agmarknet via CEDA
Kottayam,Kottayam Market,rice,2021-06-16,17.2,2720,Agmarknet via CEDA
Alappuzha,Alappuzha Mandi,rice,2021-06-18,19.8,2685,Agmarknet via CEDA
Alappuzha,Harippad Market,rice,2021-06-18,17.5,2703,Agmarknet via CEDA
Alappuzha,Ambalapuzha Market,rice,2021-06-18,14.0,2693,Agmarknet via CEDA
Kottayam,Changanassery Market,rice,2021-06-18,27.0,2703,Agmarknet via CEDA
Kottayam,Kottayam Market,rice,2021-06-18,12.0,2709,Agmarknet via CEDA
Alappuzha,Alappuzha Mandi,rice,2021-06-22,20.3,2709,Agmarknet via CEDA
Alappuzha,Harippad Market,rice,2021-06-22,10.8,2777,Agmarknet via CEDA
Alappuzha,Ambalapuzha Market,rice,2021-06-22,11.0,2685,Agmarknet via CEDA
Kottayam,Changanassery Market,rice,2021-06-22,27.3,2734,Agmarknet via CEDA
Kottayam,Kottayam Market,rice,2021-06-22,13.6,2644,Agmarknet via CEDA
Alappuzha,Alappuzha Mandi,rice,2021-06-24,22.8,2673,Agmarknet via CEDA
Alappuzha,Harippad Market,rice,2021-06-24,11.8,2717,Agmarknet via CEDA
Alappuzha,Ambalapuzha Market,rice,2021-06-24,16.5,2704,Agmarknet via CEDA
Kottayam,Changanassery Market,rice,2021-06-24,21.2,2717,Agmarknet via CEDA
Kottayam,Kottayam Market,rice,2021-06-24,15.0,2700,Agmarknet via CEDA
Alappuzha,Alappuzha Mandi,rice,2021-06-26,19.9,2703,Agmarknet via CEDA
Alappuzha,Harippad Market,rice,2021-06-26,15.5,2707,Agmarknet via CEDA
Alappuzha,Ambalapuzha Market,rice,2021-06-26,12.1,2712,Agmarknet via CEDA
Kottayam,Changanassery Market,rice,2021-06-26,20.8,2707,Agmarknet via CEDA
Kottayam,Kottayam Market,rice,2021-06-26,11.7,2709,Agmarknet via CEDA
Alappuzha,Alappuzha Mandi,rice,2021-06-28,25.8,2691,Agmarknet via CEDA
Alappuzha,Harippad Market,rice,2021-06-28,12.2,2706,Agmarknet via CEDA
Alappuzha,Ambalapuzha Market,rice,2021-06-28,15.6,2715,Agmarknet via CEDA
Kottayam,Changanassery Market,rice,2021-06-28,22.8,2709,Agmarknet via CEDA
Kottayam,Kottayam Market,rice,2021-06-28,15.2,2693,Agmarknet via CEDA
Alappuzha,Alappuzha Mandi,rice,2021-06-30,28.8,2674,Agmarknet via CEDA
Alappuzha,Harippad Market,rice,2021-06-30,10.6,2671,Agmarknet via CEDA
Alappuzha,Ambalapuzha Market,rice,2021-06-30,16.7,2752,Agmarknet via CEDA
Kottayam,Changanassery Market,rice,2021-06-30,27.8,2667,Agmarknet via CEDA
Kottayam,Kottayam Market,rice,2021-06-30,13.2,2690,Agmarknet via CEDA
Alappuzha,Alappuzha Mandi,rice,2021-07-02,25.1,2720,Agmarknet via CEDA
Alappuzha,Harippad Market,rice,2021-07-02,13.4,2675,Agmarknet via CEDA
Alappuzha,Ambalapuzha Market,rice,2021-07-02,14.4,2666,Agmarknet via CEDA
Kottayam,Changanassery Market,rice,2021-07-02,29.4,2683,Agmarknet via CEDA
Kottayam,Kottayam Market,rice,2021-07-02,15.8,2733,Agmarknet via CEDA
Alappuzha,Alappuzha Mandi,rice,2021-07-06,27.6,2698,Agmarknet via CEDA
Alappuzha,Harippad Market,rice,2021-07-06,13.5,2764,Agmarknet via CEDA
Alappuzha,Ambalapuzha Market,rice,2021-07-06,12.3,2728,Agmarknet via CEDA
Kottayam,Changanassery Market,rice,2021-07-06,19.7,2673,Agmarknet via CEDA
Kottayam,Kottayam Market,rice,2021-07-06,12.4,2714,Agmarknet via CEDA
Alappuzha,Alappuzha Mandi,rice,2021-07-08,18.2,2666,Agmarknet via CEDA
Alappuzha,Harippad Market,rice,2021-07-08,14.4,2724,Agmarknet via CEDA
Alappuzha,Ambalapuzha Market,rice,2021-07-08,15.1,2697,Agmarknet via CEDA
Kottayam,Changanassery Market,rice,2021-07-08,18.1,2720,Agmarknet via CEDA
Kottayam,Kottayam Market,rice,2021-07-08,11.5,2753,Agmarknet via CEDA
Alappuzha,Alappuzha Mandi,rice,2021-07-10,26.0,2739,Agmarknet via CEDA
Alappuzha,Harippad Market,rice,2021-07-10,11.7,2708,Agmarknet via CEDA
Alappuzha,Ambalapuzha Market,rice,2021-07-10,13.2,2731,Agmarknet via CEDA
Kottayam,Changanassery Market,rice,2021-07-10,24.2,2693,Agmarknet via CEDA
Kottayam,Kottayam Market,rice,2021-07-10,14.7,2714,Agmarknet via CEDA
Alappuzha,Alappuzha Mandi,rice,2021-07-12,20.9,2666,Agmarknet via CEDA
Alappuzha,Harippad Market,rice,2021-07-12,13.0,2691,Agmarknet via CEDA
Alappuzha,Ambalapuzha Market,rice,2021-07-12,15.5,2723,Agmarknet via CEDA
Kottayam,Changanassery Market,rice,2021-07-12,23.7,2658,Agmarknet via CEDA
Kottayam,Kottayam Market,rice,2021-07-12,15.1,2712,Agmarknet via CEDA
Alappuzha,Alappuzha Mandi,rice,2021-07-14,20.6,2709,Agmarknet via CEDA
Alappuzha,Harippad Market,rice,2021-07-14,10.7,2728,Agmarknet via CEDA
Alappuzha,Ambalapuzha Market,rice,2021-07-14,10.9,2675,Agmarknet via CEDA
Kottayam,Changanassery Market,rice,2021-07-14,24.0,2659,Agmarknet via CEDA
Kottayam,Kottayam Market,rice,2021-07-14,15.9,2733,Agmarknet via CEDA
Alappuzha,Alappuzha Mandi,rice,2021-07-16,19.3,2710,Agmarknet via CEDA
Alappuzha,Harippad Market,rice,2021-07-16,14.0,2702,Agmarknet via CEDA
Alappuzha,Ambalapuzha Market,rice,2021-07-16,15.3,2670,Agmarknet via CEDA
Kottayam,Changanassery Market,rice,2021-07-16,27.8,2688,Agmarknet via CEDA
Kottayam,Kottayam Market,rice,2021-07-16,16.1,2681,Agmarknet via CEDA
Alappuzha,Alappuzha Mandi,rice,2021-07-20,25.1,2724,Agmarknet via CEDA
Alappuzha,Harippad Market,rice,2021-07-20,13.0,2678,Agmarknet via CEDA
Alappuzha,Ambalapuzha Market,rice,2021-07-20,14.3,2704,Agmarknet via CEDA
Kottayam,Changanassery Market,rice,2021-07-20,28.5,2718,Agmarknet via CEDA
Kottayam,Kottayam Market,rice,2021-07-20,15.1,2725,Agmarknet via CEDA
Alappuzha,Alappuzha Mandi,rice,2021-07-22,26.3,2688,Agmarknet via CEDA
Alappuzha,Harippad Market,rice,2021-07-22,13.9,2726,Agmarknet via CEDA
Alappuzha,Ambalapuzha Market,rice,2021-07-22,12.0,2732,Agmarknet via CEDA
Kottayam,Changanassery Market,rice,2021-07-22,18.4,2710,Agmarknet via CEDA
Kottayam,Kottayam Market,rice,2021-07-22,15.4,2720,Agmarknet via CEDA
Alappuzha,Alappuzha Mandi,rice,2021-07-24,29.7,2691,Agmarknet via CEDA
Alappuzha,Harippad Market,rice,2021-07-24,17.1,2736,Agmarknet via CEDA
Alappuzha,Ambalapuzha Market,rice,2021-07-24,16.4,2706,Agmarknet via CEDA
Kottayam,Changanassery Market,rice,2021-07-24,21.8,2668,Agmarknet via CEDA
Kottayam,Kottayam Market,rice,2021-07-24,11.3,2725,Agmarknet via CEDA
Alappuzha,Alappuzha Mandi,rice,2021-07-26,18.9,2680,Agmarknet via CEDA
Alappuzha,Harippad Market,rice,2021-07-26,15.6,2741,Agmarknet via CEDA
Alappuzha,Ambalapuzha Market,rice,2021-07-26,11.0,2723,Agmarknet via CEDA
Kottayam,Changanassery Market,rice,2021-07-26,27.5,2650,Agmarknet via CEDA
Kottayam,Kottayam Market,rice,2021-07-26,12.7,2733,Agmarknet via CEDA
Alappuzha,Alappuzha Mandi,rice,2021-07-28,25.4,2707,Agmarknet via CEDA
Alappuzha,Harippad Market,rice,2021-07-28,12.1,2730,Agmarknet via CEDA
Alappuzha,Ambalapuzha Market,rice,2021-07-28,16.1,2709,Agmarknet via CEDA
Kottayam,Changanassery Market,rice,2021-07-28,30.0,2727,Agmarknet via CEDA
Kottayam,Kottayam Market,rice,2021-07-28,13.3,2694,Agmarknet via CEDA
Alappuzha,Alappuzha Mandi,rice,2021-07-30,23.8,2725,Agmarknet via CEDA
Alappuzha,Harippad Market,rice,2021-07-30,17.4,2715,Agmarknet via CEDA
Alappuzha,Ambalapuzha Market,rice,2021-07-30,15.9,2666,Agmarknet via CEDA
Kottayam,Changanassery Market,rice,2021-07-30,26.9,2655,Agmarknet via CEDA
Kottayam,Kottayam Market,rice,2021-07-30,12.2,2704,Agmarknet via CEDA
Alappuzha,Alappuzha Mandi,rice,2021-08-03,21.4,2684,Agmarknet via CEDA
Alappuzha,Harippad Market,rice,2021-08-03,12.6,2663,Agmarknet via CEDA
Alappuzha,Ambalapuzha Market,rice,2021-08-03,15.3,2679,Agmarknet via CEDA
Kottayam,Changanassery Market,rice,2021-08-03,20.6,2700,Agmarknet via CEDA
Kottayam,Kottayam Market,rice,2021-08-03,16.7,2687,Agmarknet via CEDA
Alappuzha,Alappuzha Mandi,rice,2021-08-05,29.3,2755,Agmarknet via CEDA
Alappuzha,Harippad Market,rice,2021-08-05,11.7,2695,Agmarknet via CEDA
Alappuzha,Ambalapuzha Market,rice,2021-08-05,17.4,2736,Agmarknet via CEDA
Kottayam,Changanassery Market,rice,2021-08-05,24.2,2742,Agmarknet via CEDA
Kottayam,Kottayam Market,rice,2021-08-05,12.1,2699,Agmarknet via CEDA
Alappuzha,Alappuzha Mandi,rice,2021-08-07,20.2,2690,Agmarknet via CEDA
Alappuzha,Harippad Market,rice,2021-08-07,16.0,2696,Agmarknet via CEDA
Alappuzha,Ambalapuzha Market,rice,2021-08-07,17.3,2703,Agmarknet via CEDA
Kottayam,Changanassery Market,rice,2021-08-07,28.6,2688,Agmarknet via CEDA
Kottayam,Kottayam Market,rice,2021-08-07,15.8,2679,Agmarknet via CEDA
Alappuzha,Alappuzha Mandi,rice,2021-08-09,26.4,2708,Agmarknet via CEDA
Alappuzha,Harippad Market,rice,2021-08-09,12.1,2702,Agmarknet via CEDA
Alappuzha,Ambalapuzha Market,rice,2021-08-09,12.1,2771,Agmarknet via CEDA
Kottayam,Changanassery Market,rice,2021-08-09,25.0,2724,Agmarknet via CEDA
Kottayam,Kottayam Market,rice,2021-08-09,11.1,2704,Agmarknet via CEDA
Alappuzha,Alappuzha Mandi,rice,2021-08-11,19.6,2720,Agmarknet via CEDA
Alappuzha,Harippad Market,rice,2021-08-11,16.7,2721,Agmarknet via CEDA
Alappuzha,Ambalapuzha Market,rice,2021-08-11,14.4,2737,Agmarknet via CEDA
Kottayam,Changanassery Market,rice,2021-08-11,19.0,2662,Agmarknet via CEDA
Kottayam,Kottayam Market,rice,2021-08-11,12.3,2680,Agmarknet via CEDA
Alappuzha,Alappuzha Mandi,rice,2021-08-13,26.7,2678,Agmarknet via CEDA
Alappuzha,Harippad Market,rice,2021-08-13,12.0,2712,Agmarknet via CEDA
Alappuzha,Ambalapuzha Market,rice,2021-08-13,15.3,2622,Agmarknet via CEDA
Kottayam,Changanassery Market,rice,2021-08-13,25.1,2679,Agmarknet via CEDA
Kottayam,Kottayam Market,rice,2021-08-13,16.3,2741,Agmarknet via CEDA
Alappuzha,Alappuzha Mandi,rice,2021-08-17,24.8,2673,Agmarknet via CEDA
Alappuzha,Harippad Market,rice,2021-08-17,12.4,2717,Agmarknet via CEDA
Alappuzha,Ambalapuzha Market,rice,2021-08-17,15.1,2717,Agmarknet via CEDA
Kottayam,Changanassery Market,rice,2021-08-17,28.2,2708,Agmarknet via CEDA
Kottayam,Kottayam Market,rice,2021-08-17,16.4,2726,Agmarknet via CEDA
Alappuzha,Alappuzha Mandi,rice,2021-08-19,26.4,2725,Agmarknet via CEDA
Alappuzha,Harippad Market,rice,2021-08-19,15.8,2747,Agmarknet via CEDA
Alappuzha,Ambalapuzha Market,rice,2021-08-19,11.6,2703,Agmarknet via CEDA
Kottayam,Changanassery Market,rice,2021-08-19,26.9,2678,Agmarknet via CEDA
Kottayam,Kottayam Market,rice,2021-08-19,11.6,2723,Agmarknet via CEDA
Alappuzha,Alappuzha Mandi,rice,2021-08-21,24.1,2712,Agmarknet via CEDA
Alappuzha,Harippad Market,rice,2021-08-21,10.5,2734,Agmarknet via CEDA
Alappuzha,Ambalapuzha Market,rice,2021-08-21,17.4,2670,Agmarknet via CEDA
Kottayam,Changanassery Market,rice,2021-08-21,25.6,2719,Agmarknet via CEDA
Kottayam,Kottayam Market,rice,2021-08-21,14.3,2676,Agmarknet via CEDA
Alappuzha,Alappuzha Mandi,rice,2021-08-23,27.4,2705,Agmarknet via CEDA
Alappuzha,Harippad Market,rice,2021-08-23,14.3,2700,Agmarknet via CEDA
Alappuzha,Ambalapuzha Market,rice,2021-08-23,17.2,2738,Agmarknet via CEDA
Kottayam,Changanassery Market,rice,2021-08-23,29.2,2661,Agmarknet via CEDA
Kottayam,Kottayam Market,rice,2021-08-23,11.2,2717,Agmarknet via CEDA
Alappuzha,Alappuzha Mandi,rice,2021-08-25,18.8,2716,Agmarknet via CEDA
Alappuzha,Harippad Market,rice,2021-08-25,12.6,2702,Agmarknet via CEDA
Alappuzha,Ambalapuzha Market,rice,2021-08-25,14.6,2714,Agmarknet via CEDA
Kottayam,Changanassery Market,rice,2021-08-25,22.2,2691,Agmarknet via CEDA
Kottayam,Kottayam Market,rice,2021-08-25,16.6,2711,Agmarknet via CEDA
Alappuzha,Alappuzha Mandi,rice,2021-08-27,29.7,2706,Agmarknet via CEDA
Alappuzha,Harippad Market,rice,2021-08-27,10.7,2700,Agmarknet via CEDA
Alappuzha,Ambalapuzha Market,rice,2021-08-27,10.7,2710,Agmarknet via CEDA
Kottayam,Changanassery Market,rice,2021-08-27,27.2,2648,Agmarknet via CEDA
Kottayam,Kottayam Market,rice,2021-08-27,15.3,2666,Agmarknet via CEDA
Alappuzha,Alappuzha Mandi,rice,2021-08-31,30.0,2686,Agmarknet via CEDA
Alappuzha,Harippad Market,rice,2021-08-31,13.5,2680,Agmarknet via CEDA
Alappuzha,Ambalapuzha Market,rice,2021-08-31,16.1,2704,Agmarknet via CEDA
Kottayam,Changanassery Market,rice,2021-08-31,26.3,2728,Agmarknet via CEDA
Kottayam,Kottayam Market,rice,2021-08-31,12.4,2744,Agmarknet via CEDA
Alappuzha,Alappuzha Mandi,rice,2021-09-02,95.6,2635,Agmarknet via CEDA
Alappuzha,Harippad Market,rice,2021-09-02,55.6,2646,Agmarknet via CEDA
Alappuzha,Ambalapuzha Market,rice,2021-09-02,43.7,2654,Agmarknet via CEDA
Kottayam,Changanassery Market,rice,2021-09-02,69.2,2705,Agmarknet via CEDA
Kottayam,Kottayam Market,rice,2021-09-02,56.5,2696,Agmarknet via CEDA
Alappuzha,Alappuzha Mandi,rice,2021-09-04,67.5,2659,Agmarknet via CEDA
Alappuzha,Harippad Market,rice,2021-09-04,39.0,2691,Agmarknet via CEDA
Alappuzha,Ambalapuzha Market,rice,2021-09-04,42.5,2680,Agmarknet via CEDA
Kottayam,Changanassery Market,rice,2021-09-04,92.2,2656,Agmarknet via CEDA
Kottayam,Kottayam Market,rice,2021-09-04,38.3,2689,Agmarknet via CEDA
Alappuzha,Alappuzha Mandi,rice,2021-09-06,92.4,2661,Agmarknet via CEDA
Alappuzha,Harippad Market,rice,2021-09-06,53.3,2695,Agmarknet via CEDA
Alappuzha,Ambalapuzha Market,rice,2021-09-06,51.4,2655,Agmarknet via CEDA
Kottayam,Changanassery Market,rice,2021-09-06,59.8,2679,Agmarknet via CEDA
Kottayam,Kottayam Market,rice,2021-09-06,55.1,2706,Agmarknet via CEDA
Alappuzha,Alappuzha Mandi,rice,2021-09-08,77.3,2669,Agmarknet via CEDA
Alappuzha,Harippad Market,rice,2021-09-08,36.8,2700,Agmarknet via CEDA
Alappuzha,Ambalapuzha Market,rice,2021-09-08,43.9,2666,Agmarknet via CEDA
Kottayam,Changanassery Market,rice,2021-09-08,66.3,2647,Agmarknet via CEDA
Kottayam,Kottayam Market,rice,2021-09-08,47.4,2681,Agmarknet via CEDA
Alappuzha,Alappuzha Mandi,rice,2021-09-10,69.0,2647,Agmarknet via CEDA
Alappuzha,Harippad Market,rice,2021-09-10,44.5,2709,Agmarknet via CEDA
Alappuzha,Ambalapuzha Market,rice,2021-09-10,34.4,2688,Agmarknet via CEDA
Kottayam,Changanassery Market,rice,2021-09-10,77.2,2639,Agmarknet via CEDA
Kottayam,Kottayam Market,rice,2021-09-10,47.8,2707,Agmarknet via CEDA
Alappuzha,Alappuzha Mandi,rice,2021-09-14,92.0,2616,Agmarknet via CEDA
Alappuzha,Harippad Market,rice,2021-09-14,51.9,2677,Agmarknet via CEDA
Alappuzha,Ambalapuzha Market,rice,2021-09-14,36.5,2677,Agmarknet via CEDA
Kottayam,Changanassery Market,rice,2021-09-14,67.9,2724,Agmarknet via CEDA
Kottayam,Kottayam Market,rice,2021-09-14,50.1,2679,Agmarknet via CEDA
Alappuzha,Alappuzha Mandi,rice,2021-09-16,80.3,2632,Agmarknet via CEDA
Alappuzha,Harippad Market,rice,2021-09-16,42.1,2687,Agmarknet via CEDA
Alappuzha,Ambalapuzha Market,rice,2021-09-16,34.9,2688,Agmarknet via CEDA
Kottayam,Changanassery Market,rice,2021-09-16,63.7,2650,Agmarknet via CEDA
Kottayam,Kottayam Market,rice,2021-09-16,47.0,2707,Agmarknet via CEDA
Alappuzha,Alappuzha Mandi,rice,2021-09-18,66.3,2681,Agmarknet via CEDA
Alappuzha,Harippad Market,rice,2021-09-18,37.9,2697,Agmarknet via CEDA
Alappuzha,Ambalapuzha Market,rice,2021-09-18,50.2,2659,Agmarknet via CEDA
Kottayam,Changanassery Market,rice,2021-09-18,59.7,2717,Agmarknet via CEDA
Kottayam,Kottayam Market,rice,2021-09-18,53.9,2685,Agmarknet via CEDA
Alappuzha,Alappuzha Mandi,rice,2021-09-20,86.3,2634,Agmarknet via CEDA
Alappuzha,Harippad Market,rice,2021-09-20,52.7,2704,Agmarknet via CEDA
Alappuzha,Ambalapuzha Market,rice,2021-09-20,35.9,2694,Agmarknet via CEDA
Kottayam,Changanassery Market,rice,2021-09-20,90.4,2669,Agmarknet via CEDA
Kottayam,Kottayam Market,rice,2021-09-20,44.4,2694,Agmarknet via CEDA
Alappuzha,Alappuzha Mandi,rice,2021-09-22,87.0,2703,Agmarknet via CEDA
Alappuzha,Harippad Market,rice,2021-09-22,36.0,2666,Agmarknet via CEDA
Alappuzha,Ambalapuzha Market,rice,2021-09-22,52.1,2664,Agmarknet via CEDA
Kottayam,Changanassery Market,rice,2021-09-22,84.2,2725,Agmarknet via CEDA
Kottayam,Kottayam Market,rice,2021-09-22,50.5,2677,Agmarknet via CEDA
Alappuzha,Alappuzha Mandi,rice,2021-09-24,67.4,2637,Agmarknet via CEDA
Alappuzha,Harippad Market,rice,2021-09-24,49.6,2694,Agmarknet via CEDA
Alappuzha,Ambalapuzha Market,rice,2021-09-24,35.8,2719,Agmarknet via CEDA
Kottayam,Changanassery Market,rice,2021-09-24,86.9,2645,Agmarknet via CEDA
Kottayam,Kottayam Market,rice,2021-09-24,51.0,2632,Agmarknet via CEDA
Alappuzha,Alappuzha Mandi,rice,2021-09-28,73.0,2637,Agmarknet via CEDA
Alappuzha,Harippad Market,rice,2021-09-28,56.6,2635,Agmarknet via CEDA
Alappuzha,Ambalapuzha Market,rice,2021-09-28,50.6,2729,Agmarknet via CEDA
Kottayam,Changanassery Market,rice,2021-09-28,77.5,2615,Agmarknet via CEDA
Kottayam,Kottayam Market,rice,2021-09-28,47.6,2667,Agmarknet via CEDA
Alappuzha,Alappuzha Mandi,rice,2021-09-30,94.1,2655,Agmarknet via CEDA
Alappuzha,Harippad Market,rice,2021-09-30,48.5,2649,Agmarknet via CEDA
Alappuzha,Ambalapuzha Market,rice,2021-09-30,50.8,2689,Agmarknet via CEDA
Kottayam,Changanassery Market,rice,2021-09-30,94.0,2625,Agmarknet via CEDA
Kottayam,Kottayam Market,rice,2021-09-30,38.2,2698,Agmarknet via CEDA
Alappuzha,Alappuzha Mandi,rice,2021-10-02,77.7,2649,Agmarknet via CEDA
Alappuzha,Harippad Market,rice,2021-10-02,39.7,2684,Agmarknet via CEDA
Alappuzha,Ambalapuzha Market,rice,2021-10-02,45.8,2710,Agmarknet via CEDA
Kottayam,Changanassery Market,rice,2021-10-02,72.5,2631,Agmarknet via CEDA
Kottayam,Kottayam Market,rice,2021-10-02,43.0,2693,Agmarknet via CEDA
Alappuzha,Alappuzha Mandi,rice,2021-10-04,96.3,2660,Agmarknet via CEDA
Alappuzha,Harippad Market,rice,2021-10-04,41.5,2656,Agmarknet via CEDA
Alappuzha,Ambalapuzha Market,rice,2021-10-04,51.7,2639,Agmarknet via CEDA
Kottayam,Changanassery Market,rice,2021-10-04,61.4,2663,Agmarknet via CEDA
Kottayam,Kottayam Market,rice,2021-10-04,38.0,2637,Agmarknet via CEDA
Alappuzha,Alappuzha Mandi,rice,2021-10-06,90.8,2651,Agmarknet via CEDA
Alappuzha,Harippad Market,rice,2021-10-06,43.9,2701,Agmarknet via CEDA
Alappuzha,Ambalapuzha Market,rice,2021-10-06,50.2,2645,Agmarknet via CEDA
Kottayam,Changanassery Market,rice,2021-10-06,65.0,2688,Agmarknet via CEDA
Kottayam,Kottayam Market,rice,2021-10-06,44.9,2714,Agmarknet via CEDA
Alappuzha,Alappuzha Mandi,rice,2021-10-08,91.4,2653,Agmarknet via CEDA
Alappuzha,Harippad Market,rice,2021-10-08,53.9,2709,Agmarknet via CEDA
Alappuzha,Ambalapuzha Market,rice,2021-10-08,38.8,2681,Agmarknet via CEDA
Kottayam,Changanassery Market,rice,2021-10-08,60.7,2657,Agmarknet via CEDA
Kottayam,Kottayam Market,rice,2021-10-08,46.2,2679,Agmarknet via CEDA
Alappuzha,Alappuzha Mandi,rice,2021-10-12,94.9,2615,Agmarknet via CEDA
Alappuzha,Harippad Market,rice,2021-10-12,41.3,2672,Agmarknet via CEDA
Alappuzha,Ambalapuzha Market,rice,2021-10-12,37.5,2690,Agmarknet via CEDA
Kottayam,Changanassery Market,rice,2021-10-12,97.0,2643,Agmarknet via CEDA
Kottayam,Kottayam Market,rice,2021-10-12,53.9,2687,Agmarknet via CEDA
Alappuzha,Alappuzha Mandi,rice,2021-10-14,76.2,2605,Agmarknet via CEDA
Alappuzha,Harippad Market,rice,2021-10-14,49.3,2754,Agmarknet via CEDA
Alappuzha,Ambalapuzha Market,rice,2021-10-14,37.3,2667,Agmarknet via CEDA
Kottayam,Changanassery Market,rice,2021-10-14,84.8,2666,Agmarknet via CEDA
Kottayam,Kottayam Market,rice,2021-10-14,56.2,2681,Agmarknet via CEDA
Alappuzha,Alappuzha Mandi,rice,2021-10-16,75.8,2641,Agmarknet via CEDA
Alappuzha,Harippad Market,rice,2021-10-16,53.9,2690,Agmarknet via CEDA
Alappuzha,Ambalapuzha Market,rice,2021-10-16,53.2,2654,Agmarknet via CEDA
Kottayam,Changanassery Market,rice,2021-10-16,95.3,2640,Agmarknet via CEDA
Kottayam,Kottayam Market,rice,2021-10-16,48.2,2731,Agmarknet via CEDA
Alappuzha,Alappuzha Mandi,rice,2021-10-18,92.4,2632,Agmarknet via CEDA
Alappuzha,Harippad Market,rice,2021-10-18,55.3,2677,Agmarknet via CEDA
Alappuzha,Ambalapuzha Market,rice,2021-10-18,49.8,2653,Agmarknet via CEDA
Kottayam,Changanassery Market,rice,2021-10-18,84.2,2667,Agmarknet via CEDA
Kottayam,Kottayam Market,rice,2021-10-18,43.1,2666,Agmarknet via CEDA
Alappuzha,Alappuzha Mandi,rice,2021-10-20,84.2,2658,Agmarknet via CEDA
Alappuzha,Harippad Market,rice,2021-10-20,56.9,2699,Agmarknet via CEDA
Alappuzha,Ambalapuzha Market,rice,2021-10-20,51.9,2672,Agmarknet via CEDA
Kottayam,Changanassery Market,rice,2021-10-20,80.6,2668,Agmarknet via CEDA
Kottayam,Kottayam Market,rice,2021-10-20,43.3,2694,Agmarknet via CEDA
Alappuzha,Alappuzha Mandi,rice,2021-10-22,71.3,2688,Agmarknet via CEDA
Alappuzha,Harippad Market,rice,2021-10-22,51.5,2692,Agmarknet via CEDA
Alappuzha,Ambalapuzha Market,rice,2021-10-22,52.3,2710,Agmarknet via CEDA
Kottayam,Changanassery Market,rice,2021-10-22,63.2,2662,Agmarknet via CEDA
Kottayam,Kottayam Market,rice,2021-10-22,46.5,2651,Agmarknet via CEDA
Alappuzha,Alappuzha Mandi,rice,2021-10-26,85.6,2608,Agmarknet via CEDA
Alappuzha,Harippad Market,rice,2021-10-26,43.0,2647,Agmarknet via CEDA
Alappuzha,Ambalapuzha Market,rice,2021-10-26,42.6,2678,Agmarknet via CEDA
Kottayam,Changanassery Market,rice,2021-10-26,67.4,2669,Agmarknet via CEDA
Kottayam,Kottayam Market,rice,2021-10-26,49.3,2663,Agmarknet via CEDA
Alappuzha,Alappuzha Mandi,rice,2021-10-28,82.7,2595,Agmarknet via CEDA
Alappuzha,Harippad Market,rice,2021-10-28,53.8,2659,Agmarknet via CEDA
Alappuzha,Ambalapuzha Market,rice,2021-10-28,45.9,2672,Agmarknet via CEDA
Kottayam,Changanassery Market,rice,2021-10-28,71.8,2660,Agmarknet via CEDA
Kottayam,Kottayam Market,rice,2021-10-28,42.8,2722,Agmarknet via CEDA
Alappuzha,Alappuzha Mandi,rice,2021-10-30,79.3,2609,Agmarknet via CEDA
Alappuzha,Harippad Market,rice,2021-10-30,48.0,2698,Agmarknet via CEDA
Alappuzha,Ambalapuzha Market,rice,2021-10-30,50.5,2693,Agmarknet via CEDA
Kottayam,Changanassery Market,rice,2021-10-30,95.8,2634,Agmarknet via CEDA
Kottayam,Kottayam Market,rice,2021-10-30,55.2,2685,Agmarknet via CEDA
Alappuzha,Alappuzha Mandi,rice,2021-11-01,18.7,2701,Agmarknet via CEDA
Alappuzha,Harippad Market,rice,2021-11-01,11.2,2726,Agmarknet via CEDA
Alappuzha,Ambalapuzha Market,rice,2021-11-01,13.9,2688,Agmarknet via CEDA
Kottayam,Changanassery Market,rice,2021-11-01,21.7,2679,Agmarknet via CEDA
Kottayam,Kottayam Market,rice,2021-11-01,16.1,2661,Agmarknet via CEDA
Alappuzha,Alappuzha Mandi,rice,2021-11-03,25.3,2710,Agmarknet via CEDA
Alappuzha,Harippad Market,rice,2021-11-03,15.5,2694,Agmarknet via CEDA
Alappuzha,Ambalapuzha Market,rice,2021-11-03,11.4,2673,Agmarknet via CEDA
Kottayam,Changanassery Market,rice,2021-11-03,20.2,2681,Agmarknet via CEDA
Kottayam,Kottayam Market,rice,2021-11-03,14.2,2724,Agmarknet via CEDA
Alappuzha,Alappuzha Mandi,rice,2021-11-05,26.5,2703,Agmarknet via CEDA
Alappuzha,Harippad Market,rice,2021-11-05,12.3,2688,Agmarknet via CEDA
Alappuzha,Ambalapuzha Market,rice,2021-11-05,17.2,2742,Agmarknet via CEDA
Kottayam,Changanassery Market,rice,2021-11-05,24.6,2699,Agmarknet via CEDA
Kottayam,Kottayam Market,rice,2021-11-05,10.8,2725,Agmarknet via CEDA
Alappuzha,Alappuzha Mandi,rice,2021-11-09,25.2,2704,Agmarknet via CEDA
Alappuzha,Harippad Market,rice,2021-11-09,16.2,2701,Agmarknet via CEDA
Alappuzha,Ambalapuzha Market,rice,2021-11-09,12.0,2722,Agmarknet via CEDA
Kottayam,Changanassery Market,rice,2021-11-09,25.3,2729,Agmarknet via CEDA
Kottayam,Kottayam Market,rice,2021-11-09,16.8,2700,Agmarknet via CEDA
Alappuzha,Alappuzha Mandi,rice,2021-11-11,22.2,2722,Agmarknet via CEDA
Alappuzha,Harippad Market,rice,2021-11-11,12.4,2694,Agmarknet via CEDA
Alappuzha,Ambalapuzha Market,rice,2021-11-11,16.3,2754,Agmarknet via CEDA
Kottayam,Changanassery Market,rice,2021-11-11,19.1,2685,Agmarknet via CEDA
Kottayam,Kottayam Market,rice,2021-11-11,14.9,2765,Agmarknet via CEDA
Alappuzha,Alappuzha Mandi,rice,2021-11-13,20.0,2674,Agmarknet via CEDA
Alappuzha,Harippad Market,rice,2021-11-13,15.7,2700,Agmarknet via CEDA
Alappuzha,Ambalapuzha Market,rice,2021-11-13,11.2,2724,Agmarknet via CEDA
Kottayam,Changanassery Market,rice,2021-11-13,18.3,2737,Agmarknet via CEDA
Kottayam,Kottayam Market,rice,2021-11-13,14.3,2750,Agmarknet via CEDA
Alappuzha,Alappuzha Mandi,rice,2021-11-15,20.8,2741,Agmarknet via CEDA
Alappuzha,Harippad Market,rice,2021-11-15,14.0,2668,Agmarknet via CEDA
Alappuzha,Ambalapuzha Market,rice,2021-11-15,17.4,2718,Agmarknet via CEDA
Kottayam,Changanassery Market,rice,2021-11-15,22.9,2683,Agmarknet via CEDA
Kottayam,Kottayam Market,rice,2021-11-15,13.5,2735,Agmarknet via CEDA
Alappuzha,Alappuzha Mandi,rice,2021-11-17,29.9,2724,Agmarknet via CEDA
Alappuzha,Harippad Market,rice,2021-11-17,11.4,2720,Agmarknet via CEDA
Alappuzha,Ambalapuzha Market,rice,2021-11-17,14.5,2696,Agmarknet via CEDA
Kottayam,Changanassery Market,rice,2021-11-17,21.3,2676,Agmarknet via CEDA
Kottayam,Kottayam Market,rice,2021-11-17,13.0,2693,Agmarknet via CEDA
Alappuzha,Alappuzha Mandi,rice,2021-11-19,18.8,2687,Agmarknet via CEDA
Alappuzha,Harippad Market,rice,2021-11-19,16.1,2709,Agmarknet via CEDA
Alappuzha,Ambalapuzha Market,rice,2021-11-19,12.1,2737,Agmarknet via CEDA
Kottayam,Changanassery Market,rice,2021-11-19,25.8,2703,Agmarknet via CEDA
Kottayam,Kottayam Market,rice,2021-11-19,14.2,2681,Agmarknet via CEDA
Alappuzha,Alappuzha Mandi,rice,2021-11-23,26.0,2669,Agmarknet via CEDA
Alappuzha,Harippad Market,rice,2021-11-23,17.5,2724,Agmarknet via CEDA
Alappuzha,Ambalapuzha Market,rice,2021-11-23,15.6,2757,Agmarknet via CEDA
Kottayam,Changanassery Market,rice,2021-11-23,23.6,2704,Agmarknet via CEDA
Kottayam,Kottayam Market,rice,2021-11-23,17.2,2690,Agmarknet via CEDA
Alappuzha,Alappuzha Mandi,rice,2021-11-25,20.1,2680,Agmarknet via CEDA
Alappuzha,Harippad Market,rice,2021-11-25,14.3,2726,Agmarknet via CEDA
Alappuzha,Ambalapuzha Market,rice,2021-11-25,11.2,2752,Agmarknet via CEDA
Kottayam,Changanassery Market,rice,2021-11-25,22.2,2695,Agmarknet via CEDA
Kottayam,Kottayam Market,rice,2021-11-25,15.2,2696,Agmarknet via CEDA
Alappuzha,Alappuzha Mandi,rice,2021-11-27,19.8,2670,Agmarknet via CEDA
Alappuzha,Harippad Market,rice,2021-11-27,17.4,2709,Agmarknet via CEDA
Alappuzha,Ambalapuzha Market,rice,2021-11-27,16.4,2728,Agmarknet via CEDA
Kottayam,Changanassery Market,rice,2021-11-27,24.3,2683,Agmarknet via CEDA
Kottayam,Kottayam Market,rice,2021-11-27,15.8,2714,Agmarknet via CEDA
Alappuzha,Alappuzha Mandi,rice,2021-11-29,19.5,2718,Agmarknet via CEDA
Alappuzha,Harippad Market,rice,2021-11-29,15.5,2723,Agmarknet via CEDA
Alappuzha,Ambalapuzha Market,rice,2021-11-29,10.8,2686,Agmarknet via CEDA
Kottayam,Changanassery Market,rice,2021-11-29,22.3,2681,Agmarknet via CEDA
Kottayam,Kottayam Market,rice,2021-11-29,11.1,2715,Agmarknet via CEDA
Alappuzha,Alappuzha Mandi,rice,2021-12-01,59.6,2689,Agmarknet via CEDA
Alappuzha,Harippad Market,rice,2021-12-01,36.5,2745,Agmarknet via CEDA
Alappuzha,Ambalapuzha Market,rice,2021-12-01,38.8,2661,Agmarknet via CEDA
Kottayam,Changanassery Market,rice,2021-12-01,79.8,2660,Agmarknet via CEDA
Kottayam,Kottayam Market,rice,2021-12-01,45.3,2683,Agmarknet via CEDA
Alappuzha,Alappuzha Mandi,rice,2021-12-03,56.4,2663,Agmarknet via CEDA
Alappuzha,Harippad Market,rice,2021-12-03,45.8,2712,Agmarknet via CEDA
Alappuzha,Ambalapuzha Market,rice,2021-12-03,45.6,2697,Agmarknet via CEDA
Kottayam,Changanassery Market,rice,2021-12-03,59.6,2686,Agmarknet via CEDA
Kottayam,Kottayam Market,rice,2021-12-03,30.4,2666,Agmarknet via CEDA
Alappuzha,Alappuzha Mandi,rice,2021-12-07,72.4,2652,Agmarknet via CEDA
Alappuzha,Harippad Market,rice,2021-12-07,35.5,2693,Agmarknet via CEDA
Alappuzha,Ambalapuzha Market,rice,2021-12-07,44.7,2688,Agmarknet via CEDA
Kottayam,Changanassery Market,rice,2021-12-07,53.9,2738,Agmarknet via CEDA
Kottayam,Kottayam Market,rice,2021-12-07,43.6,2677,Agmarknet via CEDA
Alappuzha,Alappuzha Mandi,rice,2021-12-09,55.3,2612,Agmarknet via CEDA
Alappuzha,Harippad Market,rice,2021-12-09,31.7,2697,Agmarknet via CEDA
Alappuzha,Ambalapuzha Market,rice,2021-12-09,36.0,2704,Agmarknet via CEDA
Kottayam,Changanassery Market,rice,2021-12-09,63.8,2669,Agmarknet via CEDA
Kottayam,Kottayam Market,rice,2021-12-09,34.9,2620,Agmarknet via CEDA
Alappuzha,Alappuzha Mandi,rice,2021-12-11,53.0,2684,Agmarknet via CEDA
Alappuzha,Harippad Market,rice,2021-12-11,41.2,2700,Agmarknet via CEDA
Alappuzha,Ambalapuzha Market,rice,2021-12-11,41.4,2655,Agmarknet via CEDA
Kottayam,Changanassery Market,rice,2021-12-11,54.5,2658,Agmarknet via CEDA
Kottayam,Kottayam Market,rice,2021-12-11,48.0,2680,Agmarknet via CEDA
Alappuzha,Alappuzha Mandi,rice,2021-12-13,51.4,2664,Agmarknet via CEDA
Alappuzha,Harippad Market,rice,2021-12-13,31.2,2685,Agmarknet via CEDA
Alappuzha,Ambalapuzha Market,rice,2021-12-13,34.7,2700,Agmarknet via CEDA
Kottayam,Changanassery Market,rice,2021-12-13,51.6,2662,Agmarknet via CEDA
Kottayam,Kottayam Market,rice,2021-12-13,38.7,2651,Agmarknet via CEDA
Alappuzha,Alappuzha Mandi,rice,2021-12-15,70.1,2685,Agmarknet via CEDA
Alappuzha,Harippad Market,rice,2021-12-15,39.0,2663,Agmarknet via CEDA
Alappuzha,Ambalapuzha Market,rice,2021-12-15,45.9,2678,Agmarknet via CEDA
Kottayam,Changanassery Market,rice,2021-12-15,64.3,2655,Agmarknet via CEDA
Kottayam,Kottayam Market,rice,2021-12-15,36.8,2661,Agmarknet via CEDA
Alappuzha,Alappuzha Mandi,rice,2021-12-17,76.8,2679,Agmarknet via CEDA
Alappuzha,Harippad Market,rice,2021-12-17,29.1,2716,Agmarknet via CEDA
Alappuzha,Ambalapuzha Market,rice,2021-12-17,36.9,2681,Agmarknet via CEDA
Kottayam,Changanassery Market,rice,2021-12-17,58.1,2672,Agmarknet via CEDA
Kottayam,Kottayam Market,rice,2021-12-17,43.5,2688,Agmarknet via CEDA
Alappuzha,Alappuzha Mandi,rice,2021-12-21,56.6,2646,Agmarknet via CEDA
Alappuzha,Harippad Market,rice,2021-12-21,29.1,2672,Agmarknet via CEDA
Alappuzha,Ambalapuzha Market,rice,2021-12-21,39.4,2688,Agmarknet via CEDA
Kottayam,Changanassery Market,rice,2021-12-21,64.5,2637,Agmarknet via CEDA
Kottayam,Kottayam Market,rice,2021-12-21,35.1,2691,Agmarknet via CEDA
Alappuzha,Alappuzha Mandi,rice,2021-12-23,73.8,2602,Agmarknet via CEDA
Alappuzha,Harippad Market,rice,2021-12-23,36.5,2680,Agmarknet via CEDA
Alappuzha,Ambalapuzha Market,rice,2021-12-23,37.7,2697,Agmarknet via CEDA
Kottayam,Changanassery Market,rice,2021-12-23,81.0,2658,Agmarknet via CEDA
Kottayam,Kottayam Market,rice,2021-12-23,44.0,2713,Agmarknet via CEDA
Alappuzha,Alappuzha Mandi,rice,2021-12-25,63.9,2640,Agmarknet via CEDA
Alappuzha,Harippad Market,rice,2021-12-25,33.8,2691,Agmarknet via CEDA
Alappuzha,Ambalapuzha Market,rice,2021-12-25,41.1,2710,Agmarknet via CEDA
Kottayam,Changanassery Market,rice,2021-12-25,71.3,2668,Agmarknet via CEDA
Kottayam,Kottayam Market,rice,2021-12-25,40.7,2707,Agmarknet via CEDA
Alappuzha,Alappuzha Mandi,rice,2021-12-27,51.7,2648,Agmarknet via CEDA
Alappuzha,Harippad Market,rice,2021-12-27,43.1,2687,Agmarknet via CEDA
Alappuzha,Ambalapuzha Market,rice,2021-12-27,38.7,2683,Agmarknet via CEDA
Kottayam,Changanassery Market,rice,2021-12-27,52.3,2680,Agmarknet via CEDA
Kottayam,Kottayam Market,rice,2021-12-27,42.7,2666,Agmarknet via CEDA
Alappuzha,Alappuzha Mandi,rice,2021-12-29,59.3,2704,Agmarknet via CEDA
Alappuzha,Harippad Market,rice,2021-12-29,35.6,2709,Agmarknet via CEDA
Alappuzha,Ambalapuzha Market,rice,2021-12-29,32.4,2723,Agmarknet via CEDA
Kottayam,Changanassery Market,rice,2021-12-29,55.2,2682,Agmarknet via CEDA
Kottayam,Kottayam Market,rice,2021-12-29,43.6,2667,Agmarknet via CEDA
Alappuzha,Alappuzha Mandi,rice,2021-12-31,58.2,2688,Agmarknet via CEDA
Alappuzha,Harippad Market,rice,2021-12-31,36.2,2724,Agmarknet via CEDA
Alappuzha,Ambalapuzha Market,rice,2021-12-31,32.8,2701,Agmarknet via CEDA
Kottayam,Changanassery Market,rice,2021-12-31,75.1,2635,Agmarknet via CEDA
Kottayam,Kottayam Market,rice,2021-12-31,41.3,2672,Agmarknet via CEDA
Alappuzha,Alappuzha Mandi,rice,2022-01-04,81.5,2714,Agmarknet via CEDA
Alappuzha,Harippad Market,rice,2022-01-04,44.3,2781,Agmarknet via CEDA
Alappuzha,Ambalapuzha Market,rice,2022-01-04,43.3,2790,Agmarknet via CEDA
Kottayam,Changanassery Market,rice,2022-01-04,76.3,2696,Agmarknet via CEDA
Kottayam,Kottayam Market,rice,2022-01-04,35.4,2761,Agmarknet via CEDA
Alappuzha,Alappuzha Mandi,rice,2022-01-06,80.1,2699,Agmarknet via CEDA
Alappuzha,Harippad Market,rice,2022-01-06,37.2,2718,Agmarknet via CEDA
Alappuzha,Ambalapuzha Market,rice,2022-01-06,37.3,2765,Agmarknet via CEDA
Kottayam,Changanassery Market,rice,2022-01-06,57.4,2737,Agmarknet via CEDA
Kottayam,Kottayam Market,rice,2022-01-06,31.2,2761,Agmarknet via CEDA
Alappuzha,Alappuzha Mandi,rice,2022-01-08,70.8,2718,Agmarknet via CEDA
Alappuzha,Harippad Market,rice,2022-01-08,34.4,2760,Agmarknet via CEDA
Alappuzha,Ambalapuzha Market,rice,2022-01-08,45.2,2750,Agmarknet via CEDA
Kottayam,Changanassery Market,rice,2022-01-08,79.8,2735,Agmarknet via CEDA
Kottayam,Kottayam Market,rice,2022-01-08,37.7,2730,Agmarknet via CEDA
Alappuzha,Alappuzha Mandi,rice,2022-01-10,77.3,2739,Agmarknet via CEDA
Alappuzha,Harippad Market,rice,2022-01-10,41.5,2765,Agmarknet via CEDA
Alappuzha,Ambalapuzha Market,rice,2022-01-10,32.3,2763,Agmarknet via CEDA
Kottayam,Changanassery Market,rice,2022-01-10,80.4,2714,Agmarknet via CEDA
Kottayam,Kottayam Market,rice,2022-01-10,29.7,2754,Agmarknet via CEDA
Alappuzha,Alappuzha Mandi,rice,2022-01-12,73.5,2717,Agmarknet via CEDA
Alappuzha,Harippad Market,rice,2022-01-12,44.6,2745,Agmarknet via CEDA
Alappuzha,Ambalapuzha Market,rice,2022-01-12,45.1,2706,Agmarknet via CEDA
Kottayam,Changanassery Market,rice,2022-01-12,73.7,2777,Agmarknet via CEDA
Kottayam,Kottayam Market,rice,2022-01-12,38.7,2776,Agmarknet via CEDA
Alappuzha,Alappuzha Mandi,rice,2022-01-14,59.3,2777,Agmarknet via CEDA
Alappuzha,Harippad Market,rice,2022-01-14,45.7,2759,Agmarknet via CEDA
Alappuzha,Ambalapuzha Market,rice,2022-01-14,41.1,2732,Agmarknet via CEDA
Kottayam,Changanassery Market,rice,2022-01-14,64.7,2739,Agmarknet via CEDA
Kottayam,Kottayam Market,rice,2022-01-14,29.1,2778,Agmarknet via CEDA
Alappuzha,Alappuzha Mandi,rice,2022-01-18,82.2,2689,Agmarknet via CEDA
Alappuzha,Harippad Market,rice,2022-01-18,30.8,2788,Agmarknet via CEDA
Alappuzha,Ambalapuzha Market,rice,2022-01-18,32.8,2744,Agmarknet via CEDA
Kottayam,Changanassery Market,rice,2022-01-18,67.8,2742,Agmarknet via CEDA
Kottayam,Kottayam Market,rice,2022-01-18,32.5,2791,Agmarknet via CEDA
Alappuzha,Alappuzha Mandi,rice,2022-01-20,61.2,2737,Agmarknet via CEDA
Alappuzha,Harippad Market,rice,2022-01-20,29.0,2794,Agmarknet via CEDA
Alappuzha,Ambalapuzha Market,rice,2022-01-20,43.5,2709,Agmarknet via CEDA
Kottayam,Changanassery Market,rice,2022-01-20,54.4,2708,Agmarknet via CEDA
Kottayam,Kottayam Market,rice,2022-01-20,34.8,2732,Agmarknet via CEDA
Alappuzha,Alappuzha Mandi,rice,2022-01-22,73.3,2667,Agmarknet via CEDA
Alappuzha,Harippad Market,rice,2022-01-22,45.9,2701,Agmarknet via CEDA
Alappuzha,Ambalapuzha Market,rice,2022-01-22,36.8,2787,Agmarknet via CEDA
Kottayam,Changanassery Market,rice,2022-01-22,72.5,2750,Agmarknet via CEDA
Kottayam,Kottayam Market,rice,2022-01-22,30.7,2742,Agmarknet via CEDA
Alappuzha,Alappuzha Mandi,rice,2022-01-24,68.9,2779,Agmarknet via CEDA
Alappuzha,Harippad Market,rice,2022-01-24,30.1,2749,Agmarknet via CEDA
Alappuzha,Ambalapuzha Market,rice,2022-01-24,40.0,2795,Agmarknet via CEDA
Kottayam,Changanassery Market,rice,2022-01-24,69.4,2770,Agmarknet via CEDA
Kottayam,Kottayam Market,rice,2022-01-24,41.9,2731,Agmarknet via CEDA
Alappuzha,Alappuzha Mandi,rice,2022-01-26,76.7,2738,Agmarknet via CEDA
Alappuzha,Harippad Market,rice,2022-01-26,38.5,2777,Agmarknet via CEDA
Alappuzha,Ambalapuzha Market,rice,2022-01-26,42.5,2730,Agmarknet via CEDA
Kottayam,Changanassery Market,rice,2022-01-26,75.5,2648,Agmarknet via CEDA
Kottayam,Kottayam Market,rice,2022-01-26,31.7,2775,Agmarknet via CEDA
Alappuzha,Alappuzha Mandi,rice,2022-01-28,60.3,2710,Agmarknet via CEDA
Alappuzha,Harippad Market,rice,2022-01-28,33.1,2750,Agmarknet via CEDA
Alappuzha,Ambalapuzha Market,rice,2022-01-28,40.4,2752,Agmarknet via CEDA
Kottayam,Changanassery Market,rice,2022-01-28,63.4,2743,Agmarknet via CEDA
Kottayam,Kottayam Market,rice,2022-01-28,41.1,2738,Agmarknet via CEDA
Alappuzha,Alappuzha Mandi,rice,2022-02-01,114.6,2691,Agmarknet via CEDA
Alappuzha,Harippad Market,rice,2022-02-01,81.9,2742,Agmarknet via CEDA
Alappuzha,Ambalapuzha Market,rice,2022-02-01,73.1,2671,Agmarknet via CEDA
Kottayam,Changanassery Market,rice,2022-02-01,101.1,2661,Agmarknet via CEDA
Kottayam,Kottayam Market,rice,2022-02-01,53.4,2707,Agmarknet via CEDA
Alappuzha,Alappuzha Mandi,rice,2022-02-03,91.5,2691,Agmarknet via CEDA
Alappuzha,Harippad Market,rice,2022-02-03,70.6,2741,Agmarknet via CEDA
Alappuzha,Ambalapuzha Market,rice,2022-02-03,63.0,2754,Agmarknet via CEDA
Kottayam,Changanassery Market,rice,2022-02-03,140.5,2658,Agmarknet via CEDA
Kottayam,Kottayam Market,rice,2022-02-03,59.0,2727,Agmarknet via CEDA
Alappuzha,Alappuzha Mandi,rice,2022-02-05,119.0,2716,Agmarknet via CEDA
Alappuzha,Harippad Market,rice,2022-02-05,57.2,2739,Agmarknet via CEDA
Alappuzha,Ambalapuzha Market,rice,2022-02-05,69.9,2713,Agmarknet via CEDA
Kottayam,Changanassery Market,rice,2022-02-05,116.2,2706,Agmarknet via CEDA
Kottayam,Kottayam Market,rice,2022-02-05,58.1,2752,Agmarknet via CEDA
Alappuzha,Alappuzha Mandi,rice,2022-02-07,126.6,2684,Agmarknet via CEDA
Alappuzha,Harippad Market,rice,2022-02-07,75.5,2703,Agmarknet via CEDA
Alappuzha,Ambalapuzha Market,rice,2022-02-07,86.0,2684,Agmarknet via CEDA
Kottayam,Changanassery Market,rice,2022-02-07,104.8,2671,Agmarknet via CEDA
Kottayam,Kottayam Market,rice,2022-02-07,84.2,2689,Agmarknet via CEDA
Alappuzha,Alappuzha Mandi,rice,2022-02-09,135.6,2644,Agmarknet via CEDA
Alappuzha,Harippad Market,rice,2022-02-09,68.2,2711,Agmarknet via CEDA
Alappuzha,Ambalapuzha Market,rice,2022-02-09,54.7,2735,Agmarknet via CEDA
Kottayam,Changanassery Market,rice,2022-02-09,144.4,2662,Agmarknet via CEDA
Kottayam,Kottayam Market,rice,2022-02-09,66.9,2697,Agmarknet via CEDA
Alappuzha,Alappuzha Mandi,rice,2022-02-11,110.8,2694,Agmarknet via CEDA
Alappuzha,Harippad Market,rice,2022-02-11,72.1,2723,Agmarknet via CEDA
Alappuzha,Ambalapuzha Market,rice,2022-02-11,85.3,2707,Agmarknet via CEDA
Kottayam,Changanassery Market,rice,2022-02-11,105.6,2677,Agmarknet via CEDA
Kottayam,Kottayam Market,rice,2022-02-11,78.1,2688,Agmarknet via CEDA
Alappuzha,Alappuzha Mandi,rice,2022-02-15,123.9,2691,Agmarknet via CEDA
Alappuzha,Harippad Market,rice,2022-02-15,68.7,2726,Agmarknet via CEDA
Alappuzha,Ambalapuzha Market,rice,2022-02-15,64.7,2736,Agmarknet via CEDA
Kottayam,Changanassery Market,rice,2022-02-15,96.8,2689,Agmarknet via CEDA
Kottayam,Kottayam Market,rice,2022-02-15,61.3,2716,Agmarknet via CEDA
Alappuzha,Alappuzha Mandi,rice,2022-02-17,141.0,2688,Agmarknet via CEDA
Alappuzha,Harippad Market,rice,2022-02-17,56.5,2801,Agmarknet via CEDA
Alappuzha,Ambalapuzha Market,rice,2022-02-17,82.6,2704,Agmarknet via CEDA
Kottayam,Changanassery Market,rice,2022-02-17,132.5,2673,Agmarknet via CEDA
Kottayam,Kottayam Market,rice,2022-02-17,71.5,2719,Agmarknet via CEDA
Alappuzha,Alappuzha Mandi,rice,2022-02-19,119.1,2660,Agmarknet via CEDA
Alappuzha,Harippad Market,rice,2022-02-19,58.3,2721,Agmarknet via CEDA
Alappuzha,Ambalapuzha Market,rice,2022-02-19,66.9,2775,Agmarknet via CEDA
Kottayam,Changanassery Market,rice,2022-02-19,129.1,2654,Agmarknet via CEDA
Kottayam,Kottayam Market,rice,2022-02-19,70.4,2724,Agmarknet via CEDA
Alappuzha,Alappuzha Mandi,rice,2022-02-21,138.4,2648,Agmarknet via CEDA
Alappuzha,Harippad Market,rice,2022-02-21,80.0,2713,Agmarknet via CEDA
Alappuzha,Ambalapuzha Market,rice,2022-02-21,59.5,2714,Agmarknet via CEDA
Kottayam,Changanassery Market,rice,2022-02-21,109.8,2676,Agmarknet via CEDA
Kottayam,Kottayam Market,rice,2022-02-21,79.0,2679,Agmarknet via CEDA
Alappuzha,Alappuzha Mandi,rice,2022-02-23,142.7,2663,Agmarknet via CEDA
Alappuzha,Harippad Market,rice,2022-02-23,83.3,2702,Agmarknet via CEDA
Alappuzha,Ambalapuzha Market,rice,2022-02-23,68.3,2737,Agmarknet via CEDA
Kottayam,Changanassery Market,rice,2022-02-23,149.1,2654,Agmarknet via CEDA
Kottayam,Kottayam Market,rice,2022-02-23,84.3,2692,Agmarknet via CEDA
Alappuzha,Alappuzha Mandi,rice,2022-02-25,122.3,2654,Agmarknet via CEDA
Alappuzha,Harippad Market,rice,2022-02-25,75.5,2718,Agmarknet via CEDA
Alappuzha,Ambalapuzha Market,rice,2022-02-25,81.3,2746,Agmarknet via CEDA
Kottayam,Changanassery Market,rice,2022-02-25,147.9,2642,Agmarknet via CEDA
Kottayam,Kottayam Market,rice,2022-02-25,59.6,2686,Agmarknet via CEDA
Alappuzha,Alappuzha Mandi,rice,2022-03-01,192.6,2623,Agmarknet via CEDA
Alappuzha,Harippad Market,rice,2022-03-01,101.8,2725,Agmarknet via CEDA
Alappuzha,Ambalapuzha Market,rice,2022-03-01,92.9,2716,Agmarknet via CEDA
Kottayam,Changanassery Market,rice,2022-03-01,202.9,2579,Agmarknet via CEDA
Kottayam,Kottayam Market,rice,2022-03-01,107.6,2693,Agmarknet via CEDA
Alappuzha,Alappuzha Mandi,rice,2022-03-03,192.6,2639,Agmarknet via CEDA
Alappuzha,Harippad Market,rice,2022-03-03,117.9,2671,Agmarknet via CEDA
Alappuzha,Ambalapuzha Market,rice,2022-03-03,87.1,2694,Agmarknet via CEDA
Kottayam,Changanassery Market,rice,2022-03-03,201.1,2598,Agmarknet via CEDA
Kottayam,Kottayam Market,rice,2022-03-03,105.6,2687,Agmarknet via CEDA
Alappuzha,Alappuzha Mandi,rice,2022-03-05,177.7,2602,Agmarknet via CEDA
Alappuzha,Harippad Market,rice,2022-03-05,77.6,2721,Agmarknet via CEDA
Alappuzha,Ambalapuzha Market,rice,2022-03-05,98.3,2704,Agmarknet via CEDA
Kottayam,Changanassery Market,rice,2022-03-05,207.2,2613,Agmarknet via CEDA
Kottayam,Kottayam Market,rice,2022-03-05,106.2,2691,Agmarknet via CEDA
Alappuzha,Alappuzha Mandi,rice,2022-03-07,179.3,2600,Agmarknet via CEDA
Alappuzha,Harippad Market,rice,2022-03-07,74.1,2713,Agmarknet via CEDA
Alappuzha,Ambalapuzha Market,rice,2022-03-07,100.9,2741,Agmarknet via CEDA
Kottayam,Changanassery Market,rice,2022-03-07,200.8,2617,Agmarknet via CEDA
Kottayam,Kottayam Market,rice,2022-03-07,77.4,2696,Agmarknet via CEDA
Alappuzha,Alappuzha Mandi,rice,2022-03-09,198.1,2629,Agmarknet via CEDA
Alappuzha,Harippad Market,rice,2022-03-09,113.6,2731,Agmarknet via CEDA
Alappuzha,Ambalapuzha Market,rice,2022-03-09,88.9,2715,Agmarknet via CEDA
Kottayam,Changanassery Market,rice,2022-03-09,165.6,2637,Agmarknet via CEDA
Kottayam,Kottayam Market,rice,2022-03-09,91.0,2737,Agmarknet via CEDA
Alappuzha,Alappuzha Mandi,rice,2022-03-11,167.5,2627,Agmarknet via CEDA
Alappuzha,Harippad Market,rice,2022-03-11,82.0,2737,Agmarknet via CEDA
Alappuzha,Ambalapuzha Market,rice,2022-03-11,108.4,2676,Agmarknet via CEDA
Kottayam,Changanassery Market,rice,2022-03-11,155.2,2640,Agmarknet via CEDA
Kottayam,Kottayam Market,rice,2022-03-11,95.6,2720,Agmarknet via CEDA
Alappuzha,Alappuzha Mandi,rice,2022-03-15,178.2,2662,Agmarknet via CEDA
Alappuzha,Harippad Market,rice,2022-03-15,90.8,2702,Agmarknet via CEDA
Alappuzha,Ambalapuzha Market,rice,2022-03-15,121.5,2709,Agmarknet via CEDA
Kottayam,Changanassery Market,rice,2022-03-15,179.3,2639,Agmarknet via CEDA
Kottayam,Kottayam Market,rice,2022-03-15,89.4,2686,Agmarknet via CEDA
Alappuzha,Alappuzha Mandi,rice,2022-03-17,183.7,2616,Agmarknet via CEDA
Alappuzha,Harippad Market,rice,2022-03-17,114.5,2698,Agmarknet via CEDA
Alappuzha,Ambalapuzha Market,rice,2022-03-17,87.2,2742,Agmarknet via CEDA
Kottayam,Changanassery Market,rice,2022-03-17,169.1,2664,Agmarknet via CEDA
Kottayam,Kottayam Market,rice,2022-03-17,88.5,2732,Agmarknet via CEDA
Alappuzha,Alappuzha Mandi,rice,2022-03-19,204.8,2575,Agmarknet via CEDA
Alappuzha,Harippad Market,rice,2022-03-19,116.2,2701,Agmarknet via CEDA
Alappuzha,Ambalapuzha Market,rice,2022-03-19,106.1,2709,Agmarknet via CEDA
Kottayam,Changanassery Market,rice,2022-03-19,147.9,2663,Agmarknet via CEDA
Kottayam,Kottayam Market,rice,2022-03-19,101.0,2712,Agmarknet via CEDA
Alappuzha,Alappuzha Mandi,rice,2022-03-21,135.3,2624,Agmarknet via CEDA
Alappuzha,Harippad Market,rice,2022-03-21,115.9,2627,Agmarknet via CEDA
Alappuzha,Ambalapuzha Market,rice,2022-03-21,100.3,2703,Agmarknet via CEDA
Kottayam,Changanassery Market,rice,2022-03-21,135.3,2665,Agmarknet via CEDA
Kottayam,Kottayam Market,rice,2022-03-21,94.2,2696,Agmarknet via CEDA
Alappuzha,Alappuzha Mandi,rice,2022-03-23,198.1,2624,Agmarknet via CEDA
Alappuzha,Harippad Market,rice,2022-03-23,87.8,2712,Agmarknet via CEDA
Alappuzha,Ambalapuzha Market,rice,2022-03-23,112.9,2694,Agmarknet via CEDA
Kottayam,Changanassery Market,rice,2022-03-23,127.5,2696,Agmarknet via CEDA
Kottayam,Kottayam Market,rice,2022-03-23,87.3,2695,Agmarknet via CEDA
Alappuzha,Alappuzha Mandi,rice,2022-03-25,199.3,2621,Agmarknet via CEDA
Alappuzha,Harippad Market,rice,2022-03-25,100.0,2681,Agmarknet via CEDA
Alappuzha,Ambalapuzha Market,rice,2022-03-25,78.2,2668,Agmarknet via CEDA
Kottayam,Changanassery Market,rice,2022-03-25,176.3,2625,Agmarknet via CEDA
Kottayam,Kottayam Market,rice,2022-03-25,88.1,2733,Agmarknet via CEDA
Alappuzha,Alappuzha Mandi,rice,2022-03-29,130.0,2650,Agmarknet via CEDA
Alappuzha,Harippad Market,rice,2022-03-29,117.7,2693,Agmarknet via CEDA
Alappuzha,Ambalapuzha Market,rice,2022-03-29,102.6,2717,Agmarknet via CEDA
Kottayam,Changanassery Market,rice,2022-03-29,201.0,2630,Agmarknet via CEDA
Kottayam,Kottayam Market,rice,2022-03-29,75.2,2702,Agmarknet via CEDA
Alappuzha,Alappuzha Mandi,rice,2022-03-31,175.0,2615,Agmarknet via CEDA
Alappuzha,Harippad Market,rice,2022-03-31,114.2,2686,Agmarknet via CEDA
Alappuzha,Ambalapuzha Market,rice,2022-03-31,102.8,2701,Agmarknet via CEDA
Kottayam,Changanassery Market,rice,2022-03-31,195.7,2632,Agmarknet via CEDA
Kottayam,Kottayam Market,rice,2022-03-31,116.6,2699,Agmarknet via CEDA
Alappuzha,Alappuzha Mandi,rice,2022-04-02,115.8,2751,Agmarknet via CEDA
Alappuzha,Harippad Market,rice,2022-04-02,63.6,2765,Agmarknet via CEDA
Alappuzha,Ambalapuzha Market,rice,2022-04-02,73.6,2711,Agmarknet via CEDA
Kottayam,Changanassery Market,rice,2022-04-02,143.6,2713,Agmarknet via CEDA
Kottayam,Kottayam Market,rice,2022-04-02,74.6,2691,Agmarknet via CEDA
Alappuzha,Alappuzha Mandi,rice,2022-04-04,125.5,2650,Agmarknet via CEDA
Alappuzha,Harippad Market,rice,2022-04-04,70.4,2742,Agmarknet via CEDA
Alappuzha,Ambalapuzha Market,rice,2022-04-04,56.1,2728,Agmarknet via CEDA
Kottayam,Changanassery Market,rice,2022-04-04,129.1,2612,Agmarknet via CEDA
Kottayam,Kottayam Market,rice,2022-04-04,85.8,2746,Agmarknet via CEDA
Alappuzha,Alappuzha Mandi,rice,2022-04-06,120.4,2695,Agmarknet via CEDA
Alappuzha,Harippad Market,rice,2022-04-06,74.7,2716,Agmarknet via CEDA
Alappuzha,Ambalapuzha Market,rice,2022-04-06,65.2,2722,Agmarknet via CEDA
Kottayam,Changanassery Market,rice,2022-04-06,118.3,2676,Agmarknet via CEDA
Kottayam,Kottayam Market,rice,2022-04-06,59.4,2680,Agmarknet via CEDA
Alappuzha,Alappuzha Mandi,rice,2022-04-08,126.6,2652,Agmarknet via CEDA
Alappuzha,Harippad Market,rice,2022-04-08,70.6,2705,Agmarknet via CEDA
Alappuzha,Ambalapuzha Market,rice,2022-04-08,52.7,2764,Agmarknet via CEDA
Kottayam,Changanassery Market,rice,2022-04-08,124.3,2662,Agmarknet via CEDA
Kottayam,Kottayam Market,rice,2022-04-08,70.4,2732,Agmarknet via CEDA
Alappuzha,Alappuzha Mandi,rice,2022-04-12,113.8,2681,Agmarknet via CEDA
Alappuzha,Harippad Market,rice,2022-04-12,55.5,2713,Agmarknet via CEDA
Alappuzha,Ambalapuzha Market,rice,2022-04-12,64.6,2734,Agmarknet via CEDA
Kottayam,Changanassery Market,rice,2022-04-12,120.4,2679,Agmarknet via CEDA
Kottayam,Kottayam Market,rice,2022-04-12,77.1,2743,Agmarknet via CEDA
Alappuzha,Alappuzha Mandi,rice,2022-04-14,149.6,2645,Agmarknet via CEDA
Alappuzha,Harippad Market,rice,2022-04-14,66.3,2709,Agmarknet via CEDA
Alappuzha,Ambalapuzha Market,rice,2022-04-14,67.3,2746,Agmarknet via CEDA
Kottayam,Changanassery Market,rice,2022-04-14,132.8,2665,Agmarknet via CEDA
Kottayam,Kottayam Market,rice,2022-04-14,73.8,2742,Agmarknet via CEDA
Alappuzha,Alappuzha Mandi,rice,2022-04-16,147.3,2643,Agmarknet via CEDA
Alappuzha,Harippad Market,rice,2022-04-16,81.2,2717,Agmarknet via CEDA
Alappuzha,Ambalapuzha Market,rice,2022-04-16,76.5,2702,Agmarknet via CEDA
Kottayam,Changanassery Market,rice,2022-04-16,96.9,2679,Agmarknet via CEDA
Kottayam,Kottayam Market,rice,2022-04-16,65.4,2671,Agmarknet via CEDA
Alappuzha,Alappuzha Mandi,rice,2022-04-18,97.3,2737,Agmarknet via CEDA
Alappuzha,Harippad Market,rice,2022-04-18,55.0,2723,Agmarknet via CEDA
Alappuzha,Ambalapuzha Market,rice,2022-04-18,55.3,2748,Agmarknet via CEDA
Kottayam,Changanassery Market,rice,2022-04-18,130.1,2667,Agmarknet via CEDA
Kottayam,Kottayam Market,rice,2022-04-18,76.3,2747,Agmarknet via CEDA
Alappuzha,Alappuzha Mandi,rice,2022-04-20,90.6,2662,Agmarknet via CEDA
Alappuzha,Harippad Market,rice,2022-04-20,74.8,2724,Agmarknet via CEDA
Alappuzha,Ambalapuzha Market,rice,2022-04-20,83.1,2730,Agmarknet via CEDA
Kottayam,Changanassery Market,rice,2022-04-20,133.4,2670,Agmarknet via CEDA
Kottayam,Kottayam Market,rice,2022-04-20,57.5,2715,Agmarknet via CEDA
Alappuzha,Alappuzha Mandi,rice,2022-04-22,90.7,2662,Agmarknet via CEDA
Alappuzha,Harippad Market,rice,2022-04-22,69.5,2707,Agmarknet via CEDA
Alappuzha,Ambalapuzha Market,rice,2022-04-22,72.7,2671,Agmarknet via CEDA
Kottayam,Changanassery Market,rice,2022-04-22,133.8,2687,Agmarknet via CEDA
Kottayam,Kottayam Market,rice,2022-04-22,75.3,2730,Agmarknet via CEDA
Alappuzha,Alappuzha Mandi,rice,2022-04-26,115.8,2705,Agmarknet via CEDA
Alappuzha,Harippad Market,rice,2022-04-26,76.1,2694,Agmarknet via CEDA
Alappuzha,Ambalapuzha Market,rice,2022-04-26,80.1,2687,Agmarknet via CEDA
Kottayam,Changanassery Market,rice,2022-04-26,116.8,2696,Agmarknet via CEDA
Kottayam,Kottayam Market,rice,2022-04-26,82.5,2724,Agmarknet via CEDA
Alappuzha,Alappuzha Mandi,rice,2022-04-28,145.0,2613,Agmarknet via CEDA
Alappuzha,Harippad Market,rice,2022-04-28,72.9,2703,Agmarknet via CEDA
Alappuzha,Ambalapuzha Market,rice,2022-04-28,65.5,2766,Agmarknet via CEDA
Kottayam,Changanassery Market,rice,2022-04-28,131.3,2690,Agmarknet via CEDA
Kottayam,Kottayam Market,rice,2022-04-28,65.6,2720,Agmarknet via CEDA
Alappuzha,Alappuzha Mandi,rice,2022-04-30,98.6,2668,Agmarknet via CEDA
Alappuzha,Harippad Market,rice,2022-04-30,83.7,2687,Agmarknet via CEDA
Alappuzha,Ambalapuzha Market,rice,2022-04-30,53.4,2726,Agmarknet via CEDA
Kottayam,Changanassery Market,rice,2022-04-30,128.7,2637,Agmarknet via CEDA
Kottayam,Kottayam Market,rice,2022-04-30,55.0,2766,Agmarknet via CEDA
Alappuzha,Alappuzha Mandi,rice,2022-05-02,22.9,2790,Agmarknet via CEDA
Alappuzha,Harippad Market,rice,2022-05-02,14.7,2740,Agmarknet via CEDA
Alappuzha,Ambalapuzha Market,rice,2022-05-02,13.1,2818,Agmarknet via CEDA
Kottayam,Changanassery Market,rice,2022-05-02,19.7,2754,Agmarknet via CEDA
Kottayam,Kottayam Market,rice,2022-05-02,13.9,2770,Agmarknet via CEDA
Alappuzha,Alappuzha Mandi,rice,2022-05-04,29.6,2745,Agmarknet via CEDA
Alappuzha,Harippad Market,rice,2022-05-04,13.2,2743,Agmarknet via CEDA
Alappuzha,Ambalapuzha Market,rice,2022-05-04,10.7,2764,Agmarknet via CEDA
Kottayam,Changanassery Market,rice,2022-05-04,27.1,2714,Agmarknet via CEDA
Kottayam,Kottayam Market,rice,2022-05-04,16.8,2759,Agmarknet via CEDA
Alappuzha,Alappuzha Mandi,rice,2022-05-06,19.4,2763,Agmarknet via CEDA
Alappuzha,Harippad Market,rice,2022-05-06,16.7,2774,Agmarknet via CEDA
Alappuzha,Ambalapuzha Market,rice,2022-05-06,14.7,2731,Agmarknet via CEDA
Kottayam,Changanassery Market,rice,2022-05-06,22.1,2726,Agmarknet via CEDA
Kottayam,Kottayam Market,rice,2022-05-06,14.3,2774,Agmarknet via CEDA
Alappuzha,Alappuzha Mandi,rice,2022-05-10,24.5,2732,Agmarknet via CEDA
Alappuzha,Harippad Market,rice,2022-05-10,15.8,2763,Agmarknet via CEDA
Alappuzha,Ambalapuzha Market,rice,2022-05-10,12.6,2802,Agmarknet via CEDA
Kottayam,Changanassery Market,rice,2022-05-10,21.1,2733,Agmarknet via CEDA
Kottayam,Kottayam Market,rice,2022-05-10,17.3,2746,Agmarknet via CEDA
Alappuzha,Alappuzha Mandi,rice,2022-05-12,24.7,2785,Agmarknet via CEDA
Alappuzha,Harippad Market,rice,2022-05-12,11.5,2727,Agmarknet via CEDA
Alappuzha,Ambalapuzha Market,rice,2022-05-12,13.6,2765,Agmarknet via CEDA
Kottayam,Changanassery Market,rice,2022-05-12,22.8,2821,Agmarknet via CEDA
Kottayam,Kottayam Market,rice,2022-05-12,17.5,2774,Agmarknet via CEDA
Alappuzha,Alappuzha Mandi,rice,2022-05-14,24.8,2783,Agmarknet via CEDA
Alappuzha,Harippad Market,rice,2022-05-14,14.8,2758,Agmarknet via CEDA
Alappuzha,Ambalapuzha Market,rice,2022-05-14,10.8,2741,Agmarknet via CEDA
Kottayam,Changanassery Market,rice,2022-05-14,23.7,2724,Agmarknet via CEDA
Kottayam,Kottayam Market,rice,2022-05-14,17.2,2773,Agmarknet via CEDA
Alappuzha,Alappuzha Mandi,rice,2022-05-16,28.9,2764,Agmarknet via CEDA
Alappuzha,Harippad Market,rice,2022-05-16,16.6,2812,Agmarknet via CEDA
Alappuzha,Ambalapuzha Market,rice,2022-05-16,11.4,2763,Agmarknet via CEDA
Kottayam,Changanassery Market,rice,2022-05-16,27.5,2766,Agmarknet via CEDA
Kottayam,Kottayam Market,rice,2022-05-16,12.4,2768,Agmarknet via CEDA
Alappuzha,Alappuzha Mandi,rice,2022-05-18,29.8,2727,Agmarknet via CEDA
Alappuzha,Harippad Market,rice,2022-05-18,13.9,2777,Agmarknet via CEDA
Alappuzha,Ambalapuzha Market,rice,2022-05-18,13.1,2797,Agmarknet via CEDA
Kottayam,Changanassery Market,rice,2022-05-18,21.4,2780,Agmarknet via CEDA
Kottayam,Kottayam Market,rice,2022-05-18,13.2,2753,Agmarknet via CEDA
Alappuzha,Alappuzha Mandi,rice,2022-05-20,24.1,2829,Agmarknet via CEDA
Alappuzha,Harippad Market,rice,2022-05-20,16.6,2761,Agmarknet via CEDA
Alappuzha,Ambalapuzha Market,rice,2022-05-20,17.4,2797,Agmarknet via CEDA
Kottayam,Changanassery Market,rice,2022-05-20,27.2,2750,Agmarknet via CEDA
Kottayam,Kottayam Market,rice,2022-05-20,14.5,2799,Agmarknet via CEDA
Alappuzha,Alappuzha Mandi,rice,2022-05-24,28.7,2752,Agmarknet via CEDA
Alappuzha,Harippad Market,rice,2022-05-24,10.9,2769,Agmarknet via CEDA
Alappuzha,Ambalapuzha Market,rice,2022-05-24,14.1,2795,Agmarknet via CEDA
Kottayam,Changanassery Market,rice,2022-05-24,25.5,2809,Agmarknet via CEDA
Kottayam,Kottayam Market,rice,2022-05-24,15.6,2763,Agmarknet via CEDA
Alappuzha,Alappuzha Mandi,rice,2022-05-26,26.3,2749,Agmarknet via CEDA
Alappuzha,Harippad Market,rice,2022-05-26,13.0,2752,Agmarknet via CEDA
Alappuzha,Ambalapuzha Market,rice,2022-05-26,16.1,2746,Agmarknet via CEDA
Kottayam,Changanassery Market,rice,2022-05-26,29.5,2740,Agmarknet via CEDA
Kottayam,Kottayam Market,rice,2022-05-26,10.6,2760,Agmarknet via CEDA
Alappuzha,Alappuzha Mandi,rice,2022-05-28,18.2,2788,Agmarknet via CEDA
Alappuzha,Harippad Market,rice,2022-05-28,15.7,2782,Agmarknet via CEDA
Alappuzha,Ambalapuzha Market,rice,2022-05-28,11.5,2790,Agmarknet via CEDA
Kottayam,Changanassery Market,rice,2022-05-28,27.0,2776,Agmarknet via CEDA
Kottayam,Kottayam Market,rice,2022-05-28,15.9,2798,Agmarknet via CEDA
Alappuzha,Alappuzha Mandi,rice,2022-05-30,28.2,2739,Agmarknet via CEDA
Alappuzha,Harippad Market,rice,2022-05-30,13.9,2775,Agmarknet via CEDA
Alappuzha,Ambalapuzha Market,rice,2022-05-30,11.0,2732,Agmarknet via CEDA
Kottayam,Changanassery Market,rice,2022-05-30,18.8,2725,Agmarknet via CEDA
Kottayam,Kottayam Market,rice,2022-05-30,12.9,2774,Agmarknet via CEDA
Alappuzha,Alappuzha Mandi,rice,2022-06-01,29.4,2754,Agmarknet via CEDA
Alappuzha,Harippad Market,rice,2022-06-01,11.0,2773,Agmarknet via CEDA
Alappuzha,Ambalapuzha Market,rice,2022-06-01,12.6,2787,Agmarknet via CEDA
Kottayam,Changanassery Market,rice,2022-06-01,18.9,2802,Agmarknet via CEDA
Kottayam,Kottayam Market,rice,2022-06-01,15.4,2769,Agmarknet via CEDA
Alappuzha,Alappuzha Mandi,rice,2022-06-03,18.6,2762,Agmarknet via CEDA
Alappuzha,Harippad Market,rice,2022-06-03,12.6,2754,Agmarknet via CEDA
Alappuzha,Ambalapuzha Market,rice,2022-06-03,12.1,2794,Agmarknet via CEDA
Kottayam,Changanassery Market,rice,2022-06-03,29.2,2741,Agmarknet via CEDA
Kottayam,Kottayam Market,rice,2022-06-03,13.3,2764,Agmarknet via CEDA
Alappuzha,Alappuzha Mandi,rice,2022-06-07,23.7,2778,Agmarknet via CEDA
Alappuzha,Harippad Market,rice,2022-06-07,12.1,2774,Agmarknet via CEDA
Alappuzha,Ambalapuzha Market,rice,2022-06-07,14.7,2770,Agmarknet via CEDA
Kottayam,Changanassery Market,rice,2022-06-07,22.3,2742,Agmarknet via CEDA
Kottayam,Kottayam Market,rice,2022-06-07,16.7,2776,Agmarknet via CEDA
Alappuzha,Alappuzha Mandi,rice,2022-06-09,24.0,2816,Agmarknet via CEDA
Alappuzha,Harippad Market,rice,2022-06-09,14.9,2737,Agmarknet via CEDA
Alappuzha,Ambalapuzha Market,rice,2022-06-09,11.0,2745,Agmarknet via CEDA
Kottayam,Changanassery Market,rice,2022-06-09,26.6,2779,Agmarknet via CEDA
Kottayam,Kottayam Market,rice,2022-06-09,16.3,2774,Agmarknet via CEDA
Alappuzha,Alappuzha Mandi,rice,2022-06-11,24.2,2796,Agmarknet via CEDA
Alappuzha,Harippad Market,rice,2022-06-11,11.5,2754,Agmarknet via CEDA
Alappuzha,Ambalapuzha Market,rice,2022-06-11,14.0,2792,Agmarknet via CEDA
Kottayam,Changanassery Market,rice,2022-06-11,21.4,2772,Agmarknet via CEDA
Kottayam,Kottayam Market,rice,2022-06-11,10.9,2749,Agmarknet via CEDA
Alappuzha,Alappuzha Mandi,rice,2022-06-13,27.0,2743,Agmarknet via CEDA
Alappuzha,Harippad Market,rice,2022-06-13,12.4,2772,Agmarknet via CEDA
Alappuzha,Ambalapuzha Market,rice,2022-06-13,15.4,2747,Agmarknet via CEDA
Kottayam,Changanassery Market,rice,2022-06-13,19.2,2794,Agmarknet via CEDA
Kottayam,Kottayam Market,rice,2022-06-13,13.0,2789,Agmarknet via CEDA
Alappuzha,Alappuzha Mandi,rice,2022-06-15,21.8,2751,Agmarknet via CEDA
Alappuzha,Harippad Market,rice,2022-06-15,16.0,2764,Agmarknet via CEDA
Alappuzha,Ambalapuzha Market,rice,2022-06-15,16.9,2791,Agmarknet via CEDA
Kottayam,Changanassery Market,rice,2022-06-15,22.5,2761,Agmarknet via CEDA
Kottayam,Kottayam Market,rice,2022-06-15,13.2,2820,Agmarknet via CEDA
Alappuzha,Alappuzha Mandi,rice,2022-06-17,25.6,2773,Agmarknet via CEDA
Alappuzha,Harippad Market,rice,2022-06-17,15.2,2749,Agmarknet via CEDA
Alappuzha,Ambalapuzha Market,rice,2022-06-17,17.3,2741,Agmarknet via CEDA
Kottayam,Changanassery Market,rice,2022-06-17,19.3,2792,Agmarknet via CEDA
Kottayam,Kottayam Market,rice,2022-06-17,16.0,2757,Agmarknet via CEDA
Alappuzha,Alappuzha Mandi,rice,2022-06-21,22.3,2767,Agmarknet via CEDA
Alappuzha,Harippad Market,rice,2022-06-21,17.2,2697,Agmarknet via CEDA
Alappuzha,Ambalapuzha Market,rice,2022-06-21,13.7,2771,Agmarknet via CEDA
Kottayam,Changanassery Market,rice,2022-06-21,20.5,2729,Agmarknet via CEDA
Kottayam,Kottayam Market,rice,2022-06-21,10.9,2737,Agmarknet via CEDA
Alappuzha,Alappuzha Mandi,rice,2022-06-23,27.2,2790,Agmarknet via CEDA
Alappuzha,Harippad Market,rice,2022-06-23,16.5,2760,Agmarknet via CEDA
Alappuzha,Ambalapuzha Market,rice,2022-06-23,12.0,2763,Agmarknet via CEDA
Kottayam,Changanassery Market,rice,2022-06-23,28.6,2810,Agmarknet via CEDA
Kottayam,Kottayam Market,rice,2022-06-23,12.0,2796,Agmarknet via CEDA
Alappuzha,Alappuzha Mandi,rice,2022-06-25,21.5,2804,Agmarknet via CEDA
Alappuzha,Harippad Market,rice,2022-06-25,11.5,2804,Agmarknet via CEDA
Alappuzha,Ambalapuzha Market,rice,2022-06-25,12.7,2791,Agmarknet via CEDA
Kottayam,Changanassery Market,rice,2022-06-25,25.7,2799,Agmarknet via CEDA
Kottayam,Kottayam Market,rice,2022-06-25,11.9,2753,Agmarknet via CEDA
Alappuzha,Alappuzha Mandi,rice,2022-06-27,28.7,2736,Agmarknet via CEDA
Alappuzha,Harippad Market,rice,2022-06-27,10.9,2737,Agmarknet via CEDA
Alappuzha,Ambalapuzha Market,rice,2022-06-27,11.3,2729,Agmarknet via CEDA
Kottayam,Changanassery Market,rice,2022-06-27,28.0,2761,Agmarknet via CEDA
Kottayam,Kottayam Market,rice,2022-06-27,10.6,2735,Agmarknet via CEDA
Alappuzha,Alappuzha Mandi,rice,2022-06-29,18.2,2738,Agmarknet via CEDA
Alappuzha,Harippad Market,rice,2022-06-29,11.4,2767,Agmarknet via CEDA
Alappuzha,Ambalapuzha Market,rice,2022-06-29,13.3,2705,Agmarknet via CEDA
Kottayam,Changanassery Market,rice,2022-06-29,24.4,2759,Agmarknet via CEDA
Kottayam,Kottayam Market,rice,2022-06-29,13.7,2771,Agmarknet via CEDA
Alappuzha,Alappuzha Mandi,rice,2022-07-01,29.6,2807,Agmarknet via CEDA
Alappuzha,Harippad Market,rice,2022-07-01,12.7,2777,Agmarknet via CEDA
Alappuzha,Ambalapuzha Market,rice,2022-07-01,15.9,2772,Agmarknet via CEDA
Kottayam,Changanassery Market,rice,2022-07-01,29.7,2795,Agmarknet via CEDA
Kottayam,Kottayam Market,rice,2022-07-01,11.4,2766,Agmarknet via CEDA
Alappuzha,Alappuzha Mandi,rice,2022-07-05,21.2,2769,Agmarknet via CEDA
Alappuzha,Harippad Market,rice,2022-07-05,10.6,2798,Agmarknet via CEDA
Alappuzha,Ambalapuzha Market,rice,2022-07-05,14.1,2751,Agmarknet via CEDA
Kottayam,Changanassery Market,rice,2022-07-05,22.2,2788,Agmarknet via CEDA
Kottayam,Kottayam Market,rice,2022-07-05,17.3,2734,Agmarknet via CEDA
Alappuzha,Alappuzha Mandi,rice,2022-07-07,28.2,2775,Agmarknet via CEDA
Alappuzha,Harippad Market,rice,2022-07-07,13.7,2787,Agmarknet via CEDA
Alappuzha,Ambalapuzha Market,rice,2022-07-07,13.3,2761,Agmarknet via CEDA
Kottayam,Changanassery Market,rice,2022-07-07,20.7,2760,Agmarknet via CEDA
Kottayam,Kottayam Market,rice,2022-07-07,12.2,2813,Agmarknet via CEDA
Alappuzha,Alappuzha Mandi,rice,2022-07-09,23.7,2759,Agmarknet via CEDA
Alappuzha,Harippad Market,rice,2022-07-09,10.9,2786,Agmarknet via CEDA
Alappuzha,Ambalapuzha Market,rice,2022-07-09,11.0,2774,Agmarknet via CEDA
Kottayam,Changanassery Market,rice,2022-07-09,22.4,2746,Agmarknet via CEDA
Kottayam,Kottayam Market,rice,2022-07-09,11.5,2757,Agmarknet via CEDA
Alappuzha,Alappuzha Mandi,rice,2022-07-11,25.5,2770,Agmarknet via CEDA
Alappuzha,Harippad Market,rice,2022-07-11,11.5,2808,Agmarknet via CEDA
Alappuzha,Ambalapuzha Market,rice,2022-07-11,16.2,2736,Agmarknet via CEDA
Kottayam,Changanassery Market,rice,2022-07-11,26.1,2799,Agmarknet via CEDA
Kottayam,Kottayam Market,rice,2022-07-11,12.3,2788,Agmarknet via CEDA
Alappuzha,Alappuzha Mandi,rice,2022-07-13,21.5,2758,Agmarknet via CEDA
Alappuzha,Harippad Market,rice,2022-07-13,13.8,2779,Agmarknet via CEDA
Alappuzha,Ambalapuzha Market,rice,2022-07-13,10.9,2788,Agmarknet via CEDA
Kottayam,Changanassery Market,rice,2022-07-13,19.8,2738,Agmarknet via CEDA
Kottayam,Kottayam Market,rice,2022-07-13,17.2,2763,Agmarknet via CEDA
Alappuzha,Alappuzha Mandi,rice,2022-07-15,24.4,2761,Agmarknet via CEDA
Alappuzha,Harippad Market,rice,2022-07-15,15.3,2728,Agmarknet via CEDA
Alappuzha,Ambalapuzha Market,rice,2022-07-15,11.0,2794,Agmarknet via CEDA
Kottayam,Changanassery Market,rice,2022-07-15,23.5,2747,Agmarknet via CEDA
Kottayam,Kottayam Market,rice,2022-07-15,14.3,2756,Agmarknet via CEDA
Alappuzha,Alappuzha Mandi,rice,2022-07-19,20.0,2763,Agmarknet via CEDA
Alappuzha,Harippad Market,rice,2022-07-19,13.6,2782,Agmarknet via CEDA
Alappuzha,Ambalapuzha Market,rice,2022-07-19,12.2,2781,Agmarknet via CEDA
Kottayam,Changanassery Market,rice,2022-07-19,29.5,2758,Agmarknet via CEDA
Kottayam,Kottayam Market,rice,2022-07-19,12.3,2780,Agmarknet via CEDA
Alappuzha,Alappuzha Mandi,rice,2022-07-21,23.2,2744,Agmarknet via CEDA
Alappuzha,Harippad Market,rice,2022-07-21,14.9,2773,Agmarknet via CEDA
Alappuzha,Ambalapuzha Market,rice,2022-07-21,17.4,2781,Agmarknet via CEDA
Kottayam,Changanassery Market,rice,2022-07-21,28.9,2743,Agmarknet via CEDA
Kottayam,Kottayam Market,rice,2022-07-21,17.1,2768,Agmarknet via CEDA
Alappuzha,Alappuzha Mandi,rice,2022-07-23,29.7,2771,Agmarknet via CEDA
Alappuzha,Harippad Market,rice,2022-07-23,15.8,2766,Agmarknet via CEDA
Alappuzha,Ambalapuzha Market,rice,2022-07-23,15.5,2738,Agmarknet via CEDA
Kottayam,Changanassery Market,rice,2022-07-23,21.0,2799,Agmarknet via CEDA
Kottayam,Kottayam Market,rice,2022-07-23,11.6,2802,Agmarknet via CEDA
Alappuzha,Alappuzha Mandi,rice,2022-07-25,24.8,2761,Agmarknet via CEDA
Alappuzha,Harippad Market,rice,2022-07-25,10.6,2812,Agmarknet via CEDA
Alappuzha,Ambalapuzha Market,rice,2022-07-25,10.6,2788,Agmarknet via CEDA
Kottayam,Changanassery Market,rice,2022-07-25,20.7,2759,Agmarknet via CEDA
Kottayam,Kottayam Market,rice,2022-07-25,14.9,2752,Agmarknet via CEDA
Alappuzha,Alappuzha Mandi,rice,2022-07-27,28.2,2731,Agmarknet via CEDA
Alappuzha,Harippad Market,rice,2022-07-27,15.6,2765,Agmarknet via CEDA
Alappuzha,Ambalapuzha Market,rice,2022-07-27,10.7,2751,Agmarknet via CEDA
Kottayam,Changanassery Market,rice,2022-07-27,23.8,2742,Agmarknet via CEDA
Kottayam,Kottayam Market,rice,2022-07-27,12.5,2780,Agmarknet via CEDA
Alappuzha,Alappuzha Mandi,rice,2022-07-29,22.8,2729,Agmarknet via CEDA
Alappuzha,Harippad Market,rice,2022-07-29,15.8,2728,Agmarknet via CEDA
Alappuzha,Ambalapuzha Market,rice,2022-07-29,16.9,2770,Agmarknet via CEDA
Kottayam,Changanassery Market,rice,2022-07-29,22.3,2778,Agmarknet via CEDA
Kottayam,Kottayam Market,rice,2022-07-29,16.0,2779,Agmarknet via CEDA
Alappuzha,Alappuzha Mandi,rice,2022-08-02,22.3,2724,Agmarknet via CEDA
Alappuzha,Harippad Market,rice,2022-08-02,15.1,2751,Agmarknet via CEDA
Alappuzha,Ambalapuzha Market,rice,2022-08-02,16.9,2753,Agmarknet via CEDA
Kottayam,Changanassery Market,rice,2022-08-02,19.2,2728,Agmarknet via CEDA
Kottayam,Kottayam Market,rice,2022-08-02,10.8,2774,Agmarknet via CEDA
Alappuzha,Alappuzha Mandi,rice,2022-08-04,18.4,2772,Agmarknet via CEDA
Alappuzha,Harippad Market,rice,2022-08-04,12.5,2767,Agmarknet via CEDA
Alappuzha,Ambalapuzha Market,rice,2022-08-04,17.2,2729,Agmarknet via CEDA
Kottayam,Changanassery Market,rice,2022-08-04,25.0,2810,Agmarknet via CEDA
Kottayam,Kottayam Market,rice,2022-08-04,14.1,2750,Agmarknet via CEDA
Alappuzha,Alappuzha Mandi,rice,2022-08-06,22.2,2787,Agmarknet via CEDA
Alappuzha,Harippad Market,rice,2022-08-06,16.8,2803,Agmarknet via CEDA
Alappuzha,Ambalapuzha Market,rice,2022-08-06,13.8,2760,Agmarknet via CEDA
Kottayam,Changanassery Market,rice,2022-08-06,24.0,2772,Agmarknet via CEDA
Kottayam,Kottayam Market,rice,2022-08-06,11.8,2739,Agmarknet via CEDA
Alappuzha,Alappuzha Mandi,rice,2022-08-08,22.0,2754,Agmarknet via CEDA
Alappuzha,Harippad Market,rice,2022-08-08,11.0,2784,Agmarknet via CEDA
Alappuzha,Ambalapuzha Market,rice,2022-08-08,11.0,2773,Agmarknet via CEDA
Kottayam,Changanassery Market,rice,2022-08-08,22.9,2780,Agmarknet via CEDA
Kottayam,Kottayam Market,rice,2022-08-08,16.2,2756,Agmarknet via CEDA
Alappuzha,Alappuzha Mandi,rice,2022-08-10,26.3,2784,Agmarknet via CEDA
Alappuzha,Harippad Market,rice,2022-08-10,15.9,2745,Agmarknet via CEDA
Alappuzha,Ambalapuzha Market,rice,2022-08-10,16.6,2778,Agmarknet via CEDA
Kottayam,Changanassery Market,rice,2022-08-10,24.5,2747,Agmarknet via CEDA
Kottayam,Kottayam Market,rice,2022-08-10,10.8,2731,Agmarknet via CEDA
Alappuzha,Alappuzha Mandi,rice,2022-08-12,19.5,2783,Agmarknet via CEDA
Alappuzha,Harippad Market,rice,2022-08-12,10.9,2709,Agmarknet via CEDA
Alappuzha,Ambalapuzha Market,rice,2022-08-12,17.3,2749,Agmarknet via CEDA
Kottayam,Changanassery Market,rice,2022-08-12,21.6,2738,Agmarknet via CEDA
Kottayam,Kottayam Market,rice,2022-08-12,12.1,2802,Agmarknet via CEDA
Alappuzha,Alappuzha Mandi,rice,2022-08-16,28.2,2779,Agmarknet via CEDA
Alappuzha,Harippad Market,rice,2022-08-16,13.5,2744,Agmarknet via CEDA
Alappuzha,Ambalapuzha Market,rice,2022-08-16,15.5,2739,Agmarknet via CEDA
Kottayam,Changanassery Market,rice,2022-08-16,27.8,2747,Agmarknet via CEDA
Kottayam,Kottayam Market,rice,2022-08-16,16.8,2739,Agmarknet via CEDA
Alappuzha,Alappuzha Mandi,rice,2022-08-18,27.7,2795,Agmarknet via CEDA
Alappuzha,Harippad Market,rice,2022-08-18,15.1,2726,Agmarknet via CEDA
Alappuzha,Ambalapuzha Market,rice,2022-08-18,11.0,2818,Agmarknet via CEDA
Kottayam,Changanassery Market,rice,2022-08-18,20.0,2775,Agmarknet via CEDA
Kottayam,Kottayam Market,rice,2022-08-18,16.0,2783,Agmarknet via CEDA
Alappuzha,Alappuzha Mandi,rice,2022-08-20,18.5,2769,Agmarknet via CEDA
Alappuzha,Harippad Market,rice,2022-08-20,12.4,2732,Agmarknet via CEDA
Alappuzha,Ambalapuzha Market,rice,2022-08-20,15.5,2789,Agmarknet via CEDA
Kottayam,Changanassery Market,rice,2022-08-20,27.1,2760,Agmarknet via CEDA
Kottayam,Kottayam Market,rice,2022-08-20,14.1,2746,Agmarknet via CEDA
Alappuzha,Alappuzha Mandi,rice,2022-08-22,22.4,2790,Agmarknet via CEDA
Alappuzha,Harippad Market,rice,2022-08-22,13.7,2795,Agmarknet via CEDA
Alappuzha,Ambalapuzha Market,rice,2022-08-22,16.9,2795,Agmarknet via CEDA
Kottayam,Changanassery Market,rice,2022-08-22,28.3,2781,Agmarknet via CEDA
Kottayam,Kottayam Market,rice,2022-08-22,12.4,2758,Agmarknet via CEDA
Alappuzha,Alappuzha Mandi,rice,2022-08-24,22.1,2777,Agmarknet via CEDA
Alappuzha,Harippad Market,rice,2022-08-24,12.8,2798,Agmarknet via CEDA
Alappuzha,Ambalapuzha Market,rice,2022-08-24,14.4,2793,Agmarknet via CEDA
Kottayam,Changanassery Market,rice,2022-08-24,29.4,2697,Agmarknet via CEDA
Kottayam,Kottayam Market,rice,2022-08-24,11.6,2770,Agmarknet via CEDA
Alappuzha,Alappuzha Mandi,rice,2022-08-26,27.4,2741,Agmarknet via CEDA
Alappuzha,Harippad Market,rice,2022-08-26,10.7,2809,Agmarknet via CEDA
Alappuzha,Ambalapuzha Market,rice,2022-08-26,16.4,2767,Agmarknet via CEDA
Kottayam,Changanassery Market,rice,2022-08-26,20.8,2776,Agmarknet via CEDA
Kottayam,Kottayam Market,rice,2022-08-26,15.4,2774,Agmarknet via CEDA
Alappuzha,Alappuzha Mandi,rice,2022-08-30,29.6,2790,Agmarknet via CEDA
Alappuzha,Harippad Market,rice,2022-08-30,10.9,2818,Agmarknet via CEDA
Alappuzha,Ambalapuzha Market,rice,2022-08-30,16.5,2769,Agmarknet via CEDA
Kottayam,Changanassery Market,rice,2022-08-30,20.2,2771,Agmarknet via CEDA
Kottayam,Kottayam Market,rice,2022-08-30,13.3,2805,Agmarknet via CEDA
Alappuzha,Alappuzha Mandi,rice,2022-09-01,63.6,2700,Agmarknet via CEDA
Alappuzha,Harippad Market,rice,2022-09-01,53.9,2711,Agmarknet via CEDA
Alappuzha,Ambalapuzha Market,rice,2022-09-01,49.4,2724,Agmarknet via CEDA
Kottayam,Changanassery Market,rice,2022-09-01,82.9,2731,Agmarknet via CEDA
Kottayam,Kottayam Market,rice,2022-09-01,47.1,2744,Agmarknet via CEDA
Alappuzha,Alappuzha Mandi,rice,2022-09-03,69.7,2707,Agmarknet via CEDA
Alappuzha,Harippad Market,rice,2022-09-03,41.1,2778,Agmarknet via CEDA
Alappuzha,Ambalapuzha Market,rice,2022-09-03,41.7,2709,Agmarknet via CEDA
Kottayam,Changanassery Market,rice,2022-09-03,87.1,2691,Agmarknet via CEDA
Kottayam,Kottayam Market,rice,2022-09-03,52.0,2734,Agmarknet via CEDA
Alappuzha,Alappuzha Mandi,rice,2022-09-05,69.6,2768,Agmarknet via CEDA
Alappuzha,Harippad Market,rice,2022-09-05,41.7,2730,Agmarknet via CEDA
Alappuzha,Ambalapuzha Market,rice,2022-09-05,35.4,2765,Agmarknet via CEDA
Kottayam,Changanassery Market,rice,2022-09-05,83.5,2707,Agmarknet via CEDA
Kottayam,Kottayam Market,rice,2022-09-05,49.4,2710,Agmarknet via CEDA
Alappuzha,Alappuzha Mandi,rice,2022-09-07,74.8,2731,Agmarknet via CEDA
Alappuzha,Harippad Market,rice,2022-09-07,51.2,2731,Agmarknet via CEDA
Alappuzha,Ambalapuzha Market,rice,2022-09-07,40.4,2734,Agmarknet via CEDA
Kottayam,Changanassery Market,rice,2022-09-07,75.3,2685,Agmarknet via CEDA
Kottayam,Kottayam Market,rice,2022-09-07,56.2,2736,Agmarknet via CEDA
Alappuzha,Alappuzha Mandi,rice,2022-09-09,62.9,2766,Agmarknet via CEDA
Alappuzha,Harippad Market,rice,2022-09-09,50.2,2724,Agmarknet via CEDA
Alappuzha,Ambalapuzha Market,rice,2022-09-09,43.7,2717,Agmarknet via CEDA
Kottayam,Changanassery Market,rice,2022-09-09,68.8,2682,Agmarknet via CEDA
Kottayam,Kottayam Market,rice,2022-09-09,38.8,2705,Agmarknet via CEDA
Alappuzha,Alappuzha Mandi,rice,2022-09-13,69.7,2720,Agmarknet via CEDA
Alappuzha,Harippad Market,rice,2022-09-13,49.1,2742,Agmarknet via CEDA
Alappuzha,Ambalapuzha Market,rice,2022-09-13,35.9,2761,Agmarknet via CEDA
Kottayam,Changanassery Market,rice,2022-09-13,61.4,2728,Agmarknet via CEDA
Kottayam,Kottayam Market,rice,2022-09-13,36.2,2756,Agmarknet via CEDA
Alappuzha,Alappuzha Mandi,rice,2022-09-15,81.9,2750,Agmarknet via CEDA
Alappuzha,Harippad Market,rice,2022-09-15,40.2,2779,Agmarknet via CEDA
Alappuzha,Ambalapuzha Market,rice,2022-09-15,34.5,2782,Agmarknet via CEDA
Kottayam,Changanassery Market,rice,2022-09-15,82.3,2737,Agmarknet via CEDA
Kottayam,Kottayam Market,rice,2022-09-15,41.2,2763,Agmarknet via CEDA
Alappuzha,Alappuzha Mandi,rice,2022-09-17,92.3,2665,Agmarknet via CEDA
Alappuzha,Harippad Market,rice,2022-09-17,55.7,2729,Agmarknet via CEDA
Alappuzha,Ambalapuzha Market,rice,2022-09-17,47.5,2749,Agmarknet via CEDA
Kottayam,Changanassery Market,rice,2022-09-17,85.8,2687,Agmarknet via CEDA
Kottayam,Kottayam Market,rice,2022-09-17,34.5,2795,Agmarknet via CEDA
Alappuzha,Alappuzha Mandi,rice,2022-09-19,81.2,2705,Agmarknet via CEDA
Alappuzha,Harippad Market,rice,2022-09-19,55.9,2694,Agmarknet via CEDA
Alappuzha,Ambalapuzha Market,rice,2022-09-19,43.2,2736,Agmarknet via CEDA
Kottayam,Changanassery Market,rice,2022-09-19,84.7,2721,Agmarknet via CEDA
Kottayam,Kottayam Market,rice,2022-09-19,56.4,2712,Agmarknet via CEDA
Alappuzha,Alappuzha Mandi,rice,2022-09-21,87.7,2704,Agmarknet via CEDA
Alappuzha,Harippad Market,rice,2022-09-21,54.9,2695,Agmarknet via CEDA
Alappuzha,Ambalapuzha Market,rice,2022-09-21,44.0,2734,Agmarknet via CEDA
Kottayam,Changanassery Market,rice,2022-09-21,86.7,2709,Agmarknet via CEDA
Kottayam,Kottayam Market,rice,2022-09-21,48.1,2739,Agmarknet via CEDA
Alappuzha,Alappuzha Mandi,rice,2022-09-23,83.4,2731,Agmarknet via CEDA
Alappuzha,Harippad Market,rice,2022-09-23,36.2,2727,Agmarknet via CEDA
Alappuzha,Ambalapuzha Market,rice,2022-09-23,38.7,2758,Agmarknet via CEDA
Kottayam,Changanassery Market,rice,2022-09-23,59.0,2746,Agmarknet via CEDA
Kottayam,Kottayam Market,rice,2022-09-23,39.8,2731,Agmarknet via CEDA
Alappuzha,Alappuzha Mandi,rice,2022-09-27,68.2,2702,Agmarknet via CEDA
Alappuzha,Harippad Market,rice,2022-09-27,35.5,2794,Agmarknet via CEDA
Alappuzha,Ambalapuzha Market,rice,2022-09-27,47.9,2734,Agmarknet via CEDA
Kottayam,Changanassery Market,rice,2022-09-27,84.7,2720,Agmarknet via CEDA
Kottayam,Kottayam Market,rice,2022-09-27,52.8,2748,Agmarknet via CEDA
Alappuzha,Alappuzha Mandi,rice,2022-09-29,94.9,2666,Agmarknet via CEDA
Alappuzha,Harippad Market,rice,2022-09-29,48.2,2746,Agmarknet via CEDA
Alappuzha,Ambalapuzha Market,rice,2022-09-29,51.0,2743,Agmarknet via CEDA
Kottayam,Changanassery Market,rice,2022-09-29,61.2,2773,Agmarknet via CEDA
Kottayam,Kottayam Market,rice,2022-09-29,42.6,2750,Agmarknet via CEDA
Alappuzha,Alappuzha Mandi,rice,2022-10-01,79.5,2734,Agmarknet via CEDA
Alappuzha,Harippad Market,rice,2022-10-01,40.2,2768,Agmarknet via CEDA
Alappuzha,Ambalapuzha Market,rice,2022-10-01,49.3,2733,Agmarknet via CEDA
Kottayam,Changanassery Market,rice,2022-10-01,89.2,2760,Agmarknet via CEDA
Kottayam,Kottayam Market,rice,2022-10-01,39.8,2729,Agmarknet via CEDA
Alappuzha,Alappuzha Mandi,rice,2022-10-03,86.0,2669,Agmarknet via CEDA
Alappuzha,Harippad Market,rice,2022-10-03,48.9,2690,Agmarknet via CEDA
Alappuzha,Ambalapuzha Market,rice,2022-10-03,55.4,2723,Agmarknet via CEDA
Kottayam,Changanassery Market,rice,2022-10-03,59.4,2687,Agmarknet via CEDA
Kottayam,Kottayam Market,rice,2022-10-03,41.0,2730,Agmarknet via CEDA
Alappuzha,Alappuzha Mandi,rice,2022-10-05,77.7,2716,Agmarknet via CEDA
Alappuzha,Harippad Market,rice,2022-10-05,55.2,2741,Agmarknet via CEDA
Alappuzha,Ambalapuzha Market,rice,2022-10-05,43.4,2736,Agmarknet via CEDA
Kottayam,Changanassery Market,rice,2022-10-05,84.1,2693,Agmarknet via CEDA
Kottayam,Kottayam Market,rice,2022-10-05,37.8,2738,Agmarknet via CEDA
Alappuzha,Alappuzha Mandi,rice,2022-10-07,61.2,2744,Agmarknet via CEDA
Alappuzha,Harippad Market,rice,2022-10-07,54.2,2710,Agmarknet via CEDA
Alappuzha,Ambalapuzha Market,rice,2022-10-07,52.6,2720,Agmarknet via CEDA
Kottayam,Changanassery Market,rice,2022-10-07,69.8,2731,Agmarknet via CEDA
Kottayam,Kottayam Market,rice,2022-10-07,41.2,2749,Agmarknet via CEDA
Alappuzha,Alappuzha Mandi,rice,2022-10-11,79.4,2673,Agmarknet via CEDA
Alappuzha,Harippad Market,rice,2022-10-11,42.2,2772,Agmarknet via CEDA
Alappuzha,Ambalapuzha Market,rice,2022-10-11,52.1,2726,Agmarknet via CEDA
Kottayam,Changanassery Market,rice,2022-10-11,70.5,2693,Agmarknet via CEDA
Kottayam,Kottayam Market,rice,2022-10-11,45.6,2709,Agmarknet via CEDA
Alappuzha,Alappuzha Mandi,rice,2022-10-13,95.2,2728,Agmarknet via CEDA
Alappuzha,Harippad Market,rice,2022-10-13,45.6,2690,Agmarknet via CEDA
Alappuzha,Ambalapuzha Market,rice,2022-10-13,38.5,2760,Agmarknet via CEDA
Kottayam,Changanassery Market,rice,2022-10-13,91.2,2726,Agmarknet via CEDA
Kottayam,Kottayam Market,rice,2022-10-13,53.7,2727,Agmarknet via CEDA
Alappuzha,Alappuzha Mandi,rice,2022-10-15,82.3,2752,Agmarknet via CEDA
Alappuzha,Harippad Market,rice,2022-10-15,37.8,2725,Agmarknet via CEDA
Alappuzha,Ambalapuzha Market,rice,2022-10-15,49.9,2753,Agmarknet via CEDA
Kottayam,Changanassery Market,rice,2022-10-15,67.5,2727,Agmarknet via CEDA
Kottayam,Kottayam Market,rice,2022-10-15,37.8,2793,Agmarknet via CEDA
Alappuzha,Alappuzha Mandi,rice,2022-10-17,61.8,2722,Agmarknet via CEDA
Alappuzha,Harippad Market,rice,2022-10-17,42.2,2757,Agmarknet via CEDA
Alappuzha,Ambalapuzha Market,rice,2022-10-17,36.5,2754,Agmarknet via CEDA
Kottayam,Changanassery Market,rice,2022-10-17,82.2,2674,Agmarknet via CEDA
Kottayam,Kottayam Market,rice,2022-10-17,39.7,2745,Agmarknet via CEDA
Alappuzha,Alappuzha Mandi,rice,2022-10-19,67.6,2710,Agmarknet via CEDA
Alappuzha,Harippad Market,rice,2022-10-19,39.1,2752,Agmarknet via CEDA
Alappuzha,Ambalapuzha Market,rice,2022-10-19,46.8,2753,Agmarknet via CEDA
Kottayam,Changanassery Market,rice,2022-10-19,74.7,2752,Agmarknet via CEDA
Kottayam,Kottayam Market,rice,2022-10-19,50.0,2681,Agmarknet via CEDA
Alappuzha,Alappuzha Mandi,rice,2022-10-21,85.9,2709,Agmarknet via CEDA
Alappuzha,Harippad Market,rice,2022-10-21,43.5,2713,Agmarknet via CEDA
Alappuzha,Ambalapuzha Market,rice,2022-10-21,53.9,2750,Agmarknet via CEDA
Kottayam,Changanassery Market,rice,2022-10-21,63.0,2784,Agmarknet via CEDA
Kottayam,Kottayam Market,rice,2022-10-21,47.9,2733,Agmarknet via CEDA
Alappuzha,Alappuzha Mandi,rice,2022-10-25,64.1,2708,Agmarknet via CEDA
Alappuzha,Harippad Market,rice,2022-10-25,49.9,2728,Agmarknet via CEDA
Alappuzha,Ambalapuzha Market,rice,2022-10-25,54.5,2704,Agmarknet via CEDA
Kottayam,Changanassery Market,rice,2022-10-25,66.5,2658,Agmarknet via CEDA
Kottayam,Kottayam Market,rice,2022-10-25,34.5,2759,Agmarknet via CEDA
Alappuzha,Alappuzha Mandi,rice,2022-10-27,89.4,2705,Agmarknet via CEDA
Alappuzha,Harippad Market,rice,2022-10-27,46.9,2723,Agmarknet via CEDA
Alappuzha,Ambalapuzha Market,rice,2022-10-27,48.4,2713,Agmarknet via CEDA
Kottayam,Changanassery Market,rice,2022-10-27,58.9,2753,Agmarknet via CEDA
Kottayam,Kottayam Market,rice,2022-10-27,50.6,2770,Agmarknet via CEDA
Alappuzha,Alappuzha Mandi,rice,2022-10-29,90.5,2708,Agmarknet via CEDA
Alappuzha,Harippad Market,rice,2022-10-29,53.3,2685,Agmarknet via CEDA
Alappuzha,Ambalapuzha Market,rice,2022-10-29,52.1,2733,Agmarknet via CEDA
Kottayam,Changanassery Market,rice,2022-10-29,76.1,2726,Agmarknet via CEDA
Kottayam,Kottayam Market,rice,2022-10-29,54.2,2728,Agmarknet via CEDA
Alappuzha,Alappuzha Mandi,rice,2022-10-31,76.7,2712,Agmarknet via CEDA
Alappuzha,Harippad Market,rice,2022-10-31,52.4,2720,Agmarknet via CEDA
Alappuzha,Ambalapuzha Market,rice,2022-10-31,54.6,2729,Agmarknet via CEDA
Kottayam,Changanassery Market,rice,2022-10-31,79.6,2738,Agmarknet via CEDA
Kottayam,Kottayam Market,rice,2022-10-31,56.1,2739,Agmarknet via CEDA
Alappuzha,Alappuzha Mandi,rice,2022-11-02,18.9,2752,Agmarknet via CEDA
Alappuzha,Harippad Market,rice,2022-11-02,13.1,2763,Agmarknet via CEDA
Alappuzha,Ambalapuzha Market,rice,2022-11-02,17.5,2801,Agmarknet via CEDA
Kottayam,Changanassery Market,rice,2022-11-02,24.7,2734,Agmarknet via CEDA
Kottayam,Kottayam Market,rice,2022-11-02,13.0,2754,Agmarknet via CEDA
Alappuzha,Alappuzha Mandi,rice,2022-11-04,22.5,2758,Agmarknet via CEDA
Alappuzha,Harippad Market,rice,2022-11-04,13.7,2755,Agmarknet via CEDA
Alappuzha,Ambalapuzha Market,rice,2022-11-04,15.6,2801,Agmarknet via CEDA
Kottayam,Changanassery Market,rice,2022-11-04,18.1,2791,Agmarknet via CEDA
Kottayam,Kottayam Market,rice,2022-11-04,12.0,2767,Agmarknet via CEDA
Alappuzha,Alappuzha Mandi,rice,2022-11-08,18.1,2819,Agmarknet via CEDA
Alappuzha,Harippad Market,rice,2022-11-08,16.1,2775,Agmarknet via CEDA
Alappuzha,Ambalapuzha Market,rice,2022-11-08,11.0,2810,Agmarknet via CEDA
Kottayam,Changanassery Market,rice,2022-11-08,27.2,2794,Agmarknet via CEDA
Kottayam,Kottayam Market,rice,2022-11-08,15.8,2779,Agmarknet via CEDA
Alappuzha,Alappuzha Mandi,rice,2022-11-10,27.6,2730,Agmarknet via CEDA
Alappuzha,Harippad Market,rice,2022-11-10,15.2,2771,Agmarknet via CEDA
Alappuzha,Ambalapuzha Market,rice,2022-11-10,14.8,2751,Agmarknet via CEDA
Kottayam,Changanassery Market,rice,2022-11-10,20.3,2778,Agmarknet via CEDA
Kottayam,Kottayam Market,rice,2022-11-10,16.7,2777,Agmarknet via CEDA
Alappuzha,Alappuzha Mandi,rice,2022-11-12,27.1,2764,Agmarknet via CEDA
Alappuzha,Harippad Market,rice,2022-11-12,14.7,2789,Agmarknet via CEDA
Alappuzha,Ambalapuzha Market,rice,2022-11-12,14.6,2777,Agmarknet via CEDA
Kottayam,Changanassery Market,rice,2022-11-12,25.6,2758,Agmarknet via CEDA
Kottayam,Kottayam Market,rice,2022-11-12,15.5,2738,Agmarknet via CEDA
Alappuzha,Alappuzha Mandi,rice,2022-11-14,21.3,2748,Agmarknet via CEDA
Alappuzha,Harippad Market,rice,2022-11-14,12.2,2746,Agmarknet via CEDA
Alappuzha,Ambalapuzha Market,rice,2022-11-14,12.0,2793,Agmarknet via CEDA
Kottayam,Changanassery Market,rice,2022-11-14,24.1,2758,Agmarknet via CEDA
Kottayam,Kottayam Market,rice,2022-11-14,11.8,2778,Agmarknet via CEDA
Alappuzha,Alappuzha Mandi,rice,2022-11-16,22.6,2751,Agmarknet via CEDA
Alappuzha,Harippad Market,rice,2022-11-16,16.3,2796,Agmarknet via CEDA
Alappuzha,Ambalapuzha Market,rice,2022-11-16,12.4,2786,Agmarknet via CEDA
Kottayam,Changanassery Market,rice,2022-11-16,26.3,2762,Agmarknet via CEDA
Kottayam,Kottayam Market,rice,2022-11-16,15.0,2768,Agmarknet via CEDA
Alappuzha,Alappuzha Mandi,rice,2022-11-18,21.9,2743,Agmarknet via CEDA
Alappuzha,Harippad Market,rice,2022-11-18,15.4,2754,Agmarknet via CEDA
Alappuzha,Ambalapuzha Market,rice,2022-11-18,12.0,2734,Agmarknet via CEDA
Kottayam,Changanassery Market,rice,2022-11-18,25.9,2775,Agmarknet via CEDA
Kottayam,Kottayam Market,rice,2022-11-18,16.2,2786,Agmarknet via CEDA
Alappuzha,Alappuzha Mandi,rice,2022-11-22,20.3,2784,Agmarknet via CEDA
Alappuzha,Harippad Market,rice,2022-11-22,11.1,2749,Agmarknet via CEDA
Alappuzha,Ambalapuzha Market,rice,2022-11-22,13.5,2806,Agmarknet via CEDA
Kottayam,Changanassery Market,rice,2022-11-22,18.4,2758,Agmarknet via CEDA
Kottayam,Kottayam Market,rice,2022-11-22,14.4,2782,Agmarknet via CEDA
Alappuzha,Alappuzha Mandi,rice,2022-11-24,18.5,2735,Agmarknet via CEDA
Alappuzha,Harippad Market,rice,2022-11-24,16.8,2797,Agmarknet via CEDA
Alappuzha,Ambalapuzha Market,rice,2022-11-24,16.7,2785,Agmarknet via CEDA
Kottayam,Changanassery Market,rice,2022-11-24,30.0,2749,Agmarknet via CEDA
Kottayam,Kottayam Market,rice,2022-11-24,16.3,2756,Agmarknet via CEDA
Alappuzha,Alappuzha Mandi,rice,2022-11-26,24.9,2777,Agmarknet via CEDA
Alappuzha,Harippad Market,rice,2022-11-26,11.0,2802,Agmarknet via CEDA
Alappuzha,Ambalapuzha Market,rice,2022-11-26,16.1,2748,Agmarknet via CEDA
Kottayam,Changanassery Market,rice,2022-11-26,28.3,2756,Agmarknet via CEDA
Kottayam,Kottayam Market,rice,2022-11-26,11.4,2760,Agmarknet via CEDA
Alappuzha,Alappuzha Mandi,rice,2022-11-28,18.3,2797,Agmarknet via CEDA
Alappuzha,Harippad Market,rice,2022-11-28,14.5,2755,Agmarknet via CEDA
Alappuzha,Ambalapuzha Market,rice,2022-11-28,12.7,2741,Agmarknet via CEDA
Kottayam,Changanassery Market,rice,2022-11-28,18.2,2784,Agmarknet via CEDA
Kottayam,Kottayam Market,rice,2022-11-28,15.9,2802,Agmarknet via CEDA
Alappuzha,Alappuzha Mandi,rice,2022-11-30,18.5,2782,Agmarknet via CEDA
Alappuzha,Harippad Market,rice,2022-11-30,16.4,2795,Agmarknet via CEDA
Alappuzha,Ambalapuzha Market,rice,2022-11-30,14.9,2820,Agmarknet via CEDA
Kottayam,Changanassery Market,rice,2022-11-30,28.4,2799,Agmarknet via CEDA
Kottayam,Kottayam Market,rice,2022-11-30,17.4,2811,Agmarknet via CEDA
Alappuzha,Alappuzha Mandi,rice,2022-12-02,74.5,2763,Agmarknet via CEDA
Alappuzha,Harippad Market,rice,2022-12-02,36.4,2739,Agmarknet via CEDA
Alappuzha,Ambalapuzha Market,rice,2022-12-02,33.3,2771,Agmarknet via CEDA
Kottayam,Changanassery Market,rice,2022-12-02,80.2,2718,Agmarknet via CEDA
Kottayam,Kottayam Market,rice,2022-12-02,35.5,2715,Agmarknet via CEDA
Alappuzha,Alappuzha Mandi,rice,2022-12-06,82.4,2715,Agmarknet via CEDA
Alappuzha,Harippad Market,rice,2022-12-06,47.8,2769,Agmarknet via CEDA
Alappuzha,Ambalapuzha Market,rice,2022-12-06,42.6,2760,Agmarknet via CEDA
Kottayam,Changanassery Market,rice,2022-12-06,69.1,2722,Agmarknet via CEDA
Kottayam,Kottayam Market,rice,2022-12-06,41.9,2730,Agmarknet via CEDA
Alappuzha,Alappuzha Mandi,rice,2022-12-08,71.9,2735,Agmarknet via CEDA
Alappuzha,Harippad Market,rice,2022-12-08,32.1,2751,Agmarknet via CEDA
Alappuzha,Ambalapuzha Market,rice,2022-12-08,38.5,2777,Agmarknet via CEDA
Kottayam,Changanassery Market,rice,2022-12-08,70.9,2749,Agmarknet via CEDA
Kottayam,Kottayam Market,rice,2022-12-08,34.2,2763,Agmarknet via CEDA
Alappuzha,Alappuzha Mandi,rice,2022-12-10,69.3,2698,Agmarknet via CEDA
Alappuzha,Harippad Market,rice,2022-12-10,32.3,2745,Agmarknet via CEDA
Alappuzha,Ambalapuzha Market,rice,2022-12-10,41.7,2792,Agmarknet via CEDA
Kottayam,Changanassery Market,rice,2022-12-10,77.1,2730,Agmarknet via CEDA
Kottayam,Kottayam Market,rice,2022-12-10,42.3,2779,Agmarknet via CEDA
Alappuzha,Alappuzha Mandi,rice,2022-12-12,77.2,2692,Agmarknet via CEDA
Alappuzha,Harippad Market,rice,2022-12-12,36.6,2827,Agmarknet via CEDA
Alappuzha,Ambalapuzha Market,rice,2022-12-12,31.8,2714,Agmarknet via CEDA
Kottayam,Changanassery Market,rice,2022-12-12,79.9,2728,Agmarknet via CEDA
Kottayam,Kottayam Market,rice,2022-12-12,40.1,2704,Agmarknet via CEDA
Alappuzha,Alappuzha Mandi,rice,2022-12-14,51.2,2766,Agmarknet via CEDA
Alappuzha,Harippad Market,rice,2022-12-14,29.5,2737,Agmarknet via CEDA
Alappuzha,Ambalapuzha Market,rice,2022-12-14,40.6,2744,Agmarknet via CEDA
Kottayam,Changanassery Market,rice,2022-12-14,78.6,2723,Agmarknet via CEDA
Kottayam,Kottayam Market,rice,2022-12-14,32.9,2774,Agmarknet via CEDA
Alappuzha,Alappuzha Mandi,rice,2022-12-16,78.0,2712,Agmarknet via CEDA
Alappuzha,Harippad Market,rice,2022-12-16,43.1,2751,Agmarknet via CEDA
Alappuzha,Ambalapuzha Market,rice,2022-12-16,34.4,2760,Agmarknet via CEDA
Kottayam,Changanassery Market,rice,2022-12-16,64.8,2729,Agmarknet via CEDA
Kottayam,Kottayam Market,rice,2022-12-16,45.2,2739,Agmarknet via CEDA
Alappuzha,Alappuzha Mandi,rice,2022-12-20,51.7,2726,Agmarknet via CEDA
Alappuzha,Harippad Market,rice,2022-12-20,47.7,2750,Agmarknet via CEDA
Alappuzha,Ambalapuzha Market,rice,2022-12-20,46.9,2750,Agmarknet via CEDA
Kottayam,Changanassery Market,rice,2022-12-20,52.3,2721,Agmarknet via CEDA
Kottayam,Kottayam Market,rice,2022-12-20,32.9,2750,Agmarknet via CEDA
Alappuzha,Alappuzha Mandi,rice,2022-12-22,57.1,2690,Agmarknet via CEDA
Alappuzha,Harippad Market,rice,2022-12-22,30.8,2750,Agmarknet via CEDA
Alappuzha,Ambalapuzha Market,rice,2022-12-22,32.1,2712,Agmarknet via CEDA
Kottayam,Changanassery Market,rice,2022-12-22,75.8,2706,Agmarknet via CEDA
Kottayam,Kottayam Market,rice,2022-12-22,35.2,2727,Agmarknet via CEDA
Alappuzha,Alappuzha Mandi,rice,2022-12-24,53.8,2717,Agmarknet via CEDA
Alappuzha,Harippad Market,rice,2022-12-24,33.8,2788,Agmarknet via CEDA
Alappuzha,Ambalapuzha Market,rice,2022-12-24,30.1,2728,Agmarknet via CEDA
Kottayam,Changanassery Market,rice,2022-12-24,56.4,2725,Agmarknet via CEDA
Kottayam,Kottayam Market,rice,2022-12-24,35.5,2760,Agmarknet via CEDA
Alappuzha,Alappuzha Mandi,rice,2022-12-26,78.0,2668,Agmarknet via CEDA
Alappuzha,Harippad Market,rice,2022-12-26,39.7,2745,Agmarknet via CEDA
Alappuzha,Ambalapuzha Market,rice,2022-12-26,44.3,2750,Agmarknet via CEDA
Kottayam,Changanassery Market,rice,2022-12-26,66.2,2699,Agmarknet via CEDA
Kottayam,Kottayam Market,rice,2022-12-26,31.6,2719,Agmarknet via CEDA
Alappuzha,Alappuzha Mandi,rice,2022-12-28,65.6,2746,Agmarknet via CEDA
Alappuzha,Harippad Market,rice,2022-12-28,30.5,2709,Agmarknet via CEDA
Alappuzha,Ambalapuzha Market,rice,2022-12-28,44.7,2734,Agmarknet via CEDA
Kottayam,Changanassery Market,rice,2022-12-28,51.4,2709,Agmarknet via CEDA
Kottayam,Kottayam Market,rice,2022-12-28,42.8,2688,Agmarknet via CEDA
Alappuzha,Alappuzha Mandi,rice,2022-12-30,68.5,2752,Agmarknet via CEDA
Alappuzha,Harippad Market,rice,2022-12-30,45.5,2760,Agmarknet via CEDA
Alappuzha,Ambalapuzha Market,rice,2022-12-30,34.9,2783,Agmarknet via CEDA
Kottayam,Changanassery Market,rice,2022-12-30,82.2,2716,Agmarknet via CEDA
Kottayam,Kottayam Market,rice,2022-12-30,46.0,2713,Agmarknet via CEDA
Alappuzha,Alappuzha Mandi,rice,2023-01-03,65.6,2774,Agmarknet via CEDA
Alappuzha,Harippad Market,rice,2023-01-03,43.2,2722,Agmarknet via CEDA
Alappuzha,Ambalapuzha Market,rice,2023-01-03,45.0,2767,Agmarknet via CEDA
Kottayam,Changanassery Market,rice,2023-01-03,61.4,2783,Agmarknet via CEDA
Kottayam,Kottayam Market,rice,2023-01-03,35.2,2838,Agmarknet via CEDA
Alappuzha,Alappuzha Mandi,rice,2023-01-05,64.5,2775,Agmarknet via CEDA
Alappuzha,Harippad Market,rice,2023-01-05,32.7,2823,Agmarknet via CEDA
Alappuzha,Ambalapuzha Market,rice,2023-01-05,47.2,2808,Agmarknet via CEDA
Kottayam,Changanassery Market,rice,2023-01-05,68.6,2752,Agmarknet via CEDA
Kottayam,Kottayam Market,rice,2023-01-05,38.3,2779,Agmarknet via CEDA
Alappuzha,Alappuzha Mandi,rice,2023-01-07,67.7,2801,Agmarknet via CEDA
Alappuzha,Harippad Market,rice,2023-01-07,36.0,2789,Agmarknet via CEDA
Alappuzha,Ambalapuzha Market,rice,2023-01-07,39.9,2818,Agmarknet via CEDA
Kottayam,Changanassery Market,rice,2023-01-07,55.6,2772,Agmarknet via CEDA
Kottayam,Kottayam Market,rice,2023-01-07,32.4,2797,Agmarknet via CEDA
Alappuzha,Alappuzha Mandi,rice,2023-01-09,76.7,2786,Agmarknet via CEDA
Alappuzha,Harippad Market,rice,2023-01-09,47.5,2797,Agmarknet via CEDA
Alappuzha,Ambalapuzha Market,rice,2023-01-09,39.9,2799,Agmarknet via CEDA
Kottayam,Changanassery Market,rice,2023-01-09,75.8,2753,Agmarknet via CEDA
Kottayam,Kottayam Market,rice,2023-01-09,35.9,2814,Agmarknet via CEDA
Alappuzha,Alappuzha Mandi,rice,2023-01-11,77.4,2755,Agmarknet via CEDA
Alappuzha,Harippad Market,rice,2023-01-11,44.2,2817,Agmarknet via CEDA
Alappuzha,Ambalapuzha Market,rice,2023-01-11,33.1,2789,Agmarknet via CEDA
Kottayam,Changanassery Market,rice,2023-01-11,56.7,2785,Agmarknet via CEDA
Kottayam,Kottayam Market,rice,2023-01-11,33.9,2827,Agmarknet via CEDA
Alappuzha,Alappuzha Mandi,rice,2023-01-13,49.5,2807,Agmarknet via CEDA
Alappuzha,Harippad Market,rice,2023-01-13,41.0,2817,Agmarknet via CEDA
Alappuzha,Ambalapuzha Market,rice,2023-01-13,43.3,2802,Agmarknet via CEDA
Kottayam,Changanassery Market,rice,2023-01-13,61.1,2760,Agmarknet via CEDA
Kottayam,Kottayam Market,rice,2023-01-13,30.7,2837,Agmarknet via CEDA
Alappuzha,Alappuzha Mandi,rice,2023-01-17,50.8,2798,Agmarknet via CEDA
Alappuzha,Harippad Market,rice,2023-01-17,34.5,2796,Agmarknet via CEDA
Alappuzha,Ambalapuzha Market,rice,2023-01-17,46.4,2784,Agmarknet via CEDA
Kottayam,Changanassery Market,rice,2023-01-17,64.9,2827,Agmarknet via CEDA
Kottayam,Kottayam Market,rice,2023-01-17,31.8,2810,Agmarknet via CEDA
Alappuzha,Alappuzha Mandi,rice,2023-01-19,65.6,2835,Agmarknet via CEDA
Alappuzha,Harippad Market,rice,2023-01-19,48.1,2766,Agmarknet via CEDA
Alappuzha,Ambalapuzha Market,rice,2023-01-19,43.7,2834,Agmarknet via CEDA
Kottayam,Changanassery Market,rice,2023-01-19,55.1,2786,Agmarknet via CEDA
Kottayam,Kottayam Market,rice,2023-01-19,29.5,2802,Agmarknet via CEDA
Alappuzha,Alappuzha Mandi,rice,2023-01-21,66.3,2758,Agmarknet via CEDA
Alappuzha,Harippad Market,rice,2023-01-21,40.7,2808,Agmarknet via CEDA
Alappuzha,Ambalapuzha Market,rice,2023-01-21,38.5,2831,Agmarknet via CEDA
Kottayam,Changanassery Market,rice,2023-01-21,51.2,2800,Agmarknet via CEDA
Kottayam,Kottayam Market,rice,2023-01-21,37.3,2797,Agmarknet via CEDA
Alappuzha,Alappuzha Mandi,rice,2023-01-23,77.2,2738,Agmarknet via CEDA
Alappuzha,Harippad Market,rice,2023-01-23,29.8,2809,Agmarknet via CEDA
Alappuzha,Ambalapuzha Market,rice,2023-01-23,42.8,2812,Agmarknet via CEDA
Kottayam,Changanassery Market,rice,2023-01-23,58.8,2770,Agmarknet via CEDA
Kottayam,Kottayam Market,rice,2023-01-23,32.2,2845,Agmarknet via CEDA
Alappuzha,Alappuzha Mandi,rice,2023-01-25,62.4,2777,Agmarknet via CEDA
Alappuzha,Harippad Market,rice,2023-01-25,43.3,2813,Agmarknet via CEDA
Alappuzha,Ambalapuzha Market,rice,2023-01-25,33.4,2802,Agmarknet via CEDA
Kottayam,Changanassery Market,rice,2023-01-25,71.9,2799,Agmarknet via CEDA
Kottayam,Kottayam Market,rice,2023-01-25,36.3,2814,Agmarknet via CEDA
Alappuzha,Alappuzha Mandi,rice,2023-01-27,51.7,2836,Agmarknet via CEDA
Alappuzha,Harippad Market,rice,2023-01-27,33.4,2817,Agmarknet via CEDA
Alappuzha,Ambalapuzha Market,rice,2023-01-27,35.5,2824,Agmarknet via CEDA
Kottayam,Changanassery Market,rice,2023-01-27,58.3,2797,Agmarknet via CEDA
Kottayam,Kottayam Market,rice,2023-01-27,40.6,2778,Agmarknet via CEDA
Alappuzha,Alappuzha Mandi,rice,2023-01-31,77.5,2805,Agmarknet via CEDA
Alappuzha,Harippad Market,rice,2023-01-31,47.1,2810,Agmarknet via CEDA
Alappuzha,Ambalapuzha Market,rice,2023-01-31,34.2,2826,Agmarknet via CEDA
Kottayam,Changanassery Market,rice,2023-01-31,58.8,2817,Agmarknet via CEDA
Kottayam,Kottayam Market,rice,2023-01-31,40.9,2833,Agmarknet via CEDA
Alappuzha,Alappuzha Mandi,rice,2023-02-02,149.4,2688,Agmarknet via CEDA
Alappuzha,Harippad Market,rice,2023-02-02,55.3,2763,Agmarknet via CEDA
Alappuzha,Ambalapuzha Market,rice,2023-02-02,68.0,2764,Agmarknet via CEDA
Kottayam,Changanassery Market,rice,2023-02-02,140.1,2692,Agmarknet via CEDA
Kottayam,Kottayam Market,rice,2023-02-02,85.2,2758,Agmarknet via CEDA
Alappuzha,Alappuzha Mandi,rice,2023-02-04,145.7,2689,Agmarknet via CEDA
Alappuzha,Harippad Market,rice,2023-02-04,54.7,2768,Agmarknet via CEDA
Alappuzha,Ambalapuzha Market,rice,2023-02-04,86.4,2776,Agmarknet via CEDA
Kottayam,Changanassery Market,rice,2023-02-04,116.8,2701,Agmarknet via CEDA
Kottayam,Kottayam Market,rice,2023-02-04,69.0,2784,Agmarknet via CEDA
Alappuzha,Alappuzha Mandi,rice,2023-02-06,129.7,2752,Agmarknet via CEDA
Alappuzha,Harippad Market,rice,2023-02-06,72.7,2801,Agmarknet via CEDA
Alappuzha,Ambalapuzha Market,rice,2023-02-06,84.2,2785,Agmarknet via CEDA
Kottayam,Changanassery Market,rice,2023-02-06,93.3,2780,Agmarknet via CEDA
Kottayam,Kottayam Market,rice,2023-02-06,52.7,2813,Agmarknet via CEDA
Alappuzha,Alappuzha Mandi,rice,2023-02-08,114.7,2717,Agmarknet via CEDA
Alappuzha,Harippad Market,rice,2023-02-08,66.6,2779,Agmarknet via CEDA
Alappuzha,Ambalapuzha Market,rice,2023-02-08,76.7,2792,Agmarknet via CEDA
Kottayam,Changanassery Market,rice,2023-02-08,106.3,2739,Agmarknet via CEDA
Kottayam,Kottayam Market,rice,2023-02-08,64.5,2775,Agmarknet via CEDA
Alappuzha,Alappuzha Mandi,rice,2023-02-10,115.8,2749,Agmarknet via CEDA
Alappuzha,Harippad Market,rice,2023-02-10,62.6,2832,Agmarknet via CEDA
Alappuzha,Ambalapuzha Market,rice,2023-02-10,69.7,2802,Agmarknet via CEDA
Kottayam,Changanassery Market,rice,2023-02-10,116.0,2703,Agmarknet via CEDA
Kottayam,Kottayam Market,rice,2023-02-10,58.3,2796,Agmarknet via CEDA
Alappuzha,Alappuzha Mandi,rice,2023-02-14,144.1,2694,Agmarknet via CEDA
Alappuzha,Harippad Market,rice,2023-02-14,64.5,2808,Agmarknet via CEDA
Alappuzha,Ambalapuzha Market,rice,2023-02-14,85.1,2801,Agmarknet via CEDA
Kottayam,Changanassery Market,rice,2023-02-14,139.3,2771,Agmarknet via CEDA
Kottayam,Kottayam Market,rice,2023-02-14,83.9,2791,Agmarknet via CEDA
Alappuzha,Alappuzha Mandi,rice,2023-02-16,114.0,2757,Agmarknet via CEDA
Alappuzha,Harippad Market,rice,2023-02-16,56.2,2807,Agmarknet via CEDA
Alappuzha,Ambalapuzha Market,rice,2023-02-16,72.7,2755,Agmarknet via CEDA
Kottayam,Changanassery Market,rice,2023-02-16,148.8,2713,Agmarknet via CEDA
Kottayam,Kottayam Market,rice,2023-02-16,60.0,2795,Agmarknet via CEDA
Alappuzha,Alappuzha Mandi,rice,2023-02-18,134.3,2711,Agmarknet via CEDA
Alappuzha,Harippad Market,rice,2023-02-18,53.6,2807,Agmarknet via CEDA
Alappuzha,Ambalapuzha Market,rice,2023-02-18,56.1,2846,Agmarknet via CEDA
Kottayam,Changanassery Market,rice,2023-02-18,100.4,2713,Agmarknet via CEDA
Kottayam,Kottayam Market,rice,2023-02-18,85.3,2784,Agmarknet via CEDA
Alappuzha,Alappuzha Mandi,rice,2023-02-20,139.1,2722,Agmarknet via CEDA
Alappuzha,Harippad Market,rice,2023-02-20,64.7,2798,Agmarknet via CEDA
Alappuzha,Ambalapuzha Market,rice,2023-02-20,54.3,2799,Agmarknet via CEDA
Kottayam,Changanassery Market,rice,2023-02-20,117.5,2735,Agmarknet via CEDA
Kottayam,Kottayam Market,rice,2023-02-20,60.4,2755,Agmarknet via CEDA
Alappuzha,Alappuzha Mandi,rice,2023-02-22,124.7,2752,Agmarknet via CEDA
Alappuzha,Harippad Market,rice,2023-02-22,65.1,2797,Agmarknet via CEDA
Alappuzha,Ambalapuzha Market,rice,2023-02-22,69.2,2794,Agmarknet via CEDA
Kottayam,Changanassery Market,rice,2023-02-22,111.0,2776,Agmarknet via CEDA
Kottayam,Kottayam Market,rice,2023-02-22,64.0,2775,Agmarknet via CEDA
Alappuzha,Alappuzha Mandi,rice,2023-02-24,102.5,2753,Agmarknet via CEDA
Alappuzha,Harippad Market,rice,2023-02-24,69.4,2762,Agmarknet via CEDA
Alappuzha,Ambalapuzha Market,rice,2023-02-24,81.9,2758,Agmarknet via CEDA
Kottayam,Changanassery Market,rice,2023-02-24,138.5,2692,Agmarknet via CEDA
Kottayam,Kottayam Market,rice,2023-02-24,81.3,2753,Agmarknet via CEDA
Alappuzha,Alappuzha Mandi,rice,2023-02-28,108.2,2694,Agmarknet via CEDA
Alappuzha,Harippad Market,rice,2023-02-28,85.1,2778,Agmarknet via CEDA
Alappuzha,Ambalapuzha Market,rice,2023-02-28,53.6,2845,Agmarknet via CEDA
Kottayam,Changanassery Market,rice,2023-02-28,118.5,2713,Agmarknet via CEDA
Kottayam,Kottayam Market,rice,2023-02-28,75.5,2770,Agmarknet via CEDA
Alappuzha,Alappuzha Mandi,rice,2023-03-02,207.6,2709,Agmarknet via CEDA
Alappuzha,Harippad Market,rice,2023-03-02,76.9,2789,Agmarknet via CEDA
Alappuzha,Ambalapuzha Market,rice,2023-03-02,94.0,2769,Agmarknet via CEDA
Kottayam,Changanassery Market,rice,2023-03-02,204.8,2645,Agmarknet via CEDA
Kottayam,Kottayam Market,rice,2023-03-02,105.9,2747,Agmarknet via CEDA
Alappuzha,Alappuzha Mandi,rice,2023-03-04,172.3,2680,Agmarknet via CEDA
Alappuzha,Harippad Market,rice,2023-03-04,93.3,2773,Agmarknet via CEDA
Alappuzha,Ambalapuzha Market,rice,2023-03-04,103.5,2765,Agmarknet via CEDA
Kottayam,Changanassery Market,rice,2023-03-04,157.4,2697,Agmarknet via CEDA
Kottayam,Kottayam Market,rice,2023-03-04,90.9,2758,Agmarknet via CEDA
Alappuzha,Alappuzha Mandi,rice,2023-03-06,160.7,2734,Agmarknet via CEDA
Alappuzha,Harippad Market,rice,2023-03-06,76.9,2809,Agmarknet via CEDA
Alappuzha,Ambalapuzha Market,rice,2023-03-06,92.9,2754,Agmarknet via CEDA
Kottayam,Changanassery Market,rice,2023-03-06,195.5,2667,Agmarknet via CEDA
Kottayam,Kottayam Market,rice,2023-03-06,75.6,2748,Agmarknet via CEDA
Alappuzha,Alappuzha Mandi,rice,2023-03-08,199.9,2665,Agmarknet via CEDA
Alappuzha,Harippad Market,rice,2023-03-08,100.8,2757,Agmarknet via CEDA
Alappuzha,Ambalapuzha Market,rice,2023-03-08,109.3,2710,Agmarknet via CEDA
Kottayam,Changanassery Market,rice,2023-03-08,206.5,2675,Agmarknet via CEDA
Kottayam,Kottayam Market,rice,2023-03-08,119.3,2734,Agmarknet via CEDA
Alappuzha,Alappuzha Mandi,rice,2023-03-10,203.0,2704,Agmarknet via CEDA
Alappuzha,Harippad Market,rice,2023-03-10,93.3,2798,Agmarknet via CEDA
Alappuzha,Ambalapuzha Market,rice,2023-03-10,110.4,2798,Agmarknet via CEDA
Kottayam,Changanassery Market,rice,2023-03-10,162.0,2713,Agmarknet via CEDA
Kottayam,Kottayam Market,rice,2023-03-10,109.3,2742,Agmarknet via CEDA
Alappuzha,Alappuzha Mandi,rice,2023-03-14,196.0,2682,Agmarknet via CEDA
Alappuzha,Harippad Market,rice,2023-03-14,100.0,2751,Agmarknet via CEDA
Alappuzha,Ambalapuzha Market,rice,2023-03-14,92.1,2793,Agmarknet via CEDA
Kottayam,Changanassery Market,rice,2023-03-14,202.9,2686,Agmarknet via CEDA
Kottayam,Kottayam Market,rice,2023-03-14,97.2,2748,Agmarknet via CEDA
Alappuzha,Alappuzha Mandi,rice,2023-03-16,169.2,2715,Agmarknet via CEDA
Alappuzha,Harippad Market,rice,2023-03-16,89.4,2722,Agmarknet via CEDA
Alappuzha,Ambalapuzha Market,rice,2023-03-16,75.4,2816,Agmarknet via CEDA
Kottayam,Changanassery Market,rice,2023-03-16,155.0,2693,Agmarknet via CEDA
Kottayam,Kottayam Market,rice,2023-03-16,106.4,2785,Agmarknet via CEDA
Alappuzha,Alappuzha Mandi,rice,2023-03-18,148.3,2704,Agmarknet via CEDA
Alappuzha,Harippad Market,rice,2023-03-18,122.0,2740,Agmarknet via CEDA
Alappuzha,Ambalapuzha Market,rice,2023-03-18,105.8,2744,Agmarknet via CEDA
Kottayam,Changanassery Market,rice,2023-03-18,183.8,2697,Agmarknet via CEDA
Kottayam,Kottayam Market,rice,2023-03-18,84.4,2741,Agmarknet via CEDA
Alappuzha,Alappuzha Mandi,rice,2023-03-20,151.8,2657,Agmarknet via CEDA
Alappuzha,Harippad Market,rice,2023-03-20,81.4,2804,Agmarknet via CEDA
Alappuzha,Ambalapuzha Market,rice,2023-03-20,81.9,2810,Agmarknet via CEDA
Kottayam,Changanassery Market,rice,2023-03-20,201.4,2659,Agmarknet via CEDA
Kottayam,Kottayam Market,rice,2023-03-20,77.6,2755,Agmarknet via CEDA
Alappuzha,Alappuzha Mandi,rice,2023-03-22,127.4,2728,Agmarknet via CEDA
Alappuzha,Harippad Market,rice,2023-03-22,105.9,2724,Agmarknet via CEDA
Alappuzha,Ambalapuzha Market,rice,2023-03-22,85.0,2778,Agmarknet via CEDA
Kottayam,Changanassery Market,rice,2023-03-22,128.0,2724,Agmarknet via CEDA
Kottayam,Kottayam Market,rice,2023-03-22,116.1,2731,Agmarknet via CEDA
Alappuzha,Alappuzha Mandi,rice,2023-03-24,203.8,2654,Agmarknet via CEDA
Alappuzha,Harippad Market,rice,2023-03-24,75.4,2775,Agmarknet via CEDA
Alappuzha,Ambalapuzha Market,rice,2023-03-24,101.6,2747,Agmarknet via CEDA
Kottayam,Changanassery Market,rice,2023-03-24,175.0,2691,Agmarknet via CEDA
Kottayam,Kottayam Market,rice,2023-03-24,74.1,2762,Agmarknet via CEDA
Alappuzha,Alappuzha Mandi,rice,2023-03-28,129.4,2757,Agmarknet via CEDA
Alappuzha,Harippad Market,rice,2023-03-28,102.3,2764,Agmarknet via CEDA
Alappuzha,Ambalapuzha Market,rice,2023-03-28,100.2,2755,Agmarknet via CEDA
Kottayam,Changanassery Market,rice,2023-03-28,149.1,2690,Agmarknet via CEDA
Kottayam,Kottayam Market,rice,2023-03-28,117.8,2765,Agmarknet via CEDA
Alappuzha,Alappuzha Mandi,rice,2023-03-30,157.5,2692,Agmarknet via CEDA
Alappuzha,Harippad Market,rice,2023-03-30,94.4,2764,Agmarknet via CEDA
Alappuzha,Ambalapuzha Market,rice,2023-03-30,114.3,2730,Agmarknet via CEDA
Kottayam,Changanassery Market,rice,2023-03-30,145.0,2735,Agmarknet via CEDA
Kottayam,Kottayam Market,rice,2023-03-30,113.5,2696,Agmarknet via CEDA
Alappuzha,Alappuzha Mandi,rice,2023-04-01,142.2,2706,Agmarknet via CEDA
Alappuzha,Harippad Market,rice,2023-04-01,55.4,2812,Agmarknet via CEDA
Alappuzha,Ambalapuzha Market,rice,2023-04-01,54.3,2776,Agmarknet via CEDA
Kottayam,Changanassery Market,rice,2023-04-01,119.6,2692,Agmarknet via CEDA
Kottayam,Kottayam Market,rice,2023-04-01,66.3,2769,Agmarknet via CEDA
Alappuzha,Alappuzha Mandi,rice,2023-04-03,121.8,2745,Agmarknet via CEDA
Alappuzha,Harippad Market,rice,2023-04-03,80.7,2744,Agmarknet via CEDA
Alappuzha,Ambalapuzha Market,rice,2023-04-03,79.1,2770,Agmarknet via CEDA
Kottayam,Changanassery Market,rice,2023-04-03,106.1,2748,Agmarknet via CEDA
Kottayam,Kottayam Market,rice,2023-04-03,65.1,2829,Agmarknet via CEDA
Alappuzha,Alappuzha Mandi,rice,2023-04-05,93.4,2741,Agmarknet via CEDA
Alappuzha,Harippad Market,rice,2023-04-05,53.7,2836,Agmarknet via CEDA
Alappuzha,Ambalapuzha Market,rice,2023-04-05,59.3,2770,Agmarknet via CEDA
Kottayam,Changanassery Market,rice,2023-04-05,128.5,2746,Agmarknet via CEDA
Kottayam,Kottayam Market,rice,2023-04-05,83.8,2763,Agmarknet via CEDA
Alappuzha,Alappuzha Mandi,rice,2023-04-07,107.8,2739,Agmarknet via CEDA
Alappuzha,Harippad Market,rice,2023-04-07,60.9,2755,Agmarknet via CEDA
Alappuzha,Ambalapuzha Market,rice,2023-04-07,76.0,2790,Agmarknet via CEDA
Kottayam,Changanassery Market,rice,2023-04-07,139.5,2748,Agmarknet via CEDA
Kottayam,Kottayam Market,rice,2023-04-07,66.4,2798,Agmarknet via CEDA
Alappuzha,Alappuzha Mandi,rice,2023-04-11,111.6,2730,Agmarknet via CEDA
Alappuzha,Harippad Market,rice,2023-04-11,76.0,2768,Agmarknet via CEDA
Alappuzha,Ambalapuzha Market,rice,2023-04-11,87.2,2763,Agmarknet via CEDA
Kottayam,Changanassery Market,rice,2023-04-11,99.4,2773,Agmarknet via CEDA
Kottayam,Kottayam Market,rice,2023-04-11,72.7,2808,Agmarknet via CEDA
Alappuzha,Alappuzha Mandi,rice,2023-04-13,142.0,2714,Agmarknet via CEDA
Alappuzha,Harippad Market,rice,2023-04-13,74.2,2733,Agmarknet via CEDA
Alappuzha,Ambalapuzha Market,rice,2023-04-13,66.9,2739,Agmarknet via CEDA
Kottayam,Changanassery Market,rice,2023-04-13,123.9,2717,Agmarknet via CEDA
Kottayam,Kottayam Market,rice,2023-04-13,82.3,2795,Agmarknet via CEDA
Alappuzha,Alappuzha Mandi,rice,2023-04-15,123.4,2751,Agmarknet via CEDA
Alappuzha,Harippad Market,rice,2023-04-15,79.8,2791,Agmarknet via CEDA
Alappuzha,Ambalapuzha Market,rice,2023-04-15,61.4,2772,Agmarknet via CEDA
Kottayam,Changanassery Market,rice,2023-04-15,141.9,2710,Agmarknet via CEDA
Kottayam,Kottayam Market,rice,2023-04-15,76.2,2800,Agmarknet via CEDA
Alappuzha,Alappuzha Mandi,rice,2023-04-17,125.7,2776,Agmarknet via CEDA
Alappuzha,Harippad Market,rice,2023-04-17,72.6,2803,Agmarknet via CEDA
Alappuzha,Ambalapuzha Market,rice,2023-04-17,67.5,2808,Agmarknet via CEDA
Kottayam,Changanassery Market,rice,2023-04-17,103.6,2735,Agmarknet via CEDA
Kottayam,Kottayam Market,rice,2023-04-17,76.7,2792,Agmarknet via CEDA
Alappuzha,Alappuzha Mandi,rice,2023-04-19,134.8,2695,Agmarknet via CEDA
Alappuzha,Harippad Market,rice,2023-04-19,60.2,2818,Agmarknet via CEDA
Alappuzha,Ambalapuzha Market,rice,2023-04-19,54.1,2804,Agmarknet via CEDA
Kottayam,Changanassery Market,rice,2023-04-19,134.0,2721,Agmarknet via CEDA
Kottayam,Kottayam Market,rice,2023-04-19,85.0,2717,Agmarknet via CEDA
Alappuzha,Alappuzha Mandi,rice,2023-04-21,109.9,2741,Agmarknet via CEDA
Alappuzha,Harippad Market,rice,2023-04-21,55.4,2794,Agmarknet via CEDA
Alappuzha,Ambalapuzha Market,rice,2023-04-21,61.6,2792,Agmarknet via CEDA
Kottayam,Changanassery Market,rice,2023-04-21,115.6,2737,Agmarknet via CEDA
Kottayam,Kottayam Market,rice,2023-04-21,71.7,2767,Agmarknet via CEDA
Alappuzha,Alappuzha Mandi,rice,2023-04-25,129.8,2710,Agmarknet via CEDA
Alappuzha,Harippad Market,rice,2023-04-25,86.3,2809,Agmarknet via CEDA
Alappuzha,Ambalapuzha Market,rice,2023-04-25,70.0,2831,Agmarknet via CEDA
Kottayam,Changanassery Market,rice,2023-04-25,94.2,2767,Agmarknet via CEDA
Kottayam,Kottayam Market,rice,2023-04-25,64.4,2767,Agmarknet via CEDA
Alappuzha,Alappuzha Mandi,rice,2023-04-27,145.0,2692,Agmarknet via CEDA
Alappuzha,Harippad Market,rice,2023-04-27,77.5,2769,Agmarknet via CEDA
Alappuzha,Ambalapuzha Market,rice,2023-04-27,62.8,2836,Agmarknet via CEDA
Kottayam,Changanassery Market,rice,2023-04-27,144.0,2726,Agmarknet via CEDA
Kottayam,Kottayam Market,rice,2023-04-27,80.2,2803,Agmarknet via CEDA
Alappuzha,Alappuzha Mandi,rice,2023-04-29,146.8,2746,Agmarknet via CEDA
Alappuzha,Harippad Market,rice,2023-04-29,62.9,2805,Agmarknet via CEDA
Alappuzha,Ambalapuzha Market,rice,2023-04-29,74.7,2750,Agmarknet via CEDA
Kottayam,Changanassery Market,rice,2023-04-29,125.6,2764,Agmarknet via CEDA
Kottayam,Kottayam Market,rice,2023-04-29,72.0,2750,Agmarknet via CEDA
Alappuzha,Alappuzha Mandi,rice,2023-05-01,22.1,2804,Agmarknet via CEDA
Alappuzha,Harippad Market,rice,2023-05-01,13.3,2838,Agmarknet via CEDA
Alappuzha,Ambalapuzha Market,rice,2023-05-01,15.6,2819,Agmarknet via CEDA
Kottayam,Changanassery Market,rice,2023-05-01,18.0,2834,Agmarknet via CEDA
Kottayam,Kottayam Market,rice,2023-05-01,15.5,2796,Agmarknet via CEDA
Alappuzha,Alappuzha Mandi,rice,2023-05-03,18.2,2808,Agmarknet via CEDA
Alappuzha,Harippad Market,rice,2023-05-03,14.3,2845,Agmarknet via CEDA
Alappuzha,Ambalapuzha Market,rice,2023-05-03,11.1,2902,Agmarknet via CEDA
Kottayam,Changanassery Market,rice,2023-05-03,24.6,2857,Agmarknet via CEDA
Kottayam,Kottayam Market,rice,2023-05-03,13.2,2791,Agmarknet via CEDA
Alappuzha,Alappuzha Mandi,rice,2023-05-05,20.9,2817,Agmarknet via CEDA
Alappuzha,Harippad Market,rice,2023-05-05,11.2,2817,Agmarknet via CEDA
Alappuzha,Ambalapuzha Market,rice,2023-05-05,11.7,2831,Agmarknet via CEDA
Kottayam,Changanassery Market,rice,2023-05-05,24.4,2828,Agmarknet via CEDA
Kottayam,Kottayam Market,rice,2023-05-05,16.6,2814,Agmarknet via CEDA
Alappuzha,Alappuzha Mandi,rice,2023-05-09,21.7,2849,Agmarknet via CEDA
Alappuzha,Harippad Market,rice,2023-05-09,13.3,2861,Agmarknet via CEDA
Alappuzha,Ambalapuzha Market,rice,2023-05-09,12.7,2860,Agmarknet via CEDA
Kottayam,Changanassery Market,rice,2023-05-09,19.6,2802,Agmarknet via CEDA
Kottayam,Kottayam Market,rice,2023-05-09,14.5,2838,Agmarknet via CEDA
Alappuzha,Alappuzha Mandi,rice,2023-05-11,26.3,2846,Agmarknet via CEDA
Alappuzha,Harippad Market,rice,2023-05-11,16.6,2848,Agmarknet via CEDA
Alappuzha,Ambalapuzha Market,rice,2023-05-11,14.0,2849,Agmarknet via CEDA
Kottayam,Changanassery Market,rice,2023-05-11,20.2,2861,Agmarknet via CEDA
Kottayam,Kottayam Market,rice,2023-05-11,10.7,2821,Agmarknet via CEDA
Alappuzha,Alappuzha Mandi,rice,2023-05-13,25.4,2777,Agmarknet via CEDA
Alappuzha,Harippad Market,rice,2023-05-13,16.4,2821,Agmarknet via CEDA
Alappuzha,Ambalapuzha Market,rice,2023-05-13,17.2,2821,Agmarknet via CEDA
Kottayam,Changanassery Market,rice,2023-05-13,19.3,2889,Agmarknet via CEDA
Kottayam,Kottayam Market,rice,2023-05-13,14.3,2814,Agmarknet via CEDA
Alappuzha,Alappuzha Mandi,rice,2023-05-15,19.0,2855,Agmarknet via CEDA
Alappuzha,Harippad Market,rice,2023-05-15,12.1,2889,Agmarknet via CEDA
Alappuzha,Ambalapuzha Market,rice,2023-05-15,15.0,2879,Agmarknet via CEDA
Kottayam,Changanassery Market,rice,2023-05-15,21.0,2824,Agmarknet via CEDA
Kottayam,Kottayam Market,rice,2023-05-15,12.7,2852,Agmarknet via CEDA
Alappuzha,Alappuzha Mandi,rice,2023-05-17,27.7,2824,Agmarknet via CEDA
Alappuzha,Harippad Market,rice,2023-05-17,14.6,2810,Agmarknet via CEDA
Alappuzha,Ambalapuzha Market,rice,2023-05-17,15.0,2863,Agmarknet via CEDA
Kottayam,Changanassery Market,rice,2023-05-17,23.6,2837,Agmarknet via CEDA
Kottayam,Kottayam Market,rice,2023-05-17,14.4,2807,Agmarknet via CEDA
Alappuzha,Alappuzha Mandi,rice,2023-05-19,22.3,2814,Agmarknet via CEDA
Alappuzha,Harippad Market,rice,2023-05-19,15.9,2825,Agmarknet via CEDA
Alappuzha,Ambalapuzha Market,rice,2023-05-19,15.4,2860,Agmarknet via CEDA
Kottayam,Changanassery Market,rice,2023-05-19,22.8,2793,Agmarknet via CEDA
Kottayam,Kottayam Market,rice,2023-05-19,15.8,2772,Agmarknet via CEDA
Alappuzha,Alappuzha Mandi,rice,2023-05-23,29.2,2788,Agmarknet via CEDA
Alappuzha,Harippad Market,rice,2023-05-23,12.3,2837,Agmarknet via CEDA
Alappuzha,Ambalapuzha Market,rice,2023-05-23,17.3,2803,Agmarknet via CEDA
Kottayam,Changanassery Market,rice,2023-05-23,22.5,2818,Agmarknet via CEDA
Kottayam,Kottayam Market,rice,2023-05-23,14.0,2818,Agmarknet via CEDA
Alappuzha,Alappuzha Mandi,rice,2023-05-25,19.9,2773,Agmarknet via CEDA
Alappuzha,Harippad Market,rice,2023-05-25,13.3,2814,Agmarknet via CEDA
Alappuzha,Ambalapuzha Market,rice,2023-05-25,11.3,2827,Agmarknet via CEDA
Kottayam,Changanassery Market,rice,2023-05-25,22.6,2847,Agmarknet via CEDA
Kottayam,Kottayam Market,rice,2023-05-25,15.1,2879,Agmarknet via CEDA
Alappuzha,Alappuzha Mandi,rice,2023-05-27,18.7,2807,Agmarknet via CEDA
Alappuzha,Harippad Market,rice,2023-05-27,16.2,2833,Agmarknet via CEDA
Alappuzha,Ambalapuzha Market,rice,2023-05-27,17.2,2840,Agmarknet via CEDA
Kottayam,Changanassery Market,rice,2023-05-27,19.8,2886,Agmarknet via CEDA
Kottayam,Kottayam Market,rice,2023-05-27,14.6,2816,Agmarknet via CEDA
Alappuzha,Alappuzha Mandi,rice,2023-05-29,22.8,2802,Agmarknet via CEDA
Alappuzha,Harippad Market,rice,2023-05-29,13.2,2822,Agmarknet via CEDA
Alappuzha,Ambalapuzha Market,rice,2023-05-29,11.6,2811,Agmarknet via CEDA
Kottayam,Changanassery Market,rice,2023-05-29,18.7,2843,Agmarknet via CEDA
Kottayam,Kottayam Market,rice,2023-05-29,14.4,2855,Agmarknet via CEDA
Alappuzha,Alappuzha Mandi,rice,2023-05-31,24.9,2827,Agmarknet via CEDA
Alappuzha,Harippad Market,rice,2023-05-31,12.9,2836,Agmarknet via CEDA
Alappuzha,Ambalapuzha Market,rice,2023-05-31,11.1,2867,Agmarknet via CEDA
Kottayam,Changanassery Market,rice,2023-05-31,24.8,2816,Agmarknet via CEDA
Kottayam,Kottayam Market,rice,2023-05-31,12.6,2851,Agmarknet via CEDA
Alappuzha,Alappuzha Mandi,rice,2023-06-02,19.7,2820,Agmarknet via CEDA
Alappuzha,Harippad Market,rice,2023-06-02,14.7,2801,Agmarknet via CEDA
Alappuzha,Ambalapuzha Market,rice,2023-06-02,11.1,2863,Agmarknet via CEDA
Kottayam,Changanassery Market,rice,2023-06-02,19.0,2834,Agmarknet via CEDA
Kottayam,Kottayam Market,rice,2023-06-02,13.8,2858,Agmarknet via CEDA
Alappuzha,Alappuzha Mandi,rice,2023-06-06,27.4,2830,Agmarknet via CEDA
Alappuzha,Harippad Market,rice,2023-06-06,12.4,2845,Agmarknet via CEDA
Alappuzha,Ambalapuzha Market,rice,2023-06-06,10.8,2812,Agmarknet via CEDA
Kottayam,Changanassery Market,rice,2023-06-06,22.9,2888,Agmarknet via CEDA
Kottayam,Kottayam Market,rice,2023-06-06,17.1,2841,Agmarknet via CEDA
Alappuzha,Alappuzha Mandi,rice,2023-06-08,26.1,2854,Agmarknet via CEDA
Alappuzha,Harippad Market,rice,2023-06-08,17.2,2825,Agmarknet via CEDA
Alappuzha,Ambalapuzha Market,rice,2023-06-08,10.7,2818,Agmarknet via CEDA
Kottayam,Changanassery Market,rice,2023-06-08,19.6,2846,Agmarknet via CEDA
Kottayam,Kottayam Market,rice,2023-06-08,13.6,2799,Agmarknet via CEDA
Alappuzha,Alappuzha Mandi,rice,2023-06-10,18.7,2864,Agmarknet via CEDA
Alappuzha,Harippad Market,rice,2023-06-10,14.7,2824,Agmarknet via CEDA
Alappuzha,Ambalapuzha Market,rice,2023-06-10,12.0,2852,Agmarknet via CEDA
Kottayam,Changanassery Market,rice,2023-06-10,23.3,2830,Agmarknet via CEDA
Kottayam,Kottayam Market,rice,2023-06-10,13.0,2861,Agmarknet via CEDA
Alappuzha,Alappuzha Mandi,rice,2023-06-12,27.6,2850,Agmarknet via CEDA
Alappuzha,Harippad Market,rice,2023-06-12,14.9,2835,Agmarknet via CEDA
Alappuzha,Ambalapuzha Market,rice,2023-06-12,16.0,2790,Agmarknet via CEDA
Kottayam,Changanassery Market,rice,2023-06-12,29.5,2861,Agmarknet via CEDA
Kottayam,Kottayam Market,rice,2023-06-12,14.3,2796,Agmarknet via CEDA
Alappuzha,Alappuzha Mandi,rice,2023-06-14,25.5,2833,Agmarknet via CEDA
Alappuzha,Harippad Market,rice,2023-06-14,14.5,2865,Agmarknet via CEDA
Alappuzha,Ambalapuzha Market,rice,2023-06-14,14.2,2844,Agmarknet via CEDA
Kottayam,Changanassery Market,rice,2023-06-14,20.7,2810,Agmarknet via CEDA
Kottayam,Kottayam Market,rice,2023-06-14,13.6,2836,Agmarknet via CEDA
Alappuzha,Alappuzha Mandi,rice,2023-06-16,20.0,2812,Agmarknet via CEDA
Alappuzha,Harippad Market,rice,2023-06-16,13.2,2817,Agmarknet via CEDA
Alappuzha,Ambalapuzha Market,rice,2023-06-16,10.9,2840,Agmarknet via CEDA
Kottayam,Changanassery Market,rice,2023-06-16,23.8,2759,Agmarknet via CEDA
Kottayam,Kottayam Market,rice,2023-06-16,13.2,2826,Agmarknet via CEDA
Alappuzha,Alappuzha Mandi,rice,2023-06-20,24.1,2826,Agmarknet via CEDA
Alappuzha,Harippad Market,rice,2023-06-20,10.9,2836,Agmarknet via CEDA
Alappuzha,Ambalapuzha Market,rice,2023-06-20,14.5,2811,Agmarknet via CEDA
Kottayam,Changanassery Market,rice,2023-06-20,28.5,2831,Agmarknet via CEDA
Kottayam,Kottayam Market,rice,2023-06-20,10.8,2835,Agmarknet via CEDA
Alappuzha,Alappuzha Mandi,rice,2023-06-22,19.2,2878,Agmarknet via CEDA
Alappuzha,Harippad Market,rice,2023-06-22,10.8,2848,Agmarknet via CEDA
Alappuzha,Ambalapuzha Market,rice,2023-06-22,17.1,2815,Agmarknet via CEDA
Kottayam,Changanassery Market,rice,2023-06-22,18.9,2846,Agmarknet via CEDA
Kottayam,Kottayam Market,rice,2023-06-22,11.7,2791,Agmarknet via CEDA
Alappuzha,Alappuzha Mandi,rice,2023-06-24,22.3,2826,Agmarknet via CEDA
Alappuzha,Harippad Market,rice,2023-06-24,17.4,2835,Agmarknet via CEDA
Alappuzha,Ambalapuzha Market,rice,2023-06-24,11.5,2836,Agmarknet via CEDA
Kottayam,Changanassery Market,rice,2023-06-24,22.6,2803,Agmarknet via CEDA
Kottayam,Kottayam Market,rice,2023-06-24,10.5,2836,Agmarknet via CEDA
Alappuzha,Alappuzha Mandi,rice,2023-06-26,26.0,2792,Agmarknet via CEDA
Alappuzha,Harippad Market,rice,2023-06-26,13.9,2874,Agmarknet via CEDA
Alappuzha,Ambalapuzha Market,rice,2023-06-26,13.4,2833,Agmarknet via CEDA
Kottayam,Changanassery Market,rice,2023-06-26,26.7,2832,Agmarknet via CEDA
Kottayam,Kottayam Market,rice,2023-06-26,12.7,2796,Agmarknet via CEDA
Alappuzha,Alappuzha Mandi,rice,2023-06-28,19.2,2812,Agmarknet via CEDA
Alappuzha,Harippad Market,rice,2023-06-28,11.8,2847,Agmarknet via CEDA
Alappuzha,Ambalapuzha Market,rice,2023-06-28,14.3,2856,Agmarknet via CEDA
Kottayam,Changanassery Market,rice,2023-06-28,23.7,2799,Agmarknet via CEDA
Kottayam,Kottayam Market,rice,2023-06-28,16.0,2796,Agmarknet via CEDA
Alappuzha,Alappuzha Mandi,rice,2023-06-30,29.9,2829,Agmarknet via CEDA
Alappuzha,Harippad Market,rice,2023-06-30,16.3,2819,Agmarknet via CEDA
Alappuzha,Ambalapuzha Market,rice,2023-06-30,12.1,2794,Agmarknet via CEDA
Kottayam,Changanassery Market,rice,2023-06-30,29.7,2774,Agmarknet via CEDA
Kottayam,Kottayam Market,rice,2023-06-30,11.8,2817,Agmarknet via CEDA
Alappuzha,Alappuzha Mandi,rice,2023-07-04,26.8,2846,Agmarknet via CEDA
Alappuzha,Harippad Market,rice,2023-07-04,13.4,2861,Agmarknet via CEDA
Alappuzha,Ambalapuzha Market,rice,2023-07-04,16.1,2835,Agmarknet via CEDA
Kottayam,Changanassery Market,rice,2023-07-04,28.4,2822,Agmarknet via CEDA
Kottayam,Kottayam Market,rice,2023-07-04,11.5,2823,Agmarknet via CEDA
Alappuzha,Alappuzha Mandi,rice,2023-07-06,23.0,2767,Agmarknet via CEDA
Alappuzha,Harippad Market,rice,2023-07-06,14.1,2858,Agmarknet via CEDA
Alappuzha,Ambalapuzha Market,rice,2023-07-06,17.5,2837,Agmarknet via CEDA
Kottayam,Changanassery Market,rice,2023-07-06,22.8,2802,Agmarknet via CEDA
Kottayam,Kottayam Market,rice,2023-07-06,11.4,2867,Agmarknet via CEDA
Alappuzha,Alappuzha Mandi,rice,2023-07-08,23.8,2793,Agmarknet via CEDA
Alappuzha,Harippad Market,rice,2023-07-08,13.4,2859,Agmarknet via CEDA
Alappuzha,Ambalapuzha Market,rice,2023-07-08,14.5,2786,Agmarknet via CEDA
Kottayam,Changanassery Market,rice,2023-07-08,19.9,2889,Agmarknet via CEDA
Kottayam,Kottayam Market,rice,2023-07-08,14.5,2796,Agmarknet via CEDA
Alappuzha,Alappuzha Mandi,rice,2023-07-10,20.5,2855,Agmarknet via CEDA
Alappuzha,Harippad Market,rice,2023-07-10,14.4,2814,Agmarknet via CEDA
Alappuzha,Ambalapuzha Market,rice,2023-07-10,12.3,2847,Agmarknet via CEDA
Kottayam,Changanassery Market,rice,2023-07-10,27.6,2863,Agmarknet via CEDA
Kottayam,Kottayam Market,rice,2023-07-10,15.6,2822,Agmarknet via CEDA
Alappuzha,Alappuzha Mandi,rice,2023-07-12,19.6,2886,Agmarknet via CEDA
Alappuzha,Harippad Market,rice,2023-07-12,12.3,2877,Agmarknet via CEDA
Alappuzha,Ambalapuzha Market,rice,2023-07-12,14.1,2793,Agmarknet via CEDA
Kottayam,Changanassery Market,rice,2023-07-12,21.5,2824,Agmarknet via CEDA
Kottayam,Kottayam Market,rice,2023-07-12,12.5,2826,Agmarknet via CEDA
Alappuzha,Alappuzha Mandi,rice,2023-07-14,26.8,2821,Agmarknet via CEDA
Alappuzha,Harippad Market,rice,2023-07-14,17.1,2818,Agmarknet via CEDA
Alappuzha,Ambalapuzha Market,rice,2023-07-14,11.7,2810,Agmarknet via CEDA
Kottayam,Changanassery Market,rice,2023-07-14,25.5,2819,Agmarknet via CEDA
Kottayam,Kottayam Market,rice,2023-07-14,14.4,2844,Agmarknet via CEDA
Alappuzha,Alappuzha Mandi,rice,2023-07-18,28.8,2755,Agmarknet via CEDA
Alappuzha,Harippad Market,rice,2023-07-18,11.9,2855,Agmarknet via CEDA
Alappuzha,Ambalapuzha Market,rice,2023-07-18,14.7,2834,Agmarknet via CEDA
Kottayam,Changanassery Market,rice,2023-07-18,27.7,2857,Agmarknet via CEDA
Kottayam,Kottayam Market,rice,2023-07-18,16.9,2817,Agmarknet via CEDA
Alappuzha,Alappuzha Mandi,rice,2023-07-20,24.9,2807,Agmarknet via CEDA
Alappuzha,Harippad Market,rice,2023-07-20,11.9,2812,Agmarknet via CEDA
Alappuzha,Ambalapuzha Market,rice,2023-07-20,12.2,2845,Agmarknet via CEDA
Kottayam,Changanassery Market,rice,2023-07-20,25.1,2775,Agmarknet via CEDA
Kottayam,Kottayam Market,rice,2023-07-20,13.5,2812,Agmarknet via CEDA
Alappuzha,Alappuzha Mandi,rice,2023-07-22,19.1,2831,Agmarknet via CEDA
Alappuzha,Harippad Market,rice,2023-07-22,11.7,2795,Agmarknet via CEDA
Alappuzha,Ambalapuzha Market,rice,2023-07-22,12.5,2834,Agmarknet via CEDA
Kottayam,Changanassery Market,rice,2023-07-22,22.8,2856,Agmarknet via CEDA
Kottayam,Kottayam Market,rice,2023-07-22,16.1,2858,Agmarknet via CEDA
Alappuzha,Alappuzha Mandi,rice,2023-07-24,29.2,2814,Agmarknet via CEDA
Alappuzha,Harippad Market,rice,2023-07-24,14.5,2855,Agmarknet via CEDA
Alappuzha,Ambalapuzha Market,rice,2023-07-24,15.1,2841,Agmarknet via CEDA
Kottayam,Changanassery Market,rice,2023-07-24,30.0,2821,Agmarknet via CEDA
Kottayam,Kottayam Market,rice,2023-07-24,15.5,2845,Agmarknet via CEDA
Alappuzha,Alappuzha Mandi,rice,2023-07-26,18.6,2817,Agmarknet via CEDA
Alappuzha,Harippad Market,rice,2023-07-26,12.1,2825,Agmarknet via CEDA
Alappuzha,Ambalapuzha Market,rice,2023-07-26,12.0,2843,Agmarknet via CEDA
Kottayam,Changanassery Market,rice,2023-07-26,19.7,2825,Agmarknet via CEDA
Kottayam,Kottayam Market,rice,2023-07-26,15.2,2858,Agmarknet via CEDA
Alappuzha,Alappuzha Mandi,rice,2023-07-28,20.9,2844,Agmarknet via CEDA
Alappuzha,Harippad Market,rice,2023-07-28,12.7,2851,Agmarknet via CEDA
Alappuzha,Ambalapuzha Market,rice,2023-07-28,13.4,2845,Agmarknet via CEDA
Kottayam,Changanassery Market,rice,2023-07-28,21.6,2828,Agmarknet via CEDA
Kottayam,Kottayam Market,rice,2023-07-28,16.0,2847,Agmarknet via CEDA
Alappuzha,Alappuzha Mandi,rice,2023-08-01,29.6,2843,Agmarknet via CEDA
Alappuzha,Harippad Market,rice,2023-08-01,13.3,2840,Agmarknet via CEDA
Alappuzha,Ambalapuzha Market,rice,2023-08-01,15.6,2808,Agmarknet via CEDA
Kottayam,Changanassery Market,rice,2023-08-01,24.9,2821,Agmarknet via CEDA
Kottayam,Kottayam Market,rice,2023-08-01,12.7,2795,Agmarknet via CEDA
Alappuzha,Alappuzha Mandi,rice,2023-08-03,23.1,2855,Agmarknet via CEDA
Alappuzha,Harippad Market,rice,2023-08-03,12.1,2851,Agmarknet via CEDA
Alappuzha,Ambalapuzha Market,rice,2023-08-03,13.3,2810,Agmarknet via CEDA
Kottayam,Changanassery Market,rice,2023-08-03,27.4,2803,Agmarknet via CEDA
Kottayam,Kottayam Market,rice,2023-08-03,16.9,2861,Agmarknet via CEDA
Alappuzha,Alappuzha Mandi,rice,2023-08-05,28.8,2800,Agmarknet via CEDA
Alappuzha,Harippad Market,rice,2023-08-05,16.4,2790,Agmarknet via CEDA
Alappuzha,Ambalapuzha Market,rice,2023-08-05,10.9,2804,Agmarknet via CEDA
Kottayam,Changanassery Market,rice,2023-08-05,23.8,2814,Agmarknet via CEDA
Kottayam,Kottayam Market,rice,2023-08-05,12.7,2820,Agmarknet via CEDA
Alappuzha,Alappuzha Mandi,rice,2023-08-07,27.7,2809,Agmarknet via CEDA
Alappuzha,Harippad Market,rice,2023-08-07,16.5,2846,Agmarknet via CEDA
Alappuzha,Ambalapuzha Market,rice,2023-08-07,16.5,2814,Agmarknet via CEDA
Kottayam,Changanassery Market,rice,2023-08-07,26.3,2830,Agmarknet via CEDA
Kottayam,Kottayam Market,rice,2023-08-07,17.1,2799,Agmarknet via CEDA
Alappuzha,Alappuzha Mandi,rice,2023-08-09,24.0,2852,Agmarknet via CEDA
Alappuzha,Harippad Market,rice,2023-08-09,15.0,2803,Agmarknet via CEDA
Alappuzha,Ambalapuzha Market,rice,2023-08-09,12.7,2832,Agmarknet via CEDA
Kottayam,Changanassery Market,rice,2023-08-09,27.6,2815,Agmarknet via CEDA
Kottayam,Kottayam Market,rice,2023-08-09,15.1,2838,Agmarknet via CEDA
Alappuzha,Alappuzha Mandi,rice,2023-08-11,27.0,2839,Agmarknet via CEDA
Alappuzha,Harippad Market,rice,2023-08-11,11.4,2822,Agmarknet via CEDA
Alappuzha,Ambalapuzha Market,rice,2023-08-11,15.4,2850,Agmarknet via CEDA
Kottayam,Changanassery Market,rice,2023-08-11,21.0,2853,Agmarknet via CEDA
Kottayam,Kottayam Market,rice,2023-08-11,16.6,2823,Agmarknet via CEDA
Alappuzha,Alappuzha Mandi,rice,2023-08-15,28.2,2863,Agmarknet via CEDA
Alappuzha,Harippad Market,rice,2023-08-15,13.2,2839,Agmarknet via CEDA
Alappuzha,Ambalapuzha Market,rice,2023-08-15,14.3,2821,Agmarknet via CEDA
Kottayam,Changanassery Market,rice,2023-08-15,20.3,2827,Agmarknet via CEDA
Kottayam,Kottayam Market,rice,2023-08-15,14.7,2875,Agmarknet via CEDA
Alappuzha,Alappuzha Mandi,rice,2023-08-17,23.5,2831,Agmarknet via CEDA
Alappuzha,Harippad Market,rice,2023-08-17,15.5,2838,Agmarknet via CEDA
Alappuzha,Ambalapuzha Market,rice,2023-08-17,11.2,2844,Agmarknet via CEDA
Kottayam,Changanassery Market,rice,2023-08-17,26.4,2843,Agmarknet via CEDA
Kottayam,Kottayam Market,rice,2023-08-17,13.0,2840,Agmarknet via CEDA
Alappuzha,Alappuzha Mandi,rice,2023-08-19,19.4,2841,Agmarknet via CEDA
Alappuzha,Harippad Market,rice,2023-08-19,13.4,2832,Agmarknet via CEDA
Alappuzha,Ambalapuzha Market,rice,2023-08-19,14.9,2834,Agmarknet via CEDA
Kottayam,Changanassery Market,rice,2023-08-19,21.2,2849,Agmarknet via CEDA
Kottayam,Kottayam Market,rice,2023-08-19,13.3,2812,Agmarknet via CEDA
Alappuzha,Alappuzha Mandi,rice,2023-08-21,19.7,2826,Agmarknet via CEDA
Alappuzha,Harippad Market,rice,2023-08-21,17.3,2821,Agmarknet via CEDA
Alappuzha,Ambalapuzha Market,rice,2023-08-21,13.1,2797,Agmarknet via CEDA
Kottayam,Changanassery Market,rice,2023-08-21,24.2,2790,Agmarknet via CEDA
Kottayam,Kottayam Market,rice,2023-08-21,13.6,2831,Agmarknet via CEDA
Alappuzha,Alappuzha Mandi,rice,2023-08-23,24.1,2848,Agmarknet via CEDA
Alappuzha,Harippad Market,rice,2023-08-23,11.5,2838,Agmarknet via CEDA
Alappuzha,Ambalapuzha Market,rice,2023-08-23,14.7,2815,Agmarknet via CEDA
Kottayam,Changanassery Market,rice,2023-08-23,23.0,2857,Agmarknet via CEDA
Kottayam,Kottayam Market,rice,2023-08-23,11.9,2822,Agmarknet via CEDA
Alappuzha,Alappuzha Mandi,rice,2023-08-25,27.8,2793,Agmarknet via CEDA
Alappuzha,Harippad Market,rice,2023-08-25,13.7,2876,Agmarknet via CEDA
Alappuzha,Ambalapuzha Market,rice,2023-08-25,12.3,2834,Agmarknet via CEDA
Kottayam,Changanassery Market,rice,2023-08-25,21.9,2865,Agmarknet via CEDA
Kottayam,Kottayam Market,rice,2023-08-25,14.7,2829,Agmarknet via CEDA
Alappuzha,Alappuzha Mandi,rice,2023-08-29,29.0,2818,Agmarknet via CEDA
Alappuzha,Harippad Market,rice,2023-08-29,12.9,2796,Agmarknet via CEDA
Alappuzha,Ambalapuzha Market,rice,2023-08-29,10.5,2823,Agmarknet via CEDA
Kottayam,Changanassery Market,rice,2023-08-29,29.0,2829,Agmarknet via CEDA
Kottayam,Kottayam Market,rice,2023-08-29,11.7,2849,Agmarknet via CEDA
Alappuzha,Alappuzha Mandi,rice,2023-08-31,19.4,2829,Agmarknet via CEDA
Alappuzha,Harippad Market,rice,2023-08-31,17.0,2820,Agmarknet via CEDA
Alappuzha,Ambalapuzha Market,rice,2023-08-31,13.5,2831,Agmarknet via CEDA
Kottayam,Changanassery Market,rice,2023-08-31,22.2,2797,Agmarknet via CEDA
Kottayam,Kottayam Market,rice,2023-08-31,13.1,2867,Agmarknet via CEDA
Alappuzha,Alappuzha Mandi,rice,2023-09-02,62.8,2809,Agmarknet via CEDA
Alappuzha,Harippad Market,rice,2023-09-02,34.9,2810,Agmarknet via CEDA
Alappuzha,Ambalapuzha Market,rice,2023-09-02,52.4,2786,Agmarknet via CEDA
Kottayam,Changanassery Market,rice,2023-09-02,71.8,2829,Agmarknet via CEDA
Kottayam,Kottayam Market,rice,2023-09-02,45.7,2788,Agmarknet via CEDA
Alappuzha,Alappuzha Mandi,rice,2023-09-04,92.1,2758,Agmarknet via CEDA
Alappuzha,Harippad Market,rice,2023-09-04,56.6,2831,Agmarknet via CEDA
Alappuzha,Ambalapuzha Market,rice,2023-09-04,45.1,2810,Agmarknet via CEDA
Kottayam,Changanassery Market,rice,2023-09-04,97.2,2719,Agmarknet via CEDA
Kottayam,Kottayam Market,rice,2023-09-04,53.6,2804,Agmarknet via CEDA
Alappuzha,Alappuzha Mandi,rice,2023-09-06,72.0,2767,Agmarknet via CEDA
Alappuzha,Harippad Market,rice,2023-09-06,34.3,2777,Agmarknet via CEDA
Alappuzha,Ambalapuzha Market,rice,2023-09-06,52.8,2784,Agmarknet via CEDA
Kottayam,Changanassery Market,rice,2023-09-06,71.7,2754,Agmarknet via CEDA
Kottayam,Kottayam Market,rice,2023-09-06,39.4,2789,Agmarknet via CEDA
Alappuzha,Alappuzha Mandi,rice,2023-09-08,61.2,2796,Agmarknet via CEDA
Alappuzha,Harippad Market,rice,2023-09-08,40.8,2774,Agmarknet via CEDA
Alappuzha,Ambalapuzha Market,rice,2023-09-08,43.6,2828,Agmarknet via CEDA
Kottayam,Changanassery Market,rice,2023-09-08,93.8,2755,Agmarknet via CEDA
Kottayam,Kottayam Market,rice,2023-09-08,45.3,2785,Agmarknet via CEDA
Alappuzha,Alappuzha Mandi,rice,2023-09-12,95.7,2753,Agmarknet via CEDA
Alappuzha,Harippad Market,rice,2023-09-12,35.5,2785,Agmarknet via CEDA
Alappuzha,Ambalapuzha Market,rice,2023-09-12,41.4,2780,Agmarknet via CEDA
Kottayam,Changanassery Market,rice,2023-09-12,64.9,2777,Agmarknet via CEDA
Kottayam,Kottayam Market,rice,2023-09-12,48.6,2808,Agmarknet via CEDA
Alappuzha,Alappuzha Mandi,rice,2023-09-14,63.3,2800,Agmarknet via CEDA
Alappuzha,Harippad Market,rice,2023-09-14,46.5,2791,Agmarknet via CEDA
Alappuzha,Ambalapuzha Market,rice,2023-09-14,35.9,2806,Agmarknet via CEDA
Kottayam,Changanassery Market,rice,2023-09-14,91.8,2769,Agmarknet via CEDA
Kottayam,Kottayam Market,rice,2023-09-14,34.4,2852,Agmarknet via CEDA
Alappuzha,Alappuzha Mandi,rice,2023-09-16,95.0,2763,Agmarknet via CEDA
Alappuzha,Harippad Market,rice,2023-09-16,54.8,2779,Agmarknet via CEDA
Alappuzha,Ambalapuzha Market,rice,2023-09-16,40.7,2785,Agmarknet via CEDA
Kottayam,Changanassery Market,rice,2023-09-16,73.2,2803,Agmarknet via CEDA
Kottayam,Kottayam Market,rice,2023-09-16,37.8,2754,Agmarknet via CEDA
Alappuzha,Alappuzha Mandi,rice,2023-09-18,85.5,2757,Agmarknet via CEDA
Alappuzha,Harippad Market,rice,2023-09-18,45.6,2781,Agmarknet via CEDA
Alappuzha,Ambalapuzha Market,rice,2023-09-18,52.2,2817,Agmarknet via CEDA
Kottayam,Changanassery Market,rice,2023-09-18,64.6,2820,Agmarknet via CEDA
Kottayam,Kottayam Market,rice,2023-09-18,46.6,2797,Agmarknet via CEDA
Alappuzha,Alappuzha Mandi,rice,2023-09-20,74.6,2760,Agmarknet via CEDA
Alappuzha,Harippad Market,rice,2023-09-20,35.0,2809,Agmarknet via CEDA
Alappuzha,Ambalapuzha Market,rice,2023-09-20,35.1,2822,Agmarknet via CEDA
Kottayam,Changanassery Market,rice,2023-09-20,65.5,2800,Agmarknet via CEDA
Kottayam,Kottayam Market,rice,2023-09-20,37.3,2807,Agmarknet via CEDA
Alappuzha,Alappuzha Mandi,rice,2023-09-22,88.3,2800,Agmarknet via CEDA
Alappuzha,Harippad Market,rice,2023-09-22,41.9,2792,Agmarknet via CEDA
Alappuzha,Ambalapuzha Market,rice,2023-09-22,48.4,2791,Agmarknet via CEDA
Kottayam,Changanassery Market,rice,2023-09-22,95.1,2753,Agmarknet via CEDA
Kottayam,Kottayam Market,rice,2023-09-22,55.0,2802,Agmarknet via CEDA
Alappuzha,Alappuzha Mandi,rice,2023-09-26,90.0,2787,Agmarknet via CEDA
Alappuzha,Harippad Market,rice,2023-09-26,35.7,2780,Agmarknet via CEDA
Alappuzha,Ambalapuzha Market,rice,2023-09-26,48.6,2773,Agmarknet via CEDA
Kottayam,Changanassery Market,rice,2023-09-26,72.4,2788,Agmarknet via CEDA
Kottayam,Kottayam Market,rice,2023-09-26,52.7,2770,Agmarknet via CEDA
Alappuzha,Alappuzha Mandi,rice,2023-09-28,73.4,2773,Agmarknet via CEDA
Alappuzha,Harippad Market,rice,2023-09-28,39.5,2800,Agmarknet via CEDA
Alappuzha,Ambalapuzha Market,rice,2023-09-28,40.9,2837,Agmarknet via CEDA
Kottayam,Changanassery Market,rice,2023-09-28,85.6,2811,Agmarknet via CEDA
Kottayam,Kottayam Market,rice,2023-09-28,42.4,2794,Agmarknet via CEDA
Alappuzha,Alappuzha Mandi,rice,2023-09-30,76.8,2790,Agmarknet via CEDA
Alappuzha,Harippad Market,rice,2023-09-30,52.3,2789,Agmarknet via CEDA
Alappuzha,Ambalapuzha Market,rice,2023-09-30,49.7,2820,Agmarknet via CEDA
Kottayam,Changanassery Market,rice,2023-09-30,59.5,2764,Agmarknet via CEDA
Kottayam,Kottayam Market,rice,2023-09-30,35.4,2841,Agmarknet via CEDA
Alappuzha,Alappuzha Mandi,rice,2023-10-02,82.3,2757,Agmarknet via CEDA
Alappuzha,Harippad Market,rice,2023-10-02,36.0,2777,Agmarknet via CEDA
Alappuzha,Ambalapuzha Market,rice,2023-10-02,37.5,2797,Agmarknet via CEDA
Kottayam,Changanassery Market,rice,2023-10-02,94.0,2755,Agmarknet via CEDA
Kottayam,Kottayam Market,rice,2023-10-02,34.3,2786,Agmarknet via CEDA
Alappuzha,Alappuzha Mandi,rice,2023-10-04,70.5,2781,Agmarknet via CEDA
Alappuzha,Harippad Market,rice,2023-10-04,55.2,2812,Agmarknet via CEDA
Alappuzha,Ambalapuzha Market,rice,2023-10-04,46.6,2782,Agmarknet via CEDA
Kottayam,Changanassery Market,rice,2023-10-04,93.0,2802,Agmarknet via CEDA
Kottayam,Kottayam Market,rice,2023-10-04,38.6,2870,Agmarknet via CEDA
Alappuzha,Alappuzha Mandi,rice,2023-10-06,65.0,2781,Agmarknet via CEDA
Alappuzha,Harippad Market,rice,2023-10-06,42.6,2821,Agmarknet via CEDA
Alappuzha,Ambalapuzha Market,rice,2023-10-06,51.4,2808,Agmarknet via CEDA
Kottayam,Changanassery Market,rice,2023-10-06,87.3,2764,Agmarknet via CEDA
Kottayam,Kottayam Market,rice,2023-10-06,47.7,2795,Agmarknet via CEDA
Alappuzha,Alappuzha Mandi,rice,2023-10-10,67.4,2743,Agmarknet via CEDA
Alappuzha,Harippad Market,rice,2023-10-10,51.0,2795,Agmarknet via CEDA
Alappuzha,Ambalapuzha Market,rice,2023-10-10,41.9,2826,Agmarknet via CEDA
Kottayam,Changanassery Market,rice,2023-10-10,96.0,2746,Agmarknet via CEDA
Kottayam,Kottayam Market,rice,2023-10-10,42.1,2734,Agmarknet via CEDA
Alappuzha,Alappuzha Mandi,rice,2023-10-12,94.0,2800,Agmarknet via CEDA
Alappuzha,Harippad Market,rice,2023-10-12,52.6,2807,Agmarknet via CEDA
Alappuzha,Ambalapuzha Market,rice,2023-10-12,41.9,2835,Agmarknet via CEDA
Kottayam,Changanassery Market,rice,2023-10-12,72.7,2775,Agmarknet via CEDA
Kottayam,Kottayam Market,rice,2023-10-12,52.2,2802,Agmarknet via CEDA
Alappuzha,Alappuzha Mandi,rice,2023-10-14,87.4,2782,Agmarknet via CEDA
Alappuzha,Harippad Market,rice,2023-10-14,52.4,2789,Agmarknet via CEDA
Alappuzha,Ambalapuzha Market,rice,2023-10-14,35.3,2839,Agmarknet via CEDA
Kottayam,Changanassery Market,rice,2023-10-14,74.2,2765,Agmarknet via CEDA
Kottayam,Kottayam Market,rice,2023-10-14,51.2,2847,Agmarknet via CEDA
Alappuzha,Alappuzha Mandi,rice,2023-10-16,72.4,2752,Agmarknet via CEDA
Alappuzha,Harippad Market,rice,2023-10-16,51.2,2811,Agmarknet via CEDA
Alappuzha,Ambalapuzha Market,rice,2023-10-16,46.5,2786,Agmarknet via CEDA
Kottayam,Changanassery Market,rice,2023-10-16,87.7,2744,Agmarknet via CEDA
Kottayam,Kottayam Market,rice,2023-10-16,45.1,2782,Agmarknet via CEDA
Alappuzha,Alappuzha Mandi,rice,2023-10-18,93.5,2698,Agmarknet via CEDA
Alappuzha,Harippad Market,rice,2023-10-18,46.1,2777,Agmarknet via CEDA
Alappuzha,Ambalapuzha Market,rice,2023-10-18,44.3,2826,Agmarknet via CEDA
Kottayam,Changanassery Market,rice,2023-10-18,63.3,2807,Agmarknet via CEDA
Kottayam,Kottayam Market,rice,2023-10-18,53.2,2767,Agmarknet via CEDA
Alappuzha,Alappuzha Mandi,rice,2023-10-20,80.0,2786,Agmarknet via CEDA
Alappuzha,Harippad Market,rice,2023-10-20,47.8,2783,Agmarknet via CEDA
Alappuzha,Ambalapuzha Market,rice,2023-10-20,50.8,2752,Agmarknet via CEDA
Kottayam,Changanassery Market,rice,2023-10-20,83.8,2792,Agmarknet via CEDA
Kottayam,Kottayam Market,rice,2023-10-20,35.7,2837,Agmarknet via CEDA
Alappuzha,Alappuzha Mandi,rice,2023-10-24,81.8,2759,Agmarknet via CEDA
Alappuzha,Harippad Market,rice,2023-10-24,43.1,2834,Agmarknet via CEDA
Alappuzha,Ambalapuzha Market,rice,2023-10-24,41.9,2804,Agmarknet via CEDA
Kottayam,Changanassery Market,rice,2023-10-24,92.4,2766,Agmarknet via CEDA
Kottayam,Kottayam Market,rice,2023-10-24,53.4,2793,Agmarknet via CEDA
Alappuzha,Alappuzha Mandi,rice,2023-10-26,65.6,2756,Agmarknet via CEDA
Alappuzha,Harippad Market,rice,2023-10-26,50.2,2793,Agmarknet via CEDA
Alappuzha,Ambalapuzha Market,rice,2023-10-26,46.3,2773,Agmarknet via CEDA
Kottayam,Changanassery Market,rice,2023-10-26,66.8,2798,Agmarknet via CEDA
Kottayam,Kottayam Market,rice,2023-10-26,35.1,2828,Agmarknet via CEDA
Alappuzha,Alappuzha Mandi,rice,2023-10-28,92.0,2717,Agmarknet via CEDA
Alappuzha,Harippad Market,rice,2023-10-28,49.3,2815,Agmarknet via CEDA
Alappuzha,Ambalapuzha Market,rice,2023-10-28,50.5,2797,Agmarknet via CEDA
Kottayam,Changanassery Market,rice,2023-10-28,94.8,2719,Agmarknet via CEDA
Kottayam,Kottayam Market,rice,2023-10-28,35.3,2817,Agmarknet via CEDA
Alappuzha,Alappuzha Mandi,rice,2023-10-30,86.8,2759,Agmarknet via CEDA
Alappuzha,Harippad Market,rice,2023-10-30,46.2,2785,Agmarknet via CEDA
Alappuzha,Ambalapuzha Market,rice,2023-10-30,47.0,2773,Agmarknet via CEDA
Kottayam,Changanassery Market,rice,2023-10-30,73.3,2788,Agmarknet via CEDA
Kottayam,Kottayam Market,rice,2023-10-30,48.2,2803,Agmarknet via CEDA
Alappuzha,Alappuzha Mandi,rice,2023-11-01,25.1,2824,Agmarknet via CEDA
Alappuzha,Harippad Market,rice,2023-11-01,11.8,2860,Agmarknet via CEDA
Alappuzha,Ambalapuzha Market,rice,2023-11-01,14.7,2867,Agmarknet via CEDA
Kottayam,Changanassery Market,rice,2023-11-01,23.9,2770,Agmarknet via CEDA
Kottayam,Kottayam Market,rice,2023-11-01,14.1,2839,Agmarknet via CEDA
Alappuzha,Alappuzha Mandi,rice,2023-11-03,20.4,2812,Agmarknet via CEDA
Alappuzha,Harippad Market,rice,2023-11-03,11.1,2845,Agmarknet via CEDA
Alappuzha,Ambalapuzha Market,rice,2023-11-03,13.6,2811,Agmarknet via CEDA
Kottayam,Changanassery Market,rice,2023-11-03,21.3,2872,Agmarknet via CEDA
Kottayam,Kottayam Market,rice,2023-11-03,14.4,2844,Agmarknet via CEDA
Alappuzha,Alappuzha Mandi,rice,2023-11-07,29.1,2812,Agmarknet via CEDA
Alappuzha,Harippad Market,rice,2023-11-07,14.0,2860,Agmarknet via CEDA
Alappuzha,Ambalapuzha Market,rice,2023-11-07,10.8,2811,Agmarknet via CEDA
Kottayam,Changanassery Market,rice,2023-11-07,23.7,2837,Agmarknet via CEDA
Kottayam,Kottayam Market,rice,2023-11-07,10.6,2827,Agmarknet via CEDA
Alappuzha,Alappuzha Mandi,rice,2023-11-09,24.6,2818,Agmarknet via CEDA
Alappuzha,Harippad Market,rice,2023-11-09,11.1,2875,Agmarknet via CEDA
Alappuzha,Ambalapuzha Market,rice,2023-11-09,17.3,2887,Agmarknet via CEDA
Kottayam,Changanassery Market,rice,2023-11-09,20.8,2834,Agmarknet via CEDA
Kottayam,Kottayam Market,rice,2023-11-09,13.9,2811,Agmarknet via CEDA
Alappuzha,Alappuzha Mandi,rice,2023-11-11,19.3,2822,Agmarknet via CEDA
Alappuzha,Harippad Market,rice,2023-11-11,16.4,2810,Agmarknet via CEDA
Alappuzha,Ambalapuzha Market,rice,2023-11-11,14.0,2815,Agmarknet via CEDA
Kottayam,Changanassery Market,rice,2023-11-11,27.2,2822,Agmarknet via CEDA
Kottayam,Kottayam Market,rice,2023-11-11,11.3,2816,Agmarknet via CEDA
Alappuzha,Alappuzha Mandi,rice,2023-11-13,18.4,2856,Agmarknet via CEDA
Alappuzha,Harippad Market,rice,2023-11-13,12.3,2826,Agmarknet via CEDA
Alappuzha,Ambalapuzha Market,rice,2023-11-13,13.5,2829,Agmarknet via CEDA
Kottayam,Changanassery Market,rice,2023-11-13,24.9,2807,Agmarknet via CEDA
Kottayam,Kottayam Market,rice,2023-11-13,14.5,2799,Agmarknet via CEDA
Alappuzha,Alappuzha Mandi,rice,2023-11-15,19.3,2798,Agmarknet via CEDA
Alappuzha,Harippad Market,rice,2023-11-15,13.1,2836,Agmarknet via CEDA
Alappuzha,Ambalapuzha Market,rice,2023-11-15,17.3,2819,Agmarknet via CEDA
Kottayam,Changanassery Market,rice,2023-11-15,29.6,2824,Agmarknet via CEDA
Kottayam,Kottayam Market,rice,2023-11-15,15.4,2854,Agmarknet via CEDA
Alappuzha,Alappuzha Mandi,rice,2023-11-17,21.4,2806,Agmarknet via CEDA
Alappuzha,Harippad Market,rice,2023-11-17,13.9,2884,Agmarknet via CEDA
Alappuzha,Ambalapuzha Market,rice,2023-11-17,15.8,2804,Agmarknet via CEDA
Kottayam,Changanassery Market,rice,2023-11-17,29.1,2788,Agmarknet via CEDA
Kottayam,Kottayam Market,rice,2023-11-17,10.9,2855,Agmarknet via CEDA
Alappuzha,Alappuzha Mandi,rice,2023-11-21,25.3,2820,Agmarknet via CEDA
Alappuzha,Harippad Market,rice,2023-11-21,14.3,2811,Agmarknet via CEDA
Alappuzha,Ambalapuzha Market,rice,2023-11-21,16.5,2797,Agmarknet via CEDA
Kottayam,Changanassery Market,rice,2023-11-21,24.7,2797,Agmarknet via CEDA
Kottayam,Kottayam Market,rice,2023-11-21,10.6,2834,Agmarknet via CEDA
Alappuzha,Alappuzha Mandi,rice,2023-11-23,29.6,2851,Agmarknet via CEDA
Alappuzha,Harippad Market,rice,2023-11-23,11.1,2792,Agmarknet via CEDA
Alappuzha,Ambalapuzha Market,rice,2023-11-23,15.3,2832,Agmarknet via CEDA
Kottayam,Changanassery Market,rice,2023-11-23,19.5,2843,Agmarknet via CEDA
Kottayam,Kottayam Market,rice,2023-11-23,14.6,2817,Agmarknet via CEDA
Alappuzha,Alappuzha Mandi,rice,2023-11-25,28.6,2853,Agmarknet via CEDA
Alappuzha,Harippad Market,rice,2023-11-25,15.0,2836,Agmarknet via CEDA
Alappuzha,Ambalapuzha Market,rice,2023-11-25,11.4,2853,Agmarknet via CEDA
Kottayam,Changanassery Market,rice,2023-11-25,21.7,2843,Agmarknet via CEDA
Kottayam,Kottayam Market,rice,2023-11-25,12.6,2859,Agmarknet via CEDA
Alappuzha,Alappuzha Mandi,rice,2023-11-27,20.2,2821,Agmarknet via CEDA
Alappuzha,Harippad Market,rice,2023-11-27,12.1,2872,Agmarknet via CEDA
Alappuzha,Ambalapuzha Market,rice,2023-11-27,14.8,2827,Agmarknet via CEDA
Kottayam,Changanassery Market,rice,2023-11-27,23.6,2816,Agmarknet via CEDA
Kottayam,Kottayam Market,rice,2023-11-27,11.5,2825,Agmarknet via CEDA
Alappuzha,Alappuzha Mandi,rice,2023-11-29,27.2,2810,Agmarknet via CEDA
Alappuzha,Harippad Market,rice,2023-11-29,13.5,2821,Agmarknet via CEDA
Alappuzha,Ambalapuzha Market,rice,2023-11-29,10.7,2834,Agmarknet via CEDA
Kottayam,Changanassery Market,rice,2023-11-29,23.3,2824,Agmarknet via CEDA
Kottayam,Kottayam Market,rice,2023-11-29,11.1,2834,Agmarknet via CEDA
Alappuzha,Alappuzha Mandi,rice,2023-12-01,67.3,2780,Agmarknet via CEDA
Alappuzha,Harippad Market,rice,2023-12-01,44.8,2823,Agmarknet via CEDA
Alappuzha,Ambalapuzha Market,rice,2023-12-01,31.4,2819,Agmarknet via CEDA
Kottayam,Changanassery Market,rice,2023-12-01,61.5,2800,Agmarknet via CEDA
Kottayam,Kottayam Market,rice,2023-12-01,46.9,2779,Agmarknet via CEDA
Alappuzha,Alappuzha Mandi,rice,2023-12-05,72.6,2750,Agmarknet via CEDA
Alappuzha,Harippad Market,rice,2023-12-05,43.6,2821,Agmarknet via CEDA
Alappuzha,Ambalapuzha Market,rice,2023-12-05,30.1,2837,Agmarknet via CEDA
Kottayam,Changanassery Market,rice,2023-12-05,62.3,2765,Agmarknet via CEDA
Kottayam,Kottayam Market,rice,2023-12-05,47.8,2774,Agmarknet via CEDA
Alappuzha,Alappuzha Mandi,rice,2023-12-07,70.7,2812,Agmarknet via CEDA
Alappuzha,Harippad Market,rice,2023-12-07,37.2,2798,Agmarknet via CEDA
Alappuzha,Ambalapuzha Market,rice,2023-12-07,45.6,2786,Agmarknet via CEDA
Kottayam,Changanassery Market,rice,2023-12-07,74.5,2751,Agmarknet via CEDA
Kottayam,Kottayam Market,rice,2023-12-07,36.5,2784,Agmarknet via CEDA
Alappuzha,Alappuzha Mandi,rice,2023-12-09,74.0,2832,Agmarknet via CEDA
Alappuzha,Harippad Market,rice,2023-12-09,33.3,2810,Agmarknet via CEDA
Alappuzha,Ambalapuzha Market,rice,2023-12-09,38.0,2802,Agmarknet via CEDA
Kottayam,Changanassery Market,rice,2023-12-09,55.0,2766,Agmarknet via CEDA
Kottayam,Kottayam Market,rice,2023-12-09,30.0,2774,Agmarknet via CEDA
Alappuzha,Alappuzha Mandi,rice,2023-12-11,68.7,2826,Agmarknet via CEDA
Alappuzha,Harippad Market,rice,2023-12-11,36.9,2836,Agmarknet via CEDA
Alappuzha,Ambalapuzha Market,rice,2023-12-11,42.4,2809,Agmarknet via CEDA
Kottayam,Changanassery Market,rice,2023-12-11,49.7,2734,Agmarknet via CEDA
Kottayam,Kottayam Market,rice,2023-12-11,42.2,2799,Agmarknet via CEDA
Alappuzha,Alappuzha Mandi,rice,2023-12-13,61.7,2792,Agmarknet via CEDA
Alappuzha,Harippad Market,rice,2023-12-13,47.7,2803,Agmarknet via CEDA
Alappuzha,Ambalapuzha Market,rice,2023-12-13,46.4,2735,Agmarknet via CEDA
Kottayam,Changanassery Market,rice,2023-12-13,73.2,2813,Agmarknet via CEDA
Kottayam,Kottayam Market,rice,2023-12-13,45.5,2813,Agmarknet via CEDA
Alappuzha,Alappuzha Mandi,rice,2023-12-15,64.6,2728,Agmarknet via CEDA
Alappuzha,Harippad Market,rice,2023-12-15,47.5,2789,Agmarknet via CEDA
Alappuzha,Ambalapuzha Market,rice,2023-12-15,42.3,2787,Agmarknet via CEDA
Kottayam,Changanassery Market,rice,2023-12-15,67.6,2784,Agmarknet via CEDA
Kottayam,Kottayam Market,rice,2023-12-15,36.9,2804,Agmarknet via CEDA
Alappuzha,Alappuzha Mandi,rice,2023-12-19,76.8,2785,Agmarknet via CEDA
Alappuzha,Harippad Market,rice,2023-12-19,39.6,2762,Agmarknet via CEDA
Alappuzha,Ambalapuzha Market,rice,2023-12-19,37.9,2813,Agmarknet via CEDA
Kottayam,Changanassery Market,rice,2023-12-19,77.8,2752,Agmarknet via CEDA
Kottayam,Kottayam Market,rice,2023-12-19,31.4,2800,Agmarknet via CEDA
Alappuzha,Alappuzha Mandi,rice,2023-12-21,59.3,2788,Agmarknet via CEDA
Alappuzha,Harippad Market,rice,2023-12-21,33.3,2851,Agmarknet via CEDA
Alappuzha,Ambalapuzha Market,rice,2023-12-21,32.1,2826,Agmarknet via CEDA
Kottayam,Changanassery Market,rice,2023-12-21,60.8,2786,Agmarknet via CEDA
Kottayam,Kottayam Market,rice,2023-12-21,47.9,2768,Agmarknet via CEDA
Alappuzha,Alappuzha Mandi,rice,2023-12-23,78.9,2773,Agmarknet via CEDA
Alappuzha,Harippad Market,rice,2023-12-23,37.7,2786,Agmarknet via CEDA
Alappuzha,Ambalapuzha Market,rice,2023-12-23,32.4,2839,Agmarknet via CEDA
Kottayam,Changanassery Market,rice,2023-12-23,50.8,2796,Agmarknet via CEDA
Kottayam,Kottayam Market,rice,2023-12-23,40.5,2780,Agmarknet via CEDA
Alappuzha,Alappuzha Mandi,rice,2023-12-25,63.6,2784,Agmarknet via CEDA
Alappuzha,Harippad Market,rice,2023-12-25,39.2,2832,Agmarknet via CEDA
Alappuzha,Ambalapuzha Market,rice,2023-12-25,38.1,2832,Agmarknet via CEDA
Kottayam,Changanassery Market,rice,2023-12-25,79.0,2768,Agmarknet via CEDA
Kottayam,Kottayam Market,rice,2023-12-25,35.3,2829,Agmarknet via CEDA
Alappuzha,Alappuzha Mandi,rice,2023-12-27,81.2,2778,Agmarknet via CEDA
Alappuzha,Harippad Market,rice,2023-12-27,38.7,2766,Agmarknet via CEDA
Alappuzha,Ambalapuzha Market,rice,2023-12-27,47.3,2793,Agmarknet via CEDA
Kottayam,Changanassery Market,rice,2023-12-27,54.2,2755,Agmarknet via CEDA
Kottayam,Kottayam Market,rice,2023-12-27,34.2,2828,Agmarknet via CEDA
Alappuzha,Alappuzha Mandi,rice,2023-12-29,62.9,2769,Agmarknet via CEDA
Alappuzha,Harippad Market,rice,2023-12-29,31.8,2819,Agmarknet via CEDA
Alappuzha,Ambalapuzha Market,rice,2023-12-29,37.3,2768,Agmarknet via CEDA
Kottayam,Changanassery Market,rice,2023-12-29,59.9,2793,Agmarknet via CEDA
Kottayam,Kottayam Market,rice,2023-12-29,30.5,2812,Agmarknet via CEDA
Alappuzha,Alappuzha Mandi,rice,2024-01-02,68.3,2855,Agmarknet via CEDA
Alappuzha,Harippad Market,rice,2024-01-02,46.4,2855,Agmarknet via CEDA
Alappuzha,Ambalapuzha Market,rice,2024-01-02,33.8,2874,Agmarknet via CEDA
Kottayam,Changanassery Market,rice,2024-01-02,64.3,2875,Agmarknet via CEDA
Kottayam,Kottayam Market,rice,2024-01-02,48.0,2884,Agmarknet via CEDA
Alappuzha,Alappuzha Mandi,rice,2024-01-04,59.0,2902,Agmarknet via CEDA
Alappuzha,Harippad Market,rice,2024-01-04,36.7,2928,Agmarknet via CEDA
Alappuzha,Ambalapuzha Market,rice,2024-01-04,32.1,2938,Agmarknet via CEDA
Kottayam,Changanassery Market,rice,2024-01-04,57.0,2853,Agmarknet via CEDA
Kottayam,Kottayam Market,rice,2024-01-04,39.3,2872,Agmarknet via CEDA
Alappuzha,Alappuzha Mandi,rice,2024-01-06,82.2,2880,Agmarknet via CEDA
Alappuzha,Harippad Market,rice,2024-01-06,40.6,2900,Agmarknet via CEDA
Alappuzha,Ambalapuzha Market,rice,2024-01-06,32.2,2859,Agmarknet via CEDA
Kottayam,Changanassery Market,rice,2024-01-06,62.2,2828,Agmarknet via CEDA
Kottayam,Kottayam Market,rice,2024-01-06,43.9,2817,Agmarknet via CEDA
Alappuzha,Alappuzha Mandi,rice,2024-01-08,65.5,2855,Agmarknet via CEDA
Alappuzha,Harippad Market,rice,2024-01-08,35.5,2906,Agmarknet via CEDA
Alappuzha,Ambalapuzha Market,rice,2024-01-08,44.5,2845,Agmarknet via CEDA
Kottayam,Changanassery Market,rice,2024-01-08,66.1,2828,Agmarknet via CEDA
Kottayam,Kottayam Market,rice,2024-01-08,33.9,2801,Agmarknet via CEDA
Alappuzha,Alappuzha Mandi,rice,2024-01-10,81.4,2848,Agmarknet via CEDA
Alappuzha,Harippad Market,rice,2024-01-10,39.9,2895,Agmarknet via CEDA
Alappuzha,Ambalapuzha Market,rice,2024-01-10,40.1,2873,Agmarknet via CEDA
Kottayam,Changanassery Market,rice,2024-01-10,73.2,2821,Agmarknet via CEDA
Kottayam,Kottayam Market,rice,2024-01-10,37.7,2864,Agmarknet via CEDA
Alappuzha,Alappuzha Mandi,rice,2024-01-12,62.5,2839,Agmarknet via CEDA
Alappuzha,Harippad Market,rice,2024-01-12,47.5,2875,Agmarknet via CEDA
Alappuzha,Ambalapuzha Market,rice,2024-01-12,47.3,2843,Agmarknet via CEDA
Kottayam,Changanassery Market,rice,2024-01-12,79.1,2804,Agmarknet via CEDA
Kottayam,Kottayam Market,rice,2024-01-12,47.5,2814,Agmarknet via CEDA
Alappuzha,Alappuzha Mandi,rice,2024-01-16,66.9,2830,Agmarknet via CEDA
Alappuzha,Harippad Market,rice,2024-01-16,42.1,2890,Agmarknet via CEDA
Alappuzha,Ambalapuzha Market,rice,2024-01-16,29.9,2854,Agmarknet via CEDA
Kottayam,Changanassery Market,rice,2024-01-16,51.1,2819,Agmarknet via CEDA
Kottayam,Kottayam Market,rice,2024-01-16,35.0,2842,Agmarknet via CEDA
Alappuzha,Alappuzha Mandi,rice,2024-01-18,65.7,2821,Agmarknet via CEDA
Alappuzha,Harippad Market,rice,2024-01-18,34.8,2858,Agmarknet via CEDA
Alappuzha,Ambalapuzha Market,rice,2024-01-18,47.6,2829,Agmarknet via CEDA
Kottayam,Changanassery Market,rice,2024-01-18,68.5,2791,Agmarknet via CEDA
Kottayam,Kottayam Market,rice,2024-01-18,47.8,2881,Agmarknet via CEDA
Alappuzha,Alappuzha Mandi,rice,2024-01-20,73.1,2812,Agmarknet via CEDA
Alappuzha,Harippad Market,rice,2024-01-20,40.6,2874,Agmarknet via CEDA
Alappuzha,Ambalapuzha Market,rice,2024-01-20,30.1,2861,Agmarknet via CEDA
Kottayam,Changanassery Market,rice,2024-01-20,69.2,2823,Agmarknet via CEDA
Kottayam,Kottayam Market,rice,2024-01-20,45.1,2881,Agmarknet via CEDA
Alappuzha,Alappuzha Mandi,rice,2024-01-22,50.5,2856,Agmarknet via CEDA
Alappuzha,Harippad Market,rice,2024-01-22,33.1,2904,Agmarknet via CEDA
Alappuzha,Ambalapuzha Market,rice,2024-01-22,31.5,2861,Agmarknet via CEDA
Kottayam,Changanassery Market,rice,2024-01-22,70.0,2814,Agmarknet via CEDA
Kottayam,Kottayam Market,rice,2024-01-22,39.4,2859,Agmarknet via CEDA
Alappuzha,Alappuzha Mandi,rice,2024-01-24,57.4,2836,Agmarknet via CEDA
Alappuzha,Harippad Market,rice,2024-01-24,33.0,2915,Agmarknet via CEDA
Alappuzha,Ambalapuzha Market,rice,2024-01-24,33.1,2856,Agmarknet via CEDA
Kottayam,Changanassery Market,rice,2024-01-24,61.6,2857,Agmarknet via CEDA
Kottayam,Kottayam Market,rice,2024-01-24,47.3,2860,Agmarknet via CEDA
Alappuzha,Alappuzha Mandi,rice,2024-01-26,75.9,2809,Agmarknet via CEDA
Alappuzha,Harippad Market,rice,2024-01-26,38.6,2847,Agmarknet via CEDA
Alappuzha,Ambalapuzha Market,rice,2024-01-26,43.8,2867,Agmarknet via CEDA
Kottayam,Changanassery Market,rice,2024-01-26,61.4,2852,Agmarknet via CEDA
Kottayam,Kottayam Market,rice,2024-01-26,42.1,2856,Agmarknet via CEDA
Alappuzha,Alappuzha Mandi,rice,2024-01-30,72.7,2836,Agmarknet via CEDA
Alappuzha,Harippad Market,rice,2024-01-30,29.1,2834,Agmarknet via CEDA
Alappuzha,Ambalapuzha Market,rice,2024-01-30,42.2,2843,Agmarknet via CEDA
Kottayam,Changanassery Market,rice,2024-01-30,74.8,2862,Agmarknet via CEDA
Kottayam,Kottayam Market,rice,2024-01-30,34.5,2858,Agmarknet via CEDA
Alappuzha,Alappuzha Mandi,rice,2024-02-01,116.8,2826,Agmarknet via CEDA
Alappuzha,Harippad Market,rice,2024-02-01,87.1,2855,Agmarknet via CEDA
Alappuzha,Ambalapuzha Market,rice,2024-02-01,60.4,2878,Agmarknet via CEDA
Kottayam,Changanassery Market,rice,2024-02-01,144.9,2819,Agmarknet via CEDA
Kottayam,Kottayam Market,rice,2024-02-01,58.0,2863,Agmarknet via CEDA
Alappuzha,Alappuzha Mandi,rice,2024-02-03,106.5,2850,Agmarknet via CEDA
Alappuzha,Harippad Market,rice,2024-02-03,69.1,2865,Agmarknet via CEDA
Alappuzha,Ambalapuzha Market,rice,2024-02-03,83.6,2786,Agmarknet via CEDA
Kottayam,Changanassery Market,rice,2024-02-03,124.2,2805,Agmarknet via CEDA
Kottayam,Kottayam Market,rice,2024-02-03,54.3,2913,Agmarknet via CEDA
Alappuzha,Alappuzha Mandi,rice,2024-02-05,104.0,2764,Agmarknet via CEDA
Alappuzha,Harippad Market,rice,2024-02-05,58.9,2850,Agmarknet via CEDA
Alappuzha,Ambalapuzha Market,rice,2024-02-05,70.1,2814,Agmarknet via CEDA
Kottayam,Changanassery Market,rice,2024-02-05,117.8,2781,Agmarknet via CEDA
Kottayam,Kottayam Market,rice,2024-02-05,57.2,2838,Agmarknet via CEDA
Alappuzha,Alappuzha Mandi,rice,2024-02-07,136.6,2794,Agmarknet via CEDA
Alappuzha,Harippad Market,rice,2024-02-07,80.8,2823,Agmarknet via CEDA
Alappuzha,Ambalapuzha Market,rice,2024-02-07,75.0,2845,Agmarknet via CEDA
Kottayam,Changanassery Market,rice,2024-02-07,140.1,2829,Agmarknet via CEDA
Kottayam,Kottayam Market,rice,2024-02-07,68.5,2868,Agmarknet via CEDA
Alappuzha,Alappuzha Mandi,rice,2024-02-09,121.7,2801,Agmarknet via CEDA
Alappuzha,Harippad Market,rice,2024-02-09,55.4,2847,Agmarknet via CEDA
Alappuzha,Ambalapuzha Market,rice,2024-02-09,67.7,2854,Agmarknet via CEDA
Kottayam,Changanassery Market,rice,2024-02-09,98.0,2773,Agmarknet via CEDA
Kottayam,Kottayam Market,rice,2024-02-09,76.7,2824,Agmarknet via CEDA
Alappuzha,Alappuzha Mandi,rice,2024-02-13,96.3,2831,Agmarknet via CEDA
Alappuzha,Harippad Market,rice,2024-02-13,57.6,2855,Agmarknet via CEDA
Alappuzha,Ambalapuzha Market,rice,2024-02-13,68.9,2870,Agmarknet via CEDA
Kottayam,Changanassery Market,rice,2024-02-13,96.4,2842,Agmarknet via CEDA
Kottayam,Kottayam Market,rice,2024-02-13,81.5,2842,Agmarknet via CEDA
Alappuzha,Alappuzha Mandi,rice,2024-02-15,127.6,2783,Agmarknet via CEDA
Alappuzha,Harippad Market,rice,2024-02-15,66.0,2830,Agmarknet via CEDA
Alappuzha,Ambalapuzha Market,rice,2024-02-15,85.5,2857,Agmarknet via CEDA
Kottayam,Changanassery Market,rice,2024-02-15,132.6,2799,Agmarknet via CEDA
Kottayam,Kottayam Market,rice,2024-02-15,56.4,2831,Agmarknet via CEDA
Alappuzha,Alappuzha Mandi,rice,2024-02-17,128.3,2817,Agmarknet via CEDA
Alappuzha,Harippad Market,rice,2024-02-17,64.4,2855,Agmarknet via CEDA
Alappuzha,Ambalapuzha Market,rice,2024-02-17,53.4,2852,Agmarknet via CEDA
Kottayam,Changanassery Market,rice,2024-02-17,131.8,2809,Agmarknet via CEDA
Kottayam,Kottayam Market,rice,2024-02-17,86.6,2841,Agmarknet via CEDA
Alappuzha,Alappuzha Mandi,rice,2024-02-19,148.5,2809,Agmarknet via CEDA
Alappuzha,Harippad Market,rice,2024-02-19,57.0,2887,Agmarknet via CEDA
Alappuzha,Ambalapuzha Market,rice,2024-02-19,75.3,2824,Agmarknet via CEDA
Kottayam,Changanassery Market,rice,2024-02-19,111.7,2805,Agmarknet via CEDA
Kottayam,Kottayam Market,rice,2024-02-19,81.4,2823,Agmarknet via CEDA
Alappuzha,Alappuzha Mandi,rice,2024-02-21,93.3,2869,Agmarknet via CEDA
Alappuzha,Harippad Market,rice,2024-02-21,67.4,2864,Agmarknet via CEDA
Alappuzha,Ambalapuzha Market,rice,2024-02-21,74.9,2837,Agmarknet via CEDA
Kottayam,Changanassery Market,rice,2024-02-21,108.7,2791,Agmarknet via CEDA
Kottayam,Kottayam Market,rice,2024-02-21,86.5,2830,Agmarknet via CEDA
Alappuzha,Alappuzha Mandi,rice,2024-02-23,111.6,2752,Agmarknet via CEDA
Alappuzha,Harippad Market,rice,2024-02-23,76.4,2829,Agmarknet via CEDA
Alappuzha,Ambalapuzha Market,rice,2024-02-23,75.7,2813,Agmarknet via CEDA
Kottayam,Changanassery Market,rice,2024-02-23,108.9,2832,Agmarknet via CEDA
Kottayam,Kottayam Market,rice,2024-02-23,56.9,2846,Agmarknet via CEDA
Alappuzha,Alappuzha Mandi,rice,2024-02-27,125.9,2798,Agmarknet via CEDA
Alappuzha,Harippad Market,rice,2024-02-27,82.9,2828,Agmarknet via CEDA
Alappuzha,Ambalapuzha Market,rice,2024-02-27,68.6,2868,Agmarknet via CEDA
Kottayam,Changanassery Market,rice,2024-02-27,94.6,2846,Agmarknet via CEDA
Kottayam,Kottayam Market,rice,2024-02-27,61.1,2863,Agmarknet via CEDA
Alappuzha,Alappuzha Mandi,rice,2024-02-29,115.3,2812,Agmarknet via CEDA
Alappuzha,Harippad Market,rice,2024-02-29,59.2,2812,Agmarknet via CEDA
Alappuzha,Ambalapuzha Market,rice,2024-02-29,56.1,2849,Agmarknet via CEDA
Kottayam,Changanassery Market,rice,2024-02-29,110.5,2838,Agmarknet via CEDA
Kottayam,Kottayam Market,rice,2024-02-29,71.6,2846,Agmarknet via CEDA
Alappuzha,Alappuzha Mandi,rice,2024-03-02,174.9,2745,Agmarknet via CEDA
Alappuzha,Harippad Market,rice,2024-03-02,82.6,2819,Agmarknet via CEDA
Alappuzha,Ambalapuzha Market,rice,2024-03-02,76.3,2825,Agmarknet via CEDA
Kottayam,Changanassery Market,rice,2024-03-02,175.4,2755,Agmarknet via CEDA
Kottayam,Kottayam Market,rice,2024-03-02,113.7,2791,Agmarknet via CEDA
Alappuzha,Alappuzha Mandi,rice,2024-03-04,153.4,2799,Agmarknet via CEDA
Alappuzha,Harippad Market,rice,2024-03-04,86.9,2785,Agmarknet via CEDA
Alappuzha,Ambalapuzha Market,rice,2024-03-04,74.8,2857,Agmarknet via CEDA
Kottayam,Changanassery Market,rice,2024-03-04,174.8,2788,Agmarknet via CEDA
Kottayam,Kottayam Market,rice,2024-03-04,109.8,2782,Agmarknet via CEDA
Alappuzha,Alappuzha Mandi,rice,2024-03-06,155.6,2785,Agmarknet via CEDA
Alappuzha,Harippad Market,rice,2024-03-06,79.7,2844,Agmarknet via CEDA
Alappuzha,Ambalapuzha Market,rice,2024-03-06,115.6,2784,Agmarknet via CEDA
Kottayam,Changanassery Market,rice,2024-03-06,206.9,2697,Agmarknet via CEDA
Kottayam,Kottayam Market,rice,2024-03-06,78.7,2847,Agmarknet via CEDA
Alappuzha,Alappuzha Mandi,rice,2024-03-08,194.3,2784,Agmarknet via CEDA
Alappuzha,Harippad Market,rice,2024-03-08,111.8,2838,Agmarknet via CEDA
Alappuzha,Ambalapuzha Market,rice,2024-03-08,108.0,2826,Agmarknet via CEDA
Kottayam,Changanassery Market,rice,2024-03-08,150.0,2786,Agmarknet via CEDA
Kottayam,Kottayam Market,rice,2024-03-08,104.9,2818,Agmarknet via CEDA
Alappuzha,Alappuzha Mandi,rice,2024-03-12,128.8,2790,Agmarknet via CEDA
Alappuzha,Harippad Market,rice,2024-03-12,101.9,2828,Agmarknet via CEDA
Alappuzha,Ambalapuzha Market,rice,2024-03-12,82.1,2812,Agmarknet via CEDA
Kottayam,Changanassery Market,rice,2024-03-12,145.8,2800,Agmarknet via CEDA
Kottayam,Kottayam Market,rice,2024-03-12,83.9,2830,Agmarknet via CEDA
Alappuzha,Alappuzha Mandi,rice,2024-03-14,138.1,2785,Agmarknet via CEDA
Alappuzha,Harippad Market,rice,2024-03-14,118.2,2842,Agmarknet via CEDA
Alappuzha,Ambalapuzha Market,rice,2024-03-14,80.7,2802,Agmarknet via CEDA
Kottayam,Changanassery Market,rice,2024-03-14,139.2,2801,Agmarknet via CEDA
Kottayam,Kottayam Market,rice,2024-03-14,107.0,2848,Agmarknet via CEDA
Alappuzha,Alappuzha Mandi,rice,2024-03-16,152.0,2786,Agmarknet via CEDA
Alappuzha,Harippad Market,rice,2024-03-16,95.5,2827,Agmarknet via CEDA
Alappuzha,Ambalapuzha Market,rice,2024-03-16,87.8,2826,Agmarknet via CEDA
Kottayam,Changanassery Market,rice,2024-03-16,150.8,2796,Agmarknet via CEDA
Kottayam,Kottayam Market,rice,2024-03-16,85.9,2780,Agmarknet via CEDA
Alappuzha,Alappuzha Mandi,rice,2024-03-18,202.9,2742,Agmarknet via CEDA
Alappuzha,Harippad Market,rice,2024-03-18,78.6,2828,Agmarknet via CEDA
Alappuzha,Ambalapuzha Market,rice,2024-03-18,105.7,2811,Agmarknet via CEDA
Kottayam,Changanassery Market,rice,2024-03-18,205.4,2740,Agmarknet via CEDA
Kottayam,Kottayam Market,rice,2024-03-18,106.7,2788,Agmarknet via CEDA
Alappuzha,Alappuzha Mandi,rice,2024-03-20,151.5,2758,Agmarknet via CEDA
Alappuzha,Harippad Market,rice,2024-03-20,78.1,2870,Agmarknet via CEDA
Alappuzha,Ambalapuzha Market,rice,2024-03-20,80.4,2825,Agmarknet via CEDA
Kottayam,Changanassery Market,rice,2024-03-20,136.9,2757,Agmarknet via CEDA
Kottayam,Kottayam Market,rice,2024-03-20,78.3,2849,Agmarknet via CEDA
Alappuzha,Alappuzha Mandi,rice,2024-03-22,140.0,2817,Agmarknet via CEDA
Alappuzha,Harippad Market,rice,2024-03-22,99.8,2786,Agmarknet via CEDA
Alappuzha,Ambalapuzha Market,rice,2024-03-22,106.7,2837,Agmarknet via CEDA
Kottayam,Changanassery Market,rice,2024-03-22,148.4,2813,Agmarknet via CEDA
Kottayam,Kottayam Market,rice,2024-03-22,75.4,2862,Agmarknet via CEDA
Alappuzha,Alappuzha Mandi,rice,2024-03-26,173.8,2752,Agmarknet via CEDA
Alappuzha,Harippad Market,rice,2024-03-26,114.3,2832,Agmarknet via CEDA
Alappuzha,Ambalapuzha Market,rice,2024-03-26,121.5,2829,Agmarknet via CEDA
Kottayam,Changanassery Market,rice,2024-03-26,208.8,2697,Agmarknet via CEDA
Kottayam,Kottayam Market,rice,2024-03-26,112.6,2826,Agmarknet via CEDA
Alappuzha,Alappuzha Mandi,rice,2024-03-28,135.0,2790,Agmarknet via CEDA
Alappuzha,Harippad Market,rice,2024-03-28,92.3,2826,Agmarknet via CEDA
Alappuzha,Ambalapuzha Market,rice,2024-03-28,104.4,2770,Agmarknet via CEDA
Kottayam,Changanassery Market,rice,2024-03-28,152.1,2724,Agmarknet via CEDA
Kottayam,Kottayam Market,rice,2024-03-28,110.8,2811,Agmarknet via CEDA
Alappuzha,Alappuzha Mandi,rice,2024-03-30,187.9,2739,Agmarknet via CEDA
Alappuzha,Harippad Market,rice,2024-03-30,85.9,2826,Agmarknet via CEDA
Alappuzha,Ambalapuzha Market,rice,2024-03-30,118.2,2796,Agmarknet via CEDA
Kottayam,Changanassery Market,rice,2024-03-30,179.2,2726,Agmarknet via CEDA
Kottayam,Kottayam Market,rice,2024-03-30,108.8,2831,Agmarknet via CEDA
Alappuzha,Alappuzha Mandi,rice,2024-04-01,91.7,2860,Agmarknet via CEDA
Alappuzha,Harippad Market,rice,2024-04-01,57.6,2817,Agmarknet via CEDA
Alappuzha,Ambalapuzha Market,rice,2024-04-01,81.3,2850,Agmarknet via CEDA
Kottayam,Changanassery Market,rice,2024-04-01,114.3,2774,Agmarknet via CEDA
Kottayam,Kottayam Market,rice,2024-04-01,73.4,2834,Agmarknet via CEDA
Alappuzha,Alappuzha Mandi,rice,2024-04-03,139.2,2795,Agmarknet via CEDA
Alappuzha,Harippad Market,rice,2024-04-03,87.5,2810,Agmarknet via CEDA
Alappuzha,Ambalapuzha Market,rice,2024-04-03,75.7,2817,Agmarknet via CEDA
Kottayam,Changanassery Market,rice,2024-04-03,147.9,2776,Agmarknet via CEDA
Kottayam,Kottayam Market,rice,2024-04-03,80.3,2855,Agmarknet via CEDA
Alappuzha,Alappuzha Mandi,rice,2024-04-05,98.1,2806,Agmarknet via CEDA
Alappuzha,Harippad Market,rice,2024-04-05,56.0,2833,Agmarknet via CEDA
Alappuzha,Ambalapuzha Market,rice,2024-04-05,62.0,2838,Agmarknet via CEDA
Kottayam,Changanassery Market,rice,2024-04-05,95.3,2850,Agmarknet via CEDA
Kottayam,Kottayam Market,rice,2024-04-05,64.5,2848,Agmarknet via CEDA
Alappuzha,Alappuzha Mandi,rice,2024-04-09,115.0,2807,Agmarknet via CEDA
Alappuzha,Harippad Market,rice,2024-04-09,58.3,2844,Agmarknet via CEDA
Alappuzha,Ambalapuzha Market,rice,2024-04-09,54.5,2851,Agmarknet via CEDA
Kottayam,Changanassery Market,rice,2024-04-09,97.2,2838,Agmarknet via CEDA
Kottayam,Kottayam Market,rice,2024-04-09,69.9,2846,Agmarknet via CEDA
Alappuzha,Alappuzha Mandi,rice,2024-04-11,140.6,2827,Agmarknet via CEDA
Alappuzha,Harippad Market,rice,2024-04-11,78.1,2824,Agmarknet via CEDA
Alappuzha,Ambalapuzha Market,rice,2024-04-11,58.6,2886,Agmarknet via CEDA
Kottayam,Changanassery Market,rice,2024-04-11,94.2,2787,Agmarknet via CEDA
Kottayam,Kottayam Market,rice,2024-04-11,65.2,2850,Agmarknet via CEDA
Alappuzha,Alappuzha Mandi,rice,2024-04-13,118.5,2802,Agmarknet via CEDA
Alappuzha,Harippad Market,rice,2024-04-13,81.1,2867,Agmarknet via CEDA
Alappuzha,Ambalapuzha Market,rice,2024-04-13,73.3,2832,Agmarknet via CEDA
Kottayam,Changanassery Market,rice,2024-04-13,143.2,2824,Agmarknet via CEDA
Kottayam,Kottayam Market,rice,2024-04-13,74.6,2802,Agmarknet via CEDA
Alappuzha,Alappuzha Mandi,rice,2024-04-15,115.0,2786,Agmarknet via CEDA
Alappuzha,Harippad Market,rice,2024-04-15,78.3,2819,Agmarknet via CEDA
Alappuzha,Ambalapuzha Market,rice,2024-04-15,63.7,2817,Agmarknet via CEDA
Kottayam,Changanassery Market,rice,2024-04-15,147.6,2777,Agmarknet via CEDA
Kottayam,Kottayam Market,rice,2024-04-15,82.3,2825,Agmarknet via CEDA
Alappuzha,Alappuzha Mandi,rice,2024-04-17,135.7,2813,Agmarknet via CEDA
Alappuzha,Harippad Market,rice,2024-04-17,57.5,2824,Agmarknet via CEDA
Alappuzha,Ambalapuzha Market,rice,2024-04-17,70.6,2899,Agmarknet via CEDA
Kottayam,Changanassery Market,rice,2024-04-17,90.4,2867,Agmarknet via CEDA
Kottayam,Kottayam Market,rice,2024-04-17,68.0,2830,Agmarknet via CEDA
Alappuzha,Alappuzha Mandi,rice,2024-04-19,133.9,2805,Agmarknet via CEDA
Alappuzha,Harippad Market,rice,2024-04-19,73.1,2826,Agmarknet via CEDA
Alappuzha,Ambalapuzha Market,rice,2024-04-19,59.9,2867,Agmarknet via CEDA
Kottayam,Changanassery Market,rice,2024-04-19,139.8,2750,Agmarknet via CEDA
Kottayam,Kottayam Market,rice,2024-04-19,67.0,2860,Agmarknet via CEDA
Alappuzha,Alappuzha Mandi,rice,2024-04-23,130.2,2781,Agmarknet via CEDA
Alappuzha,Harippad Market,rice,2024-04-23,68.2,2808,Agmarknet via CEDA
Alappuzha,Ambalapuzha Market,rice,2024-04-23,74.4,2837,Agmarknet via CEDA
Kottayam,Changanassery Market,rice,2024-04-23,111.5,2807,Agmarknet via CEDA
Kottayam,Kottayam Market,rice,2024-04-23,69.5,2847,Agmarknet via CEDA
Alappuzha,Alappuzha Mandi,rice,2024-04-25,124.0,2840,Agmarknet via CEDA
Alappuzha,Harippad Market,rice,2024-04-25,73.0,2830,Agmarknet via CEDA
Alappuzha,Ambalapuzha Market,rice,2024-04-25,69.7,2839,Agmarknet via CEDA
Kottayam,Changanassery Market,rice,2024-04-25,104.7,2779,Agmarknet via CEDA
Kottayam,Kottayam Market,rice,2024-04-25,84.5,2839,Agmarknet via CEDA
Alappuzha,Alappuzha Mandi,rice,2024-04-27,122.0,2795,Agmarknet via CEDA
Alappuzha,Harippad Market,rice,2024-04-27,74.6,2812,Agmarknet via CEDA
Alappuzha,Ambalapuzha Market,rice,2024-04-27,65.7,2849,Agmarknet via CEDA
Kottayam,Changanassery Market,rice,2024-04-27,95.9,2798,Agmarknet via CEDA
Kottayam,Kottayam Market,rice,2024-04-27,79.7,2887,Agmarknet via CEDA
Alappuzha,Alappuzha Mandi,rice,2024-04-29,103.2,2806,Agmarknet via CEDA
Alappuzha,Harippad Market,rice,2024-04-29,84.9,2801,Agmarknet via CEDA
Alappuzha,Ambalapuzha Market,rice,2024-04-29,77.4,2850,Agmarknet via CEDA
Kottayam,Changanassery Market,rice,2024-04-29,95.1,2756,Agmarknet via CEDA
Kottayam,Kottayam Market,rice,2024-04-29,87.0,2797,Agmarknet via CEDA
