district,date,rainfall_mm,forecast_flag,source
Alappuzha,2021-01-01,0.0,historical,IMD Historical & Gridded Data
Kottayam,2021-01-01,0.0,historical,IMD Historical & Gridded Data
Alappuzha,2021-01-02,0.4,historical,IMD Historical & Gridded Data
Kottayam,2021-01-02,0.0,historical,IMD Historical & Gridded Data
Alappuzha,2021-01-03,0.0,historical,IMD Historical & Gridded Data
Kottayam,2021-01-03,0.0,historical,IMD Historical & Gridded Data
Alappuzha,2021-01-04,0.0,historical,IMD Historical & Gridded Data
Kottayam,2021-01-04,0.0,historical,IMD Historical & Gridded Data
Alappuzha,2021-01-05,0.0,historical,IMD Historical & Gridded Data
Kottayam,2021-01-05,0.0,historical,IMD Historical & Gridded Data
Alappuzha,2021-01-06,0.0,historical,IMD Historical & Gridded Data
Kottayam,2021-01-06,0.0,historical,IMD Historical & Gridded Data
Alappuzha,2021-01-07,0.0,historical,IMD Historical & Gridded Data
Kottayam,2021-01-07,0.0,historical,IMD Historical & Gridded Data
Alappuzha,2021-01-08,1.9,historical,IMD Historical & Gridded Data
Kottayam,2021-01-08,0.0,historical,IMD Historical & Gridded Data
Alappuzha,2021-01-09,0.0,historical,IMD Historical & Gridded Data
Kottayam,2021-01-09,0.0,historical,IMD Historical & Gridded Data
Alappuzha,2021-01-10,0.3,historical,IMD Historical & Gridded Data
Kottayam,2021-01-10,0.0,historical,IMD Historical & Gridded Data
Alappuzha,2021-01-11,0.0,historical,IMD Historical & Gridded Data
Kottayam,2021-01-11,0.0,historical,IMD Historical & Gridded Data
Alappuzha,2021-01-12,0.0,historical,IMD Historical & Gridded Data
Kottayam,2021-01-12,0.0,historical,IMD Historical & Gridded Data
Alappuzha,2021-01-13,0.0,historical,IMD Historical & Gridded Data
Kottayam,2021-01-13,0.0,historical,IMD Historical & Gridded Data
Alappuzha,2021-01-14,0.0,historical,IMD Historical & Gridded Data
Kottayam,2021-01-14,0.0,historical,IMD Historical & Gridded Data
Alappuzha,2021-01-15,0.0,historical,IMD Historical & Gridded Data
Kottayam,2021-01-15,0.0,historical,IMD Historical & Gridded Data
Alappuzha,2021-01-16,0.0,historical,IMD Historical & Gridded Data
Kottayam,2021-01-16,0.0,historical,IMD Historical & Gridded Data
Alappuzha,2021-01-17,0.0,historical,IMD Historical & Gridded Data
Kottayam,2021-01-17,0.0,historical,IMD Historical & Gridded Data
Alappuzha,2021-01-18,0.2,historical,IMD Historical & Gridded Data
Kottayam,2021-01-18,0.0,historical,IMD Historical & Gridded Data
Alappuzha,2021-01-19,0.0,historical,IMD Historical & Gridded Data
Kottayam,2021-01-19,0.0,historical,IMD Historical & Gridded Data
Alappuzha,2021-01-20,0.0,historical,IMD Historical & Gridded Data
Kottayam,2021-01-20,0.0,historical,IMD Historical & Gridded Data
Alappuzha,2021-01-21,0.0,historical,IMD Historical & Gridded Data
Kottayam,2021-01-21,0.0,historical,IMD Historical & Gridded Data
Alappuzha,2021-01-22,0.0,historical,IMD Historical & Gridded Data
Kottayam,2021-01-22,0.0,historical,IMD Historical & Gridded Data
Alappuzha,2021-01-23,0.5,historical,IMD Historical & Gridded Data
Kottayam,2021-01-23,0.0,historical,IMD Historical & Gridded Data
Alappuzha,2021-01-24,0.0,historical,IMD Historical & Gridded Data
Kottayam,2021-01-24,0.0,historical,IMD Historical & Gridded Data
Alappuzha,2021-01-25,0.4,historical,IMD Historical & Gridded Data
Kottayam,2021-01-25,0.0,historical,IMD Historical & Gridded Data
Alappuzha,2021-01-26,0.0,historical,IMD Historical & Gridded Data
Kottayam,2021-01-26,0.0,historical,IMD Historical & Gridded Data
Alappuzha,2021-01-27,0.0,historical,IMD Historical & Gridded Data
Kottayam,2021-01-27,0.0,historical,IMD Historical & Gridded Data
Alappuzha,2021-01-28,0.0,historical,IMD Historical & Gridded Data
Kottayam,2021-01-28,0.0,historical,IMD Historical & Gridded Data
Alappuzha,2021-01-29,2.0,historical,IMD Historical & Gridded Data
Kottayam,2021-01-29,0.0,historical,IMD Historical & Gridded Data
Alappuzha,2021-01-30,0.0,historical,IMD Historical & Gridded Data
Kottayam,2021-01-30,0.0,historical,IMD Historical & Gridded Data
Alappuzha,2021-01-31,0.0,historical,IMD Historical & Gridded Data
Kottayam,2021-01-31,0.0,historical,IMD Historical & Gridded Data
Alappuzha,2021-02-01,0.0,historical,IMD Historical & Gridded Data
Kottayam,2021-02-01,0.0,historical,IMD Historical & Gridded Data
Alappuzha,2021-02-02,0.0,historical,IMD Historical & Gridded Data
Kottayam,2021-02-02,3.1,historical,IMD Historical & Gridded Data
Alappuzha,2021-02-03,0.0,historical,IMD Historical & Gridded Data
Kottayam,2021-02-03,0.0,historical,IMD Historical & Gridded Data
Alappuzha,2021-02-04,0.0,historical,IMD Historical & Gridded Data
Kottayam,2021-02-04,0.0,historical,IMD Historical & Gridded Data
Alappuzha,2021-02-05,0.0,historical,IMD Historical & Gridded Data
Kottayam,2021-02-05,0.0,historical,IMD Historical & Gridded Data
Alappuzha,2021-02-06,4.7,historical,IMD Historical & Gridded Data
Kottayam,2021-02-06,0.0,historical,IMD Historical & Gridded Data
Alappuzha,2021-02-07,0.0,historical,IMD Historical & Gridded Data
Kottayam,2021-02-07,0.0,historical,IMD Historical & Gridded Data
Alappuzha,2021-02-08,3.7,historical,IMD Historical & Gridded Data
Kottayam,2021-02-08,0.0,historical,IMD Historical & Gridded Data
Alappuzha,2021-02-09,0.0,historical,IMD Historical & Gridded Data
Kottayam,2021-02-09,0.0,historical,IMD Historical & Gridded Data
Alappuzha,2021-02-10,0.0,historical,IMD Historical & Gridded Data
Kottayam,2021-02-10,0.0,historical,IMD Historical & Gridded Data
Alappuzha,2021-02-11,0.0,historical,IMD Historical & Gridded Data
Kottayam,2021-02-11,0.0,historical,IMD Historical & Gridded Data
Alappuzha,2021-02-12,0.0,historical,IMD Historical & Gridded Data
Kottayam,2021-02-12,0.0,historical,IMD Historical & Gridded Data
Alappuzha,2021-02-13,0.0,historical,IMD Historical & Gridded Data
Kottayam,2021-02-13,0.0,historical,IMD Historical & Gridded Data
Alappuzha,2021-02-14,0.0,historical,IMD Historical & Gridded Data
Kottayam,2021-02-14,0.0,historical,IMD Historical & Gridded Data
Alappuzha,2021-02-15,0.0,historical,IMD Historical & Gridded Data
Kottayam,2021-02-15,0.0,historical,IMD Historical & Gridded Data
Alappuzha,2021-02-16,0.0,historical,IMD Historical & Gridded Data
Kottayam,2021-02-16,0.0,historical,IMD Historical & Gridded Data
Alappuzha,2021-02-17,0.0,historical,IMD Historical & Gridded Data
Kottayam,2021-02-17,0.0,historical,IMD Historical & Gridded Data
Alappuzha,2021-02-18,0.0,historical,IMD Historical & Gridded Data
Kottayam,2021-02-18,0.0,historical,IMD Historical & Gridded Data
Alappuzha,2021-02-19,0.0,historical,IMD Historical & Gridded Data
Kottayam,2021-02-19,0.0,historical,IMD Historical & Gridded Data
Alappuzha,2021-02-20,0.0,historical,IMD Historical & Gridded Data
Kottayam,2021-02-20,0.0,historical,IMD Historical & Gridded Data
Alappuzha,2021-02-21,0.0,historical,IMD Historical & Gridded Data
Kottayam,2021-02-21,0.0,historical,IMD Historical & Gridded Data
Alappuzha,2021-02-22,0.0,historical,IMD Historical & Gridded Data
Kottayam,2021-02-22,0.0,historical,IMD Historical & Gridded Data
Alappuzha,2021-02-23,0.0,historical,IMD Historical & Gridded Data
Kottayam,2021-02-23,0.0,historical,IMD Historical & Gridded Data
Alappuzha,2021-02-24,0.0,historical,IMD Historical & Gridded Data
Kottayam,2021-02-24,0.0,historical,IMD Historical & Gridded Data
Alappuzha,2021-02-25,0.0,historical,IMD Historical & Gridded Data
Kottayam,2021-02-25,0.0,historical,IMD Historical & Gridded Data
Alappuzha,2021-02-26,0.0,historical,IMD Historical & Gridded Data
Kottayam,2021-02-26,0.0,historical,IMD Historical & Gridded Data
Alappuzha,2021-02-27,1.6,historical,IMD Historical & Gridded Data
Kottayam,2021-02-27,4.5,historical,IMD Historical & Gridded Data
Alappuzha,2021-02-28,0.0,historical,IMD Historical & Gridded Data
Kottayam,2021-02-28,0.0,historical,IMD Historical & Gridded Data
Alappuzha,2021-03-01,0.0,historical,IMD Historical & Gridded Data
Kottayam,2021-03-01,0.0,historical,IMD Historical & Gridded Data
Alappuzha,2021-03-02,0.0,historical,IMD Historical & Gridded Data
Kottayam,2021-03-02,20.5,historical,IMD Historical & Gridded Data
Alappuzha,2021-03-03,0.0,historical,IMD Historical & Gridded Data
Kottayam,2021-03-03,0.0,historical,IMD Historical & Gridded Data
Alappuzha,2021-03-04,63.9,historical,IMD Historical & Gridded Data
Kottayam,2021-03-04,7.4,historical,IMD Historical & Gridded Data
Alappuzha,2021-03-05,0.0,historical,IMD Historical & Gridded Data
Kottayam,2021-03-05,22.4,historical,IMD Historical & Gridded Data
Alappuzha,2021-03-06,0.0,historical,IMD Historical & Gridded Data
Kottayam,2021-03-06,0.0,historical,IMD Historical & Gridded Data
Alappuzha,2021-03-07,8.9,historical,IMD Historical & Gridded Data
Kottayam,2021-03-07,0.0,historical,IMD Historical & Gridded Data
Alappuzha,2021-03-08,0.0,historical,IMD Historical & Gridded Data
Kottayam,2021-03-08,11.3,historical,IMD Historical & Gridded Data
Alappuzha,2021-03-09,0.0,historical,IMD Historical & Gridded Data
Kottayam,2021-03-09,0.0,historical,IMD Historical & Gridded Data
Alappuzha,2021-03-10,0.0,historical,IMD Historical & Gridded Data
Kottayam,2021-03-10,3.3,historical,IMD Historical & Gridded Data
Alappuzha,2021-03-11,0.0,historical,IMD Historical & Gridded Data
Kottayam,2021-03-11,0.0,historical,IMD Historical & Gridded Data
Alappuzha,2021-03-12,0.0,historical,IMD Historical & Gridded Data
Kottayam,2021-03-12,0.0,historical,IMD Historical & Gridded Data
Alappuzha,2021-03-13,0.0,historical,IMD Historical & Gridded Data
Kottayam,2021-03-13,1.7,historical,IMD Historical & Gridded Data
Alappuzha,2021-03-14,2.2,historical,IMD Historical & Gridded Data
Kottayam,2021-03-14,0.0,historical,IMD Historical & Gridded Data
Alappuzha,2021-03-15,0.0,historical,IMD Historical & Gridded Data
Kottayam,2021-03-15,0.0,historical,IMD Historical & Gridded Data
Alappuzha,2021-03-16,0.0,historical,IMD Historical & Gridded Data
Kottayam,2021-03-16,0.0,historical,IMD Historical & Gridded Data
Alappuzha,2021-03-17,0.0,historical,IMD Historical & Gridded Data
Kottayam,2021-03-17,0.0,historical,IMD Historical & Gridded Data
Alappuzha,2021-03-18,0.0,historical,IMD Historical & Gridded Data
Kottayam,2021-03-18,53.9,historical,IMD Historical & Gridded Data
Alappuzha,2021-03-19,0.0,historical,IMD Historical & Gridded Data
Kottayam,2021-03-19,57.8,historical,IMD Historical & Gridded Data
Alappuzha,2021-03-20,0.0,historical,IMD Historical & Gridded Data
Kottayam,2021-03-20,0.0,historical,IMD Historical & Gridded Data
Alappuzha,2021-03-21,0.0,historical,IMD Historical & Gridded Data
Kottayam,2021-03-21,5.0,historical,IMD Historical & Gridded Data
Alappuzha,2021-03-22,0.0,historical,IMD Historical & Gridded Data
Kottayam,2021-03-22,0.0,historical,IMD Historical & Gridded Data
Alappuzha,2021-03-23,0.0,historical,IMD Historical & Gridded Data
Kottayam,2021-03-23,8.3,historical,IMD Historical & Gridded Data
Alappuzha,2021-03-24,0.0,historical,IMD Historical & Gridded Data
Kottayam,2021-03-24,0.0,historical,IMD Historical & Gridded Data
Alappuzha,2021-03-25,0.0,historical,IMD Historical & Gridded Data
Kottayam,2021-03-25,8.0,historical,IMD Historical & Gridded Data
Alappuzha,2021-03-26,13.7,historical,IMD Historical & Gridded Data
Kottayam,2021-03-26,5.0,historical,IMD Historical & Gridded Data
Alappuzha,2021-03-27,0.0,historical,IMD Historical & Gridded Data
Kottayam,2021-03-27,0.0,historical,IMD Historical & Gridded Data
Alappuzha,2021-03-28,0.0,historical,IMD Historical & Gridded Data
Kottayam,2021-03-28,0.0,historical,IMD Historical & Gridded Data
Alappuzha,2021-03-29,0.0,historical,IMD Historical & Gridded Data
Kottayam,2021-03-29,29.1,historical,IMD Historical & Gridded Data
Alappuzha,2021-03-30,10.0,historical,IMD Historical & Gridded Data
Kottayam,2021-03-30,0.0,historical,IMD Historical & Gridded Data
Alappuzha,2021-03-31,0.0,historical,IMD Historical & Gridded Data
Kottayam,2021-03-31,0.0,historical,IMD Historical & Gridded Data
Alappuzha,2021-04-01,3.6,historical,IMD Historical & Gridded Data
Kottayam,2021-04-01,12.2,historical,IMD Historical & Gridded Data
Alappuzha,2021-04-02,0.0,historical,IMD Historical & Gridded Data
Kottayam,2021-04-02,7.6,historical,IMD Historical & Gridded Data
Alappuzha,2021-04-03,0.0,historical,IMD Historical & Gridded Data
Kottayam,2021-04-03,3.2,historical,IMD Historical & Gridded Data
Alappuzha,2021-04-04,0.0,historical,IMD Historical & Gridded Data
Kottayam,2021-04-04,0.0,historical,IMD Historical & Gridded Data
Alappuzha,2021-04-05,0.0,historical,IMD Historical & Gridded Data
Kottayam,2021-04-05,0.0,historical,IMD Historical & Gridded Data
Alappuzha,2021-04-06,0.0,historical,IMD Historical & Gridded Data
Kottayam,2021-04-06,0.0,historical,IMD Historical & Gridded Data
Alappuzha,2021-04-07,3.1,historical,IMD Historical & Gridded Data
Kottayam,2021-04-07,0.0,historical,IMD Historical & Gridded Data
Alappuzha,2021-04-08,0.1,historical,IMD Historical & Gridded Data
Kottayam,2021-04-08,0.0,historical,IMD Historical & Gridded Data
Alappuzha,2021-04-09,0.0,historical,IMD Historical & Gridded Data
Kottayam,2021-04-09,0.0,historical,IMD Historical & Gridded Data
Alappuzha,2021-04-10,0.0,historical,IMD Historical & Gridded Data
Kottayam,2021-04-10,0.0,historical,IMD Historical & Gridded Data
Alappuzha,2021-04-11,0.0,historical,IMD Historical & Gridded Data
Kottayam,2021-04-11,12.9,historical,IMD Historical & Gridded Data
Alappuzha,2021-04-12,11.0,historical,IMD Historical & Gridded Data
Kottayam,2021-04-12,0.0,historical,IMD Historical & Gridded Data
Alappuzha,2021-04-13,0.6,historical,IMD Historical & Gridded Data
Kottayam,2021-04-13,0.0,historical,IMD Historical & Gridded Data
Alappuzha,2021-04-14,0.0,historical,IMD Historical & Gridded Data
Kottayam,2021-04-14,21.8,historical,IMD Historical & Gridded Data
Alappuzha,2021-04-15,0.0,historical,IMD Historical & Gridded Data
Kottayam,2021-04-15,0.0,historical,IMD Historical & Gridded Data
Alappuzha,2021-04-16,0.0,historical,IMD Historical & Gridded Data
Kottayam,2021-04-16,0.0,historical,IMD Historical & Gridded Data
Alappuzha,2021-04-17,0.0,historical,IMD Historical & Gridded Data
Kottayam,2021-04-17,0.0,historical,IMD Historical & Gridded Data
Alappuzha,2021-04-18,0.0,historical,IMD Historical & Gridded Data
Kottayam,2021-04-18,0.0,historical,IMD Historical & Gridded Data
Alappuzha,2021-04-19,0.0,historical,IMD Historical & Gridded Data
Kottayam,2021-04-19,0.0,historical,IMD Historical & Gridded Data
Alappuzha,2021-04-20,0.0,historical,IMD Historical & Gridded Data
Kottayam,2021-04-20,7.2,historical,IMD Historical & Gridded Data
Alappuzha,2021-04-21,0.0,historical,IMD Historical & Gridded Data
Kottayam,2021-04-21,0.0,historical,IMD Historical & Gridded Data
Alappuzha,2021-04-22,0.0,historical,IMD Historical & Gridded Data
Kottayam,2021-04-22,0.0,historical,IMD Historical & Gridded Data
Alappuzha,2021-04-23,8.0,historical,IMD Historical & Gridded Data
Kottayam,2021-04-23,0.0,historical,IMD Historical & Gridded Data
Alappuzha,2021-04-24,0.0,historical,IMD Historical & Gridded Data
Kottayam,2021-04-24,3.0,historical,IMD Historical & Gridded Data
Alappuzha,2021-04-25,0.0,historical,IMD Historical & Gridded Data
Kottayam,2021-04-25,0.0,historical,IMD Historical & Gridded Data
Alappuzha,2021-04-26,0.0,historical,IMD Historical & Gridded Data
Kottayam,2021-04-26,0.0,historical,IMD Historical & Gridded Data
Alappuzha,2021-04-27,14.7,historical,IMD Historical & Gridded Data
Kottayam,2021-04-27,0.0,historical,IMD Historical & Gridded Data
Alappuzha,2021-04-28,0.0,historical,IMD Historical & Gridded Data
Kottayam,2021-04-28,0.0,historical,IMD Historical & Gridded Data
Alappuzha,2021-04-29,0.0,historical,IMD Historical & Gridded Data
Kottayam,2021-04-29,0.0,historical,IMD Historical & Gridded Data
Alappuzha,2021-04-30,1.1,historical,IMD Historical & Gridded Data
Kottayam,2021-04-30,2.2,historical,IMD Historical & Gridded Data
Alappuzha,2021-05-01,0.0,historical,IMD Historical & Gridded Data
Kottayam,2021-05-01,0.0,historical,IMD Historical & Gridded Data
Alappuzha,2021-05-02,0.0,historical,IMD Historical & Gridded Data
Kottayam,2021-05-02,0.0,historical,IMD Historical & Gridded Data
Alappuzha,2021-05-03,18.5,historical,IMD Historical & Gridded Data
Kottayam,2021-05-03,0.0,historical,IMD Historical & Gridded Data
Alappuzha,2021-05-04,0.0,historical,IMD Historical & Gridded Data
Kottayam,2021-05-04,0.0,historical,IMD Historical & Gridded Data
Alappuzha,2021-05-05,0.0,historical,IMD Historical & Gridded Data
Kottayam,2021-05-05,0.0,historical,IMD Historical & Gridded Data
Alappuzha,2021-05-06,0.0,historical,IMD Historical & Gridded Data
Kottayam,2021-05-06,0.0,historical,IMD Historical & Gridded Data
Alappuzha,2021-05-07,0.0,historical,IMD Historical & Gridded Data
Kottayam,2021-05-07,5.0,historical,IMD Historical & Gridded Data
Alappuzha,2021-05-08,0.0,historical,IMD Historical & Gridded Data
Kottayam,2021-05-08,0.0,historical,IMD Historical & Gridded Data
Alappuzha,2021-05-09,0.0,historical,IMD Historical & Gridded Data
Kottayam,2021-05-09,0.8,historical,IMD Historical & Gridded Data
Alappuzha,2021-05-10,0.0,historical,IMD Historical & Gridded Data
Kottayam,2021-05-10,0.0,historical,IMD Historical & Gridded Data
Alappuzha,2021-05-11,0.0,historical,IMD Historical & Gridded Data
Kottayam,2021-05-11,0.0,historical,IMD Historical & Gridded Data
Alappuzha,2021-05-12,41.3,historical,IMD Historical & Gridded Data
Kottayam,2021-05-12,0.0,historical,IMD Historical & Gridded Data
Alappuzha,2021-05-13,21.5,historical,IMD Historical & Gridded Data
Kottayam,2021-05-13,0.0,historical,IMD Historical & Gridded Data
Alappuzha,2021-05-14,0.0,historical,IMD Historical & Gridded Data
Kottayam,2021-05-14,0.0,historical,IMD Historical & Gridded Data
Alappuzha,2021-05-15,16.4,historical,IMD Historical & Gridded Data
Kottayam,2021-05-15,0.0,historical,IMD Historical & Gridded Data
Alappuzha,2021-05-16,0.0,historical,IMD Historical & Gridded Data
Kottayam,2021-05-16,0.0,historical,IMD Historical & Gridded Data
Alappuzha,2021-05-17,19.2,historical,IMD Historical & Gridded Data
Kottayam,2021-05-17,0.0,historical,IMD Historical & Gridded Data
Alappuzha,2021-05-18,0.0,historical,IMD Historical & Gridded Data
Kottayam,2021-05-18,0.0,historical,IMD Historical & Gridded Data
Alappuzha,2021-05-19,3.7,historical,IMD Historical & Gridded Data
Kottayam,2021-05-19,59.099999999999994,historical,IMD Historical & Gridded Data
Alappuzha,2021-05-20,0.0,historical,IMD Historical & Gridded Data
Kottayam,2021-05-20,8.2,historical,IMD Historical & Gridded Data
Alappuzha,2021-05-21,0.0,historical,IMD Historical & Gridded Data
Kottayam,2021-05-21,0.0,historical,IMD Historical & Gridded Data
Alappuzha,2021-05-22,0.0,historical,IMD Historical & Gridded Data
Kottayam,2021-05-22,0.0,historical,IMD Historical & Gridded Data
Alappuzha,2021-05-23,0.0,historical,IMD Historical & Gridded Data
Kottayam,2021-05-23,0.2,historical,IMD Historical & Gridded Data
Alappuzha,2021-05-24,0.0,historical,IMD Historical & Gridded Data
Kottayam,2021-05-24,0.0,historical,IMD Historical & Gridded Data
Alappuzha,2021-05-25,0.0,historical,IMD Historical & Gridded Data
Kottayam,2021-05-25,0.0,historical,IMD Historical & Gridded Data
Alappuzha,2021-05-26,8.8,historical,IMD Historical & Gridded Data
Kottayam,2021-05-26,0.0,historical,IMD Historical & Gridded Data
Alappuzha,2021-05-27,3.9,historical,IMD Historical & Gridded Data
Kottayam,2021-05-27,0.0,historical,IMD Historical & Gridded Data
Alappuzha,2021-05-28,19.3,historical,IMD Historical & Gridded Data
Kottayam,2021-05-28,40.2,historical,IMD Historical & Gridded Data
Alappuzha,2021-05-29,0.0,historical,IMD Historical & Gridded Data
Kottayam,2021-05-29,0.0,historical,IMD Historical & Gridded Data
Alappuzha,2021-05-30,4.8,historical,IMD Historical & Gridded Data
Kottayam,2021-05-30,0.0,historical,IMD Historical & Gridded Data
Alappuzha,2021-05-31,41.1,historical,IMD Historical & Gridded Data
Kottayam,2021-05-31,0.0,historical,IMD Historical & Gridded Data
Alappuzha,2021-06-01,69.2,historical,IMD Historical & Gridded Data
Kottayam,2021-06-01,48.7,historical,IMD Historical & Gridded Data
Alappuzha,2021-06-02,33.4,historical,IMD Historical & Gridded Data
Kottayam,2021-06-02,29.9,historical,IMD Historical & Gridded Data
Alappuzha,2021-06-03,64.5,historical,IMD Historical & Gridded Data
Kottayam,2021-06-03,0.0,historical,IMD Historical & Gridded Data
Alappuzha,2021-06-04,24.2,historical,IMD Historical & Gridded Data
Kottayam,2021-06-04,53.3,historical,IMD Historical & Gridded Data
Alappuzha,2021-06-05,35.3,historical,IMD Historical & Gridded Data
Kottayam,2021-06-05,2.2,historical,IMD Historical & Gridded Data
Alappuzha,2021-06-06,18.4,historical,IMD Historical & Gridded Data
Kottayam,2021-06-06,78.5,historical,IMD Historical & Gridded Data
Alappuzha,2021-06-07,149.5,historical,IMD Historical & Gridded Data
Kottayam,2021-06-07,110.3,historical,IMD Historical & Gridded Data
Alappuzha,2021-06-08,0.3,historical,IMD Historical & Gridded Data
Kottayam,2021-06-08,12.5,historical,IMD Historical & Gridded Data
Alappuzha,2021-06-09,12.1,historical,IMD Historical & Gridded Data
Kottayam,2021-06-09,66.6,historical,IMD Historical & Gridded Data
Alappuzha,2021-06-10,11.6,historical,IMD Historical & Gridded Data
Kottayam,2021-06-10,0.0,historical,IMD Historical & Gridded Data
Alappuzha,2021-06-11,6.3,historical,IMD Historical & Gridded Data
Kottayam,2021-06-11,0.0,historical,IMD Historical & Gridded Data
Alappuzha,2021-06-12,40.3,historical,IMD Historical & Gridded Data
Kottayam,2021-06-12,2.4,historical,IMD Historical & Gridded Data
Alappuzha,2021-06-13,22.9,historical,IMD Historical & Gridded Data
Kottayam,2021-06-13,0.0,historical,IMD Historical & Gridded Data
Alappuzha,2021-06-14,2.0,historical,IMD Historical & Gridded Data
Kottayam,2021-06-14,42.2,historical,IMD Historical & Gridded Data
Alappuzha,2021-06-15,17.1,historical,IMD Historical & Gridded Data
Kottayam,2021-06-15,19.5,historical,IMD Historical & Gridded Data
Alappuzha,2021-06-16,30.0,historical,IMD Historical & Gridded Data
Kottayam,2021-06-16,26.2,historical,IMD Historical & Gridded Data
Alappuzha,2021-06-17,25.2,historical,IMD Historical & Gridded Data
Kottayam,2021-06-17,9.3,historical,IMD Historical & Gridded Data
Alappuzha,2021-06-18,66.0,historical,IMD Historical & Gridded Data
Kottayam,2021-06-18,0.0,historical,IMD Historical & Gridded Data
Alappuzha,2021-06-19,19.8,historical,IMD Historical & Gridded Data
Kottayam,2021-06-19,4.2,historical,IMD Historical & Gridded Data
Alappuzha,2021-06-20,35.8,historical,IMD Historical & Gridded Data
Kottayam,2021-06-20,9.0,historical,IMD Historical & Gridded Data
Alappuzha,2021-06-21,0.0,historical,IMD Historical & Gridded Data
Kottayam,2021-06-21,31.6,historical,IMD Historical & Gridded Data
Alappuzha,2021-06-22,2.9,historical,IMD Historical & Gridded Data
Kottayam,2021-06-22,0.4,historical,IMD Historical & Gridded Data
Alappuzha,2021-06-23,0.5,historical,IMD Historical & Gridded Data
Kottayam,2021-06-23,55.1,historical,IMD Historical & Gridded Data
Alappuzha,2021-06-24,25.5,historical,IMD Historical & Gridded Data
Kottayam,2021-06-24,39.7,historical,IMD Historical & Gridded Data
Alappuzha,2021-06-25,8.8,historical,IMD Historical & Gridded Data
Kottayam,2021-06-25,18.3,historical,IMD Historical & Gridded Data
Alappuzha,2021-06-26,41.2,historical,IMD Historical & Gridded Data
Kottayam,2021-06-26,8.2,historical,IMD Historical & Gridded Data
Alappuzha,2021-06-27,63.1,historical,IMD Historical & Gridded Data
Kottayam,2021-06-27,10.0,historical,IMD Historical & Gridded Data
Alappuzha,2021-06-28,19.3,historical,IMD Historical & Gridded Data
Kottayam,2021-06-28,0.0,historical,IMD Historical & Gridded Data
Alappuzha,2021-06-29,49.3,historical,IMD Historical & Gridded Data
Kottayam,2021-06-29,0.0,historical,IMD Historical & Gridded Data
Alappuzha,2021-06-30,9.9,historical,IMD Historical & Gridded Data
Kottayam,2021-06-30,0.0,historical,IMD Historical & Gridded Data
Alappuzha,2021-07-01,18.0,historical,IMD Historical & Gridded Data
Kottayam,2021-07-01,34.7,historical,IMD Historical & Gridded Data
Alappuzha,2021-07-02,39.2,historical,IMD Historical & Gridded Data
Kottayam,2021-07-02,3.0,historical,IMD Historical & Gridded Data
Alappuzha,2021-07-03,105.4,historical,IMD Historical & Gridded Data
Kottayam,2021-07-03,13.7,historical,IMD Historical & Gridded Data
Alappuzha,2021-07-04,27.7,historical,IMD Historical & Gridded Data
Kottayam,2021-07-04,0.0,historical,IMD Historical & Gridded Data
Alappuzha,2021-07-05,3.8,historical,IMD Historical & Gridded Data
Kottayam,2021-07-05,0.0,historical,IMD Historical & Gridded Data
Alappuzha,2021-07-06,0.0,historical,IMD Historical & Gridded Data
Kottayam,2021-07-06,64.7,historical,IMD Historical & Gridded Data
Alappuzha,2021-07-07,72.5,historical,IMD Historical & Gridded Data
Kottayam,2021-07-07,44.9,historical,IMD Historical & Gridded Data
Alappuzha,2021-07-08,0.0,historical,IMD Historical & Gridded Data
Kottayam,2021-07-08,24.4,historical,IMD Historical & Gridded Data
Alappuzha,2021-07-09,14.1,historical,IMD Historical & Gridded Data
Kottayam,2021-07-09,16.9,historical,IMD Historical & Gridded Data
Alappuzha,2021-07-10,17.7,historical,IMD Historical & Gridded Data
Kottayam,2021-07-10,40.5,historical,IMD Historical & Gridded Data
Alappuzha,2021-07-11,16.1,historical,IMD Historical & Gridded Data
Kottayam,2021-07-11,114.7,historical,IMD Historical & Gridded Data
Alappuzha,2021-07-12,11.9,historical,IMD Historical & Gridded Data
Kottayam,2021-07-12,15.2,historical,IMD Historical & Gridded Data
Alappuzha,2021-07-13,0.0,historical,IMD Historical & Gridded Data
Kottayam,2021-07-13,26.1,historical,IMD Historical & Gridded Data
Alappuzha,2021-07-14,13.0,historical,IMD Historical & Gridded Data
Kottayam,2021-07-14,40.5,historical,IMD Historical & Gridded Data
Alappuzha,2021-07-15,30.6,historical,IMD Historical & Gridded Data
Kottayam,2021-07-15,29.6,historical,IMD Historical & Gridded Data
Alappuzha,2021-07-16,0.5,historical,IMD Historical & Gridded Data
Kottayam,2021-07-16,42.5,historical,IMD Historical & Gridded Data
Alappuzha,2021-07-17,8.1,historical,IMD Historical & Gridded Data
Kottayam,2021-07-17,29.5,historical,IMD Historical & Gridded Data
Alappuzha,2021-07-18,23.2,historical,IMD Historical & Gridded Data
Kottayam,2021-07-18,2.4,historical,IMD Historical & Gridded Data
Alappuzha,2021-07-19,24.5,historical,IMD Historical & Gridded Data
Kottayam,2021-07-19,43.0,historical,IMD Historical & Gridded Data
Alappuzha,2021-07-20,4.6,historical,IMD Historical & Gridded Data
Kottayam,2021-07-20,3.5,historical,IMD Historical & Gridded Data
Alappuzha,2021-07-21,11.3,historical,IMD Historical & Gridded Data
Kottayam,2021-07-21,3.4,historical,IMD Historical & Gridded Data
Alappuzha,2021-07-22,8.3,historical,IMD Historical & Gridded Data
Kottayam,2021-07-22,11.4,historical,IMD Historical & Gridded Data
Alappuzha,2021-07-23,17.0,historical,IMD Historical & Gridded Data
Kottayam,2021-07-23,41.4,historical,IMD Historical & Gridded Data
Alappuzha,2021-07-24,34.7,historical,IMD Historical & Gridded Data
Kottayam,2021-07-24,83.0,historical,IMD Historical & Gridded Data
Alappuzha,2021-07-25,9.1,historical,IMD Historical & Gridded Data
Kottayam,2021-07-25,7.8,historical,IMD Historical & Gridded Data
Alappuzha,2021-07-26,15.1,historical,IMD Historical & Gridded Data
Kottayam,2021-07-26,20.6,historical,IMD Historical & Gridded Data
Alappuzha,2021-07-27,9.8,historical,IMD Historical & Gridded Data
Kottayam,2021-07-27,16.3,historical,IMD Historical & Gridded Data
Alappuzha,2021-07-28,0.0,historical,IMD Historical & Gridded Data
Kottayam,2021-07-28,30.8,historical,IMD Historical & Gridded Data
Alappuzha,2021-07-29,0.0,historical,IMD Historical & Gridded Data
Kottayam,2021-07-29,0.0,historical,IMD Historical & Gridded Data
Alappuzha,2021-07-30,11.2,historical,IMD Historical & Gridded Data
Kottayam,2021-07-30,105.4,historical,IMD Historical & Gridded Data
Alappuzha,2021-07-31,25.5,historical,IMD Historical & Gridded Data
Kottayam,2021-07-31,0.0,historical,IMD Historical & Gridded Data
Alappuzha,2021-08-01,0.0,historical,IMD Historical & Gridded Data
Kottayam,2021-08-01,2.9,historical,IMD Historical & Gridded Data
Alappuzha,2021-08-02,36.1,historical,IMD Historical & Gridded Data
Kottayam,2021-08-02,14.5,historical,IMD Historical & Gridded Data
Alappuzha,2021-08-03,17.5,historical,IMD Historical & Gridded Data
Kottayam,2021-08-03,6.9,historical,IMD Historical & Gridded Data
Alappuzha,2021-08-04,10.5,historical,IMD Historical & Gridded Data
Kottayam,2021-08-04,0.0,historical,IMD Historical & Gridded Data
Alappuzha,2021-08-05,5.9,historical,IMD Historical & Gridded Data
Kottayam,2021-08-05,14.2,historical,IMD Historical & Gridded Data
Alappuzha,2021-08-06,39.6,historical,IMD Historical & Gridded Data
Kottayam,2021-08-06,2.6,historical,IMD Historical & Gridded Data
Alappuzha,2021-08-07,0.0,historical,IMD Historical & Gridded Data
Kottayam,2021-08-07,0.0,historical,IMD Historical & Gridded Data
Alappuzha,2021-08-08,11.8,historical,IMD Historical & Gridded Data
Kottayam,2021-08-08,31.4,historical,IMD Historical & Gridded Data
Alappuzha,2021-08-09,9.3,historical,IMD Historical & Gridded Data
Kottayam,2021-08-09,0.0,historical,IMD Historical & Gridded Data
Alappuzha,2021-08-10,13.2,historical,IMD Historical & Gridded Data
Kottayam,2021-08-10,3.1,historical,IMD Historical & Gridded Data
Alappuzha,2021-08-11,5.5,historical,IMD Historical & Gridded Data
Kottayam,2021-08-11,10.3,historical,IMD Historical & Gridded Data
Alappuzha,2021-08-12,36.4,historical,IMD Historical & Gridded Data
Kottayam,2021-08-12,0.0,historical,IMD Historical & Gridded Data
Alappuzha,2021-08-13,0.0,historical,IMD Historical & Gridded Data
Kottayam,2021-08-13,0.0,historical,IMD Historical & Gridded Data
Alappuzha,2021-08-14,4.0,historical,IMD Historical & Gridded Data
Kottayam,2021-08-14,2.9,historical,IMD Historical & Gridded Data
Alappuzha,2021-08-15,9.1,historical,IMD Historical & Gridded Data
Kottayam,2021-08-15,1.3,historical,IMD Historical & Gridded Data
Alappuzha,2021-08-16,1.0,historical,IMD Historical & Gridded Data
Kottayam,2021-08-16,177.1,historical,IMD Historical & Gridded Data
Alappuzha,2021-08-17,54.0,historical,IMD Historical & Gridded Data
Kottayam,2021-08-17,15.4,historical,IMD Historical & Gridded Data
Alappuzha,2021-08-18,0.0,historical,IMD Historical & Gridded Data
Kottayam,2021-08-18,0.0,historical,IMD Historical & Gridded Data
Alappuzha,2021-08-19,29.8,historical,IMD Historical & Gridded Data
Kottayam,2021-08-19,0.2,historical,IMD Historical & Gridded Data
Alappuzha,2021-08-20,0.0,historical,IMD Historical & Gridded Data
Kottayam,2021-08-20,2.0,historical,IMD Historical & Gridded Data
Alappuzha,2021-08-21,0.0,historical,IMD Historical & Gridded Data
Kottayam,2021-08-21,19.1,historical,IMD Historical & Gridded Data
Alappuzha,2021-08-22,0.0,historical,IMD Historical & Gridded Data
Kottayam,2021-08-22,4.6,historical,IMD Historical & Gridded Data
Alappuzha,2021-08-23,1.0,historical,IMD Historical & Gridded Data
Kottayam,2021-08-23,35.7,historical,IMD Historical & Gridded Data
Alappuzha,2021-08-24,0.0,historical,IMD Historical & Gridded Data
Kottayam,2021-08-24,3.3,historical,IMD Historical & Gridded Data
Alappuzha,2021-08-25,1.3,historical,IMD Historical & Gridded Data
Kottayam,2021-08-25,0.0,historical,IMD Historical & Gridded Data
Alappuzha,2021-08-26,17.8,historical,IMD Historical & Gridded Data
Kottayam,2021-08-26,3.4,historical,IMD Historical & Gridded Data
Alappuzha,2021-08-27,14.8,historical,IMD Historical & Gridded Data
Kottayam,2021-08-27,14.4,historical,IMD Historical & Gridded Data
Alappuzha,2021-08-28,9.1,historical,IMD Historical & Gridded Data
Kottayam,2021-08-28,3.3,historical,IMD Historical & Gridded Data
Alappuzha,2021-08-29,0.0,historical,IMD Historical & Gridded Data
Kottayam,2021-08-29,0.0,historical,IMD Historical & Gridded Data
Alappuzha,2021-08-30,27.3,historical,IMD Historical & Gridded Data
Kottayam,2021-08-30,0.0,historical,IMD Historical & Gridded Data
Alappuzha,2021-08-31,13.5,historical,IMD Historical & Gridded Data
Kottayam,2021-08-31,12.1,historical,IMD Historical & Gridded Data
Alappuzha,2021-09-01,0.9,historical,IMD Historical & Gridded Data
Kottayam,2021-09-01,0.0,historical,IMD Historical & Gridded Data
Alappuzha,2021-09-02,6.0,historical,IMD Historical & Gridded Data
Kottayam,2021-09-02,0.0,historical,IMD Historical & Gridded Data
Alappuzha,2021-09-03,5.4,historical,IMD Historical & Gridded Data
Kottayam,2021-09-03,0.0,historical,IMD Historical & Gridded Data
Alappuzha,2021-09-04,0.0,historical,IMD Historical & Gridded Data
Kottayam,2021-09-04,14.2,historical,IMD Historical & Gridded Data
Alappuzha,2021-09-05,5.2,historical,IMD Historical & Gridded Data
Kottayam,2021-09-05,4.1,historical,IMD Historical & Gridded Data
Alappuzha,2021-09-06,0.0,historical,IMD Historical & Gridded Data
Kottayam,2021-09-06,48.3,historical,IMD Historical & Gridded Data
Alappuzha,2021-09-07,0.0,historical,IMD Historical & Gridded Data
Kottayam,2021-09-07,40.2,historical,IMD Historical & Gridded Data
Alappuzha,2021-09-08,7.1,historical,IMD Historical & Gridded Data
Kottayam,2021-09-08,7.8,historical,IMD Historical & Gridded Data
Alappuzha,2021-09-09,27.3,historical,IMD Historical & Gridded Data
Kottayam,2021-09-09,7.4,historical,IMD Historical & Gridded Data
Alappuzha,2021-09-10,18.7,historical,IMD Historical & Gridded Data
Kottayam,2021-09-10,15.1,historical,IMD Historical & Gridded Data
Alappuzha,2021-09-11,11.7,historical,IMD Historical & Gridded Data
Kottayam,2021-09-11,28.2,historical,IMD Historical & Gridded Data
Alappuzha,2021-09-12,18.0,historical,IMD Historical & Gridded Data
Kottayam,2021-09-12,0.1,historical,IMD Historical & Gridded Data
Alappuzha,2021-09-13,0.0,historical,IMD Historical & Gridded Data
Kottayam,2021-09-13,34.4,historical,IMD Historical & Gridded Data
Alappuzha,2021-09-14,36.2,historical,IMD Historical & Gridded Data
Kottayam,2021-09-14,0.0,historical,IMD Historical & Gridded Data
Alappuzha,2021-09-15,0.0,historical,IMD Historical & Gridded Data
Kottayam,2021-09-15,0.0,historical,IMD Historical & Gridded Data
Alappuzha,2021-09-16,27.7,historical,IMD Historical & Gridded Data
Kottayam,2021-09-16,3.0,historical,IMD Historical & Gridded Data
Alappuzha,2021-09-17,29.6,historical,IMD Historical & Gridded Data
Kottayam,2021-09-17,0.0,historical,IMD Historical & Gridded Data
Alappuzha,2021-09-18,0.0,historical,IMD Historical & Gridded Data
Kottayam,2021-09-18,6.1,historical,IMD Historical & Gridded Data
Alappuzha,2021-09-19,14.4,historical,IMD Historical & Gridded Data
Kottayam,2021-09-19,30.7,historical,IMD Historical & Gridded Data
Alappuzha,2021-09-20,36.7,historical,IMD Historical & Gridded Data
Kottayam,2021-09-20,0.0,historical,IMD Historical & Gridded Data
Alappuzha,2021-09-21,9.9,historical,IMD Historical & Gridded Data
Kottayam,2021-09-21,37.5,historical,IMD Historical & Gridded Data
Alappuzha,2021-09-22,44.3,historical,IMD Historical & Gridded Data
Kottayam,2021-09-22,45.0,historical,IMD Historical & Gridded Data
Alappuzha,2021-09-23,7.0,historical,IMD Historical & Gridded Data
Kottayam,2021-09-23,10.7,historical,IMD Historical & Gridded Data
Alappuzha,2021-09-24,0.0,historical,IMD Historical & Gridded Data
Kottayam,2021-09-24,0.0,historical,IMD Historical & Gridded Data
Alappuzha,2021-09-25,0.0,historical,IMD Historical & Gridded Data
Kottayam,2021-09-25,100.4,historical,IMD Historical & Gridded Data
Alappuzha,2021-09-26,10.8,historical,IMD Historical & Gridded Data
Kottayam,2021-09-26,0.0,historical,IMD Historical & Gridded Data
Alappuzha,2021-09-27,0.0,historical,IMD Historical & Gridded Data
Kottayam,2021-09-27,0.0,historical,IMD Historical & Gridded Data
Alappuzha,2021-09-28,36.6,historical,IMD Historical & Gridded Data
Kottayam,2021-09-28,50.1,historical,IMD Historical & Gridded Data
Alappuzha,2021-09-29,0.0,historical,IMD Historical & Gridded Data
Kottayam,2021-09-29,44.9,historical,IMD Historical & Gridded Data
Alappuzha,2021-09-30,0.0,historical,IMD Historical & Gridded Data
Kottayam,2021-09-30,1.7,historical,IMD Historical & Gridded Data
Alappuzha,2021-10-01,25.2,historical,IMD Historical & Gridded Data
Kottayam,2021-10-01,43.5,historical,IMD Historical & Gridded Data
Alappuzha,2021-10-02,0.0,historical,IMD Historical & Gridded Data
Kottayam,2021-10-02,0.0,historical,IMD Historical & Gridded Data
Alappuzha,2021-10-03,0.0,historical,IMD Historical & Gridded Data
Kottayam,2021-10-03,13.8,historical,IMD Historical & Gridded Data
Alappuzha,2021-10-04,1.2,historical,IMD Historical & Gridded Data
Kottayam,2021-10-04,30.7,historical,IMD Historical & Gridded Data
Alappuzha,2021-10-05,20.4,historical,IMD Historical & Gridded Data
Kottayam,2021-10-05,0.0,historical,IMD Historical & Gridded Data
Alappuzha,2021-10-06,0.0,historical,IMD Historical & Gridded Data
Kottayam,2021-10-06,0.0,historical,IMD Historical & Gridded Data
Alappuzha,2021-10-07,7.0,historical,IMD Historical & Gridded Data
Kottayam,2021-10-07,0.0,historical,IMD Historical & Gridded Data
Alappuzha,2021-10-08,22.2,historical,IMD Historical & Gridded Data
Kottayam,2021-10-08,12.3,historical,IMD Historical & Gridded Data
Alappuzha,2021-10-09,0.0,historical,IMD Historical & Gridded Data
Kottayam,2021-10-09,1.1,historical,IMD Historical & Gridded Data
Alappuzha,2021-10-10,0.0,historical,IMD Historical & Gridded Data
Kottayam,2021-10-10,15.5,historical,IMD Historical & Gridded Data
Alappuzha,2021-10-11,13.0,historical,IMD Historical & Gridded Data
Kottayam,2021-10-11,0.0,historical,IMD Historical & Gridded Data
Alappuzha,2021-10-12,6.0,historical,IMD Historical & Gridded Data
Kottayam,2021-10-12,23.3,historical,IMD Historical & Gridded Data
Alappuzha,2021-10-13,45.800000000000004,historical,IMD Historical & Gridded Data
Kottayam,2021-10-13,0.0,historical,IMD Historical & Gridded Data
Alappuzha,2021-10-14,14.1,historical,IMD Historical & Gridded Data
Kottayam,2021-10-14,0.0,historical,IMD Historical & Gridded Data
Alappuzha,2021-10-15,2.4,historical,IMD Historical & Gridded Data
Kottayam,2021-10-15,5.2,historical,IMD Historical & Gridded Data
Alappuzha,2021-10-16,0.0,historical,IMD Historical & Gridded Data
Kottayam,2021-10-16,12.5,historical,IMD Historical & Gridded Data
Alappuzha,2021-10-17,1.4,historical,IMD Historical & Gridded Data
Kottayam,2021-10-17,0.0,historical,IMD Historical & Gridded Data
Alappuzha,2021-10-18,0.0,historical,IMD Historical & Gridded Data
Kottayam,2021-10-18,1.0,historical,IMD Historical & Gridded Data
Alappuzha,2021-10-19,42.6,historical,IMD Historical & Gridded Data
Kottayam,2021-10-19,0.0,historical,IMD Historical & Gridded Data
Alappuzha,2021-10-20,25.5,historical,IMD Historical & Gridded Data
Kottayam,2021-10-20,0.0,historical,IMD Historical & Gridded Data
Alappuzha,2021-10-21,5.1,historical,IMD Historical & Gridded Data
Kottayam,2021-10-21,13.0,historical,IMD Historical & Gridded Data
Alappuzha,2021-10-22,30.9,historical,IMD Historical & Gridded Data
Kottayam,2021-10-22,10.5,historical,IMD Historical & Gridded Data
Alappuzha,2021-10-23,0.0,historical,IMD Historical & Gridded Data
Kottayam,2021-10-23,0.0,historical,IMD Historical & Gridded Data
Alappuzha,2021-10-24,4.2,historical,IMD Historical & Gridded Data
Kottayam,2021-10-24,0.0,historical,IMD Historical & Gridded Data
Alappuzha,2021-10-25,10.8,historical,IMD Historical & Gridded Data
Kottayam,2021-10-25,49.1,historical,IMD Historical & Gridded Data
Alappuzha,2021-10-26,0.0,historical,IMD Historical & Gridded Data
Kottayam,2021-10-26,0.0,historical,IMD Historical & Gridded Data
Alappuzha,2021-10-27,23.4,historical,IMD Historical & Gridded Data
Kottayam,2021-10-27,2.8,historical,IMD Historical & Gridded Data
Alappuzha,2021-10-28,27.8,historical,IMD Historical & Gridded Data
Kottayam,2021-10-28,0.0,historical,IMD Historical & Gridded Data
Alappuzha,2021-10-29,2.6,historical,IMD Historical & Gridded Data
Kottayam,2021-10-29,1.4,historical,IMD Historical & Gridded Data
Alappuzha,2021-10-30,2.7,historical,IMD Historical & Gridded Data
Kottayam,2021-10-30,8.5,historical,IMD Historical & Gridded Data
Alappuzha,2021-10-31,0.0,historical,IMD Historical & Gridded Data
Kottayam,2021-10-31,0.0,historical,IMD Historical & Gridded Data
Alappuzha,2021-11-01,0.0,historical,IMD Historical & Gridded Data
Kottayam,2021-11-01,6.7,historical,IMD Historical & Gridded Data
Alappuzha,2021-11-02,0.0,historical,IMD Historical & Gridded Data
Kottayam,2021-11-02,15.3,historical,IMD Historical & Gridded Data
Alappuzha,2021-11-03,0.8,historical,IMD Historical & Gridded Data
Kottayam,2021-11-03,0.0,historical,IMD Historical & Gridded Data
Alappuzha,2021-11-04,18.5,historical,IMD Historical & Gridded Data
Kottayam,2021-11-04,17.8,historical,IMD Historical & Gridded Data
Alappuzha,2021-11-05,8.3,historical,IMD Historical & Gridded Data
Kottayam,2021-11-05,0.1,historical,IMD Historical & Gridded Data
Alappuzha,2021-11-06,9.7,historical,IMD Historical & Gridded Data
Kottayam,2021-11-06,16.4,historical,IMD Historical & Gridded Data
Alappuzha,2021-11-07,12.4,historical,IMD Historical & Gridded Data
Kottayam,2021-11-07,10.7,historical,IMD Historical & Gridded Data
Alappuzha,2021-11-08,9.9,historical,IMD Historical & Gridded Data
Kottayam,2021-11-08,0.0,historical,IMD Historical & Gridded Data
Alappuzha,2021-11-09,0.0,historical,IMD Historical & Gridded Data
Kottayam,2021-11-09,0.0,historical,IMD Historical & Gridded Data
Alappuzha,2021-11-10,0.0,historical,IMD Historical & Gridded Data
Kottayam,2021-11-10,4.8,historical,IMD Historical & Gridded Data
Alappuzha,2021-11-11,33.8,historical,IMD Historical & Gridded Data
Kottayam,2021-11-11,70.2,historical,IMD Historical & Gridded Data
Alappuzha,2021-11-12,33.9,historical,IMD Historical & Gridded Data
Kottayam,2021-11-12,0.0,historical,IMD Historical & Gridded Data
Alappuzha,2021-11-13,7.8,historical,IMD Historical & Gridded Data
Kottayam,2021-11-13,5.2,historical,IMD Historical & Gridded Data
Alappuzha,2021-11-14,0.0,historical,IMD Historical & Gridded Data
Kottayam,2021-11-14,19.3,historical,IMD Historical & Gridded Data
Alappuzha,2021-11-15,8.8,historical,IMD Historical & Gridded Data
Kottayam,2021-11-15,15.5,historical,IMD Historical & Gridded Data
Alappuzha,2021-11-16,34.9,historical,IMD Historical & Gridded Data
Kottayam,2021-11-16,12.9,historical,IMD Historical & Gridded Data
Alappuzha,2021-11-17,1.9,historical,IMD Historical & Gridded Data
Kottayam,2021-11-17,0.0,historical,IMD Historical & Gridded Data
Alappuzha,2021-11-18,5.1,historical,IMD Historical & Gridded Data
Kottayam,2021-11-18,43.8,historical,IMD Historical & Gridded Data
Alappuzha,2021-11-19,63.699999999999996,historical,IMD Historical & Gridded Data
Kottayam,2021-11-19,53.6,historical,IMD Historical & Gridded Data
Alappuzha,2021-11-20,2.1,historical,IMD Historical & Gridded Data
Kottayam,2021-11-20,4.2,historical,IMD Historical & Gridded Data
Alappuzha,2021-11-21,4.3,historical,IMD Historical & Gridded Data
Kottayam,2021-11-21,3.8,historical,IMD Historical & Gridded Data
Alappuzha,2021-11-22,0.1,historical,IMD Historical & Gridded Data
Kottayam,2021-11-22,8.8,historical,IMD Historical & Gridded Data
Alappuzha,2021-11-23,2.3,historical,IMD Historical & Gridded Data
Kottayam,2021-11-23,0.0,historical,IMD Historical & Gridded Data
Alappuzha,2021-11-24,27.3,historical,IMD Historical & Gridded Data
Kottayam,2021-11-24,0.7,historical,IMD Historical & Gridded Data
Alappuzha,2021-11-25,11.5,historical,IMD Historical & Gridded Data
Kottayam,2021-11-25,8.3,historical,IMD Historical & Gridded Data
Alappuzha,2021-11-26,52.900000000000006,historical,IMD Historical & Gridded Data
Kottayam,2021-11-26,25.4,historical,IMD Historical & Gridded Data
Alappuzha,2021-11-27,22.3,historical,IMD Historical & Gridded Data
Kottayam,2021-11-27,19.7,historical,IMD Historical & Gridded Data
Alappuzha,2021-11-28,19.4,historical,IMD Historical & Gridded Data
Kottayam,2021-11-28,16.9,historical,IMD Historical & Gridded Data
Alappuzha,2021-11-29,25.5,historical,IMD Historical & Gridded Data
Kottayam,2021-11-29,16.7,historical,IMD Historical & Gridded Data
Alappuzha,2021-11-30,7.8,historical,IMD Historical & Gridded Data
Kottayam,2021-11-30,28.4,historical,IMD Historical & Gridded Data
Alappuzha,2021-12-01,0.0,historical,IMD Historical & Gridded Data
Kottayam,2021-12-01,0.0,historical,IMD Historical & Gridded Data
Alappuzha,2021-12-02,2.2,historical,IMD Historical & Gridded Data
Kottayam,2021-12-02,0.0,historical,IMD Historical & Gridded Data
Alappuzha,2021-12-03,1.1,historical,IMD Historical & Gridded Data
Kottayam,2021-12-03,0.0,historical,IMD Historical & Gridded Data
Alappuzha,2021-12-04,0.0,historical,IMD Historical & Gridded Data
Kottayam,2021-12-04,0.0,historical,IMD Historical & Gridded Data
Alappuzha,2021-12-05,0.0,historical,IMD Historical & Gridded Data
Kottayam,2021-12-05,0.0,historical,IMD Historical & Gridded Data
Alappuzha,2021-12-06,0.0,historical,IMD Historical & Gridded Data
Kottayam,2021-12-06,0.0,historical,IMD Historical & Gridded Data
Alappuzha,2021-12-07,0.0,historical,IMD Historical & Gridded Data
Kottayam,2021-12-07,0.0,historical,IMD Historical & Gridded Data
Alappuzha,2021-12-08,0.0,historical,IMD Historical & Gridded Data
Kottayam,2021-12-08,0.0,historical,IMD Historical & Gridded Data
Alappuzha,2021-12-09,0.0,historical,IMD Historical & Gridded Data
Kottayam,2021-12-09,0.0,historical,IMD Historical & Gridded Data
Alappuzha,2021-12-10,0.0,historical,IMD Historical & Gridded Data
Kottayam,2021-12-10,0.0,historical,IMD Historical & Gridded Data
Alappuzha,2021-12-11,0.0,historical,IMD Historical & Gridded Data
Kottayam,2021-12-11,0.0,historical,IMD Historical & Gridded Data
Alappuzha,2021-12-12,1.0,historical,IMD Historical & Gridded Data
Kottayam,2021-12-12,0.0,historical,IMD Historical & Gridded Data
Alappuzha,2021-12-13,0.0,historical,IMD Historical & Gridded Data
Kottayam,2021-12-13,0.0,historical,IMD Historical & Gridded Data
Alappuzha,2021-12-14,0.0,historical,IMD Historical & Gridded Data
Kottayam,2021-12-14,0.0,historical,IMD Historical & Gridded Data
Alappuzha,2021-12-15,0.0,historical,IMD Historical & Gridded Data
Kottayam,2021-12-15,0.0,historical,IMD Historical & Gridded Data
Alappuzha,2021-12-16,0.0,historical,IMD Historical & Gridded Data
Kottayam,2021-12-16,0.0,historical,IMD Historical & Gridded Data
Alappuzha,2021-12-17,0.0,historical,IMD Historical & Gridded Data
Kottayam,2021-12-17,0.0,historical,IMD Historical & Gridded Data
Alappuzha,2021-12-18,0.0,historical,IMD Historical & Gridded Data
Kottayam,2021-12-18,0.0,historical,IMD Historical & Gridded Data
Alappuzha,2021-12-19,0.0,historical,IMD Historical & Gridded Data
Kottayam,2021-12-19,1.4,historical,IMD Historical & Gridded Data
Alappuzha,2021-12-20,0.0,historical,IMD Historical & Gridded Data
Kottayam,2021-12-20,0.0,historical,IMD Historical & Gridded Data
Alappuzha,2021-12-21,0.0,historical,IMD Historical & Gridded Data
Kottayam,2021-12-21,0.0,historical,IMD Historical & Gridded Data
Alappuzha,2021-12-22,0.0,historical,IMD Historical & Gridded Data
Kottayam,2021-12-22,0.6,historical,IMD Historical & Gridded Data
Alappuzha,2021-12-23,0.0,historical,IMD Historical & Gridded Data
Kottayam,2021-12-23,0.0,historical,IMD Historical & Gridded Data
Alappuzha,2021-12-24,0.0,historical,IMD Historical & Gridded Data
Kottayam,2021-12-24,0.0,historical,IMD Historical & Gridded Data
Alappuzha,2021-12-25,0.0,historical,IMD Historical & Gridded Data
Kottayam,2021-12-25,0.0,historical,IMD Historical & Gridded Data
Alappuzha,2021-12-26,3.8,historical,IMD Historical & Gridded Data
Kottayam,2021-12-26,0.0,historical,IMD Historical & Gridded Data
Alappuzha,2021-12-27,0.0,historical,IMD Historical & Gridded Data
Kottayam,2021-12-27,0.0,historical,IMD Historical & Gridded Data
Alappuzha,2021-12-28,0.0,historical,IMD Historical & Gridded Data
Kottayam,2021-12-28,0.0,historical,IMD Historical & Gridded Data
Alappuzha,2021-12-29,0.0,historical,IMD Historical & Gridded Data
Kottayam,2021-12-29,0.0,historical,IMD Historical & Gridded Data
Alappuzha,2021-12-30,0.0,historical,IMD Historical & Gridded Data
Kottayam,2021-12-30,0.0,historical,IMD Historical & Gridded Data
Alappuzha,2021-12-31,0.0,historical,IMD Historical & Gridded Data
Kottayam,2021-12-31,0.0,historical,IMD Historical & Gridded Data
Alappuzha,2022-01-01,0.0,historical,IMD Historical & Gridded Data
Kottayam,2022-01-01,0.0,historical,IMD Historical & Gridded Data
Alappuzha,2022-01-02,0.0,historical,IMD Historical & Gridded Data
Kottayam,2022-01-02,0.0,historical,IMD Historical & Gridded Data
Alappuzha,2022-01-03,0.0,historical,IMD Historical & Gridded Data
Kottayam,2022-01-03,0.0,historical,IMD Historical & Gridded Data
Alappuzha,2022-01-04,0.0,historical,IMD Historical & Gridded Data
Kottayam,2022-01-04,0.0,historical,IMD Historical & Gridded Data
Alappuzha,2022-01-05,0.0,historical,IMD Historical & Gridded Data
Kottayam,2022-01-05,0.0,historical,IMD Historical & Gridded Data
Alappuzha,2022-01-06,0.0,historical,IMD Historical & Gridded Data
Kottayam,2022-01-06,0.0,historical,IMD Historical & Gridded Data
Alappuzha,2022-01-07,0.0,historical,IMD Historical & Gridded Data
Kottayam,2022-01-07,0.0,historical,IMD Historical & Gridded Data
Alappuzha,2022-01-08,0.0,historical,IMD Historical & Gridded Data
Kottayam,2022-01-08,0.0,historical,IMD Historical & Gridded Data
Alappuzha,2022-01-09,0.0,historical,IMD Historical & Gridded Data
Kottayam,2022-01-09,0.0,historical,IMD Historical & Gridded Data
Alappuzha,2022-01-10,0.0,historical,IMD Historical & Gridded Data
Kottayam,2022-01-10,0.0,historical,IMD Historical & Gridded Data
Alappuzha,2022-01-11,0.0,historical,IMD Historical & Gridded Data
Kottayam,2022-01-11,0.0,historical,IMD Historical & Gridded Data
Alappuzha,2022-01-12,0.0,historical,IMD Historical & Gridded Data
Kottayam,2022-01-12,0.0,historical,IMD Historical & Gridded Data
Alappuzha,2022-01-13,0.0,historical,IMD Historical & Gridded Data
Kottayam,2022-01-13,0.0,historical,IMD Historical & Gridded Data
Alappuzha,2022-01-14,1.1,historical,IMD Historical & Gridded Data
Kottayam,2022-01-14,0.0,historical,IMD Historical & Gridded Data
Alappuzha,2022-01-15,29.1,historical,IMD Historical & Gridded Data
Kottayam,2022-01-15,0.0,historical,IMD Historical & Gridded Data
Alappuzha,2022-01-16,0.0,historical,IMD Historical & Gridded Data
Kottayam,2022-01-16,0.0,historical,IMD Historical & Gridded Data
Alappuzha,2022-01-17,0.0,historical,IMD Historical & Gridded Data
Kottayam,2022-01-17,0.0,historical,IMD Historical & Gridded Data
Alappuzha,2022-01-18,0.0,historical,IMD Historical & Gridded Data
Kottayam,2022-01-18,0.0,historical,IMD Historical & Gridded Data
Alappuzha,2022-01-19,0.0,historical,IMD Historical & Gridded Data
Kottayam,2022-01-19,0.0,historical,IMD Historical & Gridded Data
Alappuzha,2022-01-20,0.0,historical,IMD Historical & Gridded Data
Kottayam,2022-01-20,0.0,historical,IMD Historical & Gridded Data
Alappuzha,2022-01-21,0.0,historical,IMD Historical & Gridded Data
Kottayam,2022-01-21,0.0,historical,IMD Historical & Gridded Data
Alappuzha,2022-01-22,0.0,historical,IMD Historical & Gridded Data
Kottayam,2022-01-22,0.2,historical,IMD Historical & Gridded Data
Alappuzha,2022-01-23,0.0,historical,IMD Historical & Gridded Data
Kottayam,2022-01-23,0.0,historical,IMD Historical & Gridded Data
Alappuzha,2022-01-24,0.0,historical,IMD Historical & Gridded Data
Kottayam,2022-01-24,0.0,historical,IMD Historical & Gridded Data
Alappuzha,2022-01-25,0.0,historical,IMD Historical & Gridded Data
Kottayam,2022-01-25,0.0,historical,IMD Historical & Gridded Data
Alappuzha,2022-01-26,0.0,historical,IMD Historical & Gridded Data
Kottayam,2022-01-26,0.0,historical,IMD Historical & Gridded Data
Alappuzha,2022-01-27,0.0,historical,IMD Historical & Gridded Data
Kottayam,2022-01-27,0.0,historical,IMD Historical & Gridded Data
Alappuzha,2022-01-28,0.0,historical,IMD Historical & Gridded Data
Kottayam,2022-01-28,0.0,historical,IMD Historical & Gridded Data
Alappuzha,2022-01-29,0.0,historical,IMD Historical & Gridded Data
Kottayam,2022-01-29,0.0,historical,IMD Historical & Gridded Data
Alappuzha,2022-01-30,0.0,historical,IMD Historical & Gridded Data
Kottayam,2022-01-30,0.0,historical,IMD Historical & Gridded Data
Alappuzha,2022-01-31,0.0,historical,IMD Historical & Gridded Data
Kottayam,2022-01-31,0.0,historical,IMD Historical & Gridded Data
Alappuzha,2022-02-01,0.0,historical,IMD Historical & Gridded Data
Kottayam,2022-02-01,0.0,historical,IMD Historical & Gridded Data
Alappuzha,2022-02-02,0.0,historical,IMD Historical & Gridded Data
Kottayam,2022-02-02,0.0,historical,IMD Historical & Gridded Data
Alappuzha,2022-02-03,0.0,historical,IMD Historical & Gridded Data
Kottayam,2022-02-03,0.0,historical,IMD Historical & Gridded Data
Alappuzha,2022-02-04,0.0,historical,IMD Historical & Gridded Data
Kottayam,2022-02-04,0.0,historical,IMD Historical & Gridded Data
Alappuzha,2022-02-05,0.0,historical,IMD Historical & Gridded Data
Kottayam,2022-02-05,0.0,historical,IMD Historical & Gridded Data
Alappuzha,2022-02-06,0.0,historical,IMD Historical & Gridded Data
Kottayam,2022-02-06,0.0,historical,IMD Historical & Gridded Data
Alappuzha,2022-02-07,1.6,historical,IMD Historical & Gridded Data
Kottayam,2022-02-07,0.0,historical,IMD Historical & Gridded Data
Alappuzha,2022-02-08,4.0,historical,IMD Historical & Gridded Data
Kottayam,2022-02-08,0.0,historical,IMD Historical & Gridded Data
Alappuzha,2022-02-09,0.0,historical,IMD Historical & Gridded Data
Kottayam,2022-02-09,3.4,historical,IMD Historical & Gridded Data
Alappuzha,2022-02-10,0.0,historical,IMD Historical & Gridded Data
Kottayam,2022-02-10,0.0,historical,IMD Historical & Gridded Data
Alappuzha,2022-02-11,0.0,historical,IMD Historical & Gridded Data
Kottayam,2022-02-11,0.9,historical,IMD Historical & Gridded Data
Alappuzha,2022-02-12,0.0,historical,IMD Historical & Gridded Data
Kottayam,2022-02-12,0.0,historical,IMD Historical & Gridded Data
Alappuzha,2022-02-13,0.5,historical,IMD Historical & Gridded Data
Kottayam,2022-02-13,0.0,historical,IMD Historical & Gridded Data
Alappuzha,2022-02-14,0.0,historical,IMD Historical & Gridded Data
Kottayam,2022-02-14,0.0,historical,IMD Historical & Gridded Data
Alappuzha,2022-02-15,0.0,historical,IMD Historical & Gridded Data
Kottayam,2022-02-15,0.0,historical,IMD Historical & Gridded Data
Alappuzha,2022-02-16,0.0,historical,IMD Historical & Gridded Data
Kottayam,2022-02-16,0.0,historical,IMD Historical & Gridded Data
Alappuzha,2022-02-17,2.1,historical,IMD Historical & Gridded Data
Kottayam,2022-02-17,0.0,historical,IMD Historical & Gridded Data
Alappuzha,2022-02-18,0.0,historical,IMD Historical & Gridded Data
Kottayam,2022-02-18,0.0,historical,IMD Historical & Gridded Data
Alappuzha,2022-02-19,0.0,historical,IMD Historical & Gridded Data
Kottayam,2022-02-19,0.9,historical,IMD Historical & Gridded Data
Alappuzha,2022-02-20,0.0,historical,IMD Historical & Gridded Data
Kottayam,2022-02-20,0.0,historical,IMD Historical & Gridded Data
Alappuzha,2022-02-21,4.5,historical,IMD Historical & Gridded Data
Kottayam,2022-02-21,0.0,historical,IMD Historical & Gridded Data
Alappuzha,2022-02-22,0.0,historical,IMD Historical & Gridded Data
Kottayam,2022-02-22,0.0,historical,IMD Historical & Gridded Data
Alappuzha,2022-02-23,0.0,historical,IMD Historical & Gridded Data
Kottayam,2022-02-23,0.0,historical,IMD Historical & Gridded Data
Alappuzha,2022-02-24,0.0,historical,IMD Historical & Gridded Data
Kottayam,2022-02-24,0.0,historical,IMD Historical & Gridded Data
Alappuzha,2022-02-25,0.0,historical,IMD Historical & Gridded Data
Kottayam,2022-02-25,0.0,historical,IMD Historical & Gridded Data
Alappuzha,2022-02-26,0.0,historical,IMD Historical & Gridded Data
Kottayam,2022-02-26,0.0,historical,IMD Historical & Gridded Data
Alappuzha,2022-02-27,0.1,historical,IMD Historical & Gridded Data
Kottayam,2022-02-27,0.0,historical,IMD Historical & Gridded Data
Alappuzha,2022-02-28,0.0,historical,IMD Historical & Gridded Data
Kottayam,2022-02-28,0.0,historical,IMD Historical & Gridded Data
Alappuzha,2022-03-01,0.0,historical,IMD Historical & Gridded Data
Kottayam,2022-03-01,0.0,historical,IMD Historical & Gridded Data
Alappuzha,2022-03-02,0.0,historical,IMD Historical & Gridded Data
Kottayam,2022-03-02,0.0,historical,IMD Historical & Gridded Data
Alappuzha,2022-03-03,4.7,historical,IMD Historical & Gridded Data
Kottayam,2022-03-03,0.0,historical,IMD Historical & Gridded Data
Alappuzha,2022-03-04,2.8,historical,IMD Historical & Gridded Data
Kottayam,2022-03-04,0.0,historical,IMD Historical & Gridded Data
Alappuzha,2022-03-05,0.0,historical,IMD Historical & Gridded Data
Kottayam,2022-03-05,5.7,historical,IMD Historical & Gridded Data
Alappuzha,2022-03-06,0.5,historical,IMD Historical & Gridded Data
Kottayam,2022-03-06,0.0,historical,IMD Historical & Gridded Data
Alappuzha,2022-03-07,0.0,historical,IMD Historical & Gridded Data
Kottayam,2022-03-07,0.0,historical,IMD Historical & Gridded Data
Alappuzha,2022-03-08,0.0,historical,IMD Historical & Gridded Data
Kottayam,2022-03-08,0.0,historical,IMD Historical & Gridded Data
Alappuzha,2022-03-09,0.0,historical,IMD Historical & Gridded Data
Kottayam,2022-03-09,0.0,historical,IMD Historical & Gridded Data
Alappuzha,2022-03-10,0.0,historical,IMD Historical & Gridded Data
Kottayam,2022-03-10,0.0,historical,IMD Historical & Gridded Data
Alappuzha,2022-03-11,0.0,historical,IMD Historical & Gridded Data
Kottayam,2022-03-11,0.0,historical,IMD Historical & Gridded Data
Alappuzha,2022-03-12,0.0,historical,IMD Historical & Gridded Data
Kottayam,2022-03-12,1.9,historical,IMD Historical & Gridded Data
Alappuzha,2022-03-13,0.0,historical,IMD Historical & Gridded Data
Kottayam,2022-03-13,0.0,historical,IMD Historical & Gridded Data
Alappuzha,2022-03-14,0.0,historical,IMD Historical & Gridded Data
Kottayam,2022-03-14,0.0,historical,IMD Historical & Gridded Data
Alappuzha,2022-03-15,0.0,historical,IMD Historical & Gridded Data
Kottayam,2022-03-15,0.0,historical,IMD Historical & Gridded Data
Alappuzha,2022-03-16,0.0,historical,IMD Historical & Gridded Data
Kottayam,2022-03-16,0.0,historical,IMD Historical & Gridded Data
Alappuzha,2022-03-17,0.0,historical,IMD Historical & Gridded Data
Kottayam,2022-03-17,1.0,historical,IMD Historical & Gridded Data
Alappuzha,2022-03-18,0.0,historical,IMD Historical & Gridded Data
Kottayam,2022-03-18,0.0,historical,IMD Historical & Gridded Data
Alappuzha,2022-03-19,0.0,historical,IMD Historical & Gridded Data
Kottayam,2022-03-19,0.0,historical,IMD Historical & Gridded Data
Alappuzha,2022-03-20,14.7,historical,IMD Historical & Gridded Data
Kottayam,2022-03-20,0.0,historical,IMD Historical & Gridded Data
Alappuzha,2022-03-21,0.0,historical,IMD Historical & Gridded Data
Kottayam,2022-03-21,2.1,historical,IMD Historical & Gridded Data
Alappuzha,2022-03-22,31.299999999999997,historical,IMD Historical & Gridded Data
Kottayam,2022-03-22,0.0,historical,IMD Historical & Gridded Data
Alappuzha,2022-03-23,0.0,historical,IMD Historical & Gridded Data
Kottayam,2022-03-23,0.0,historical,IMD Historical & Gridded Data
Alappuzha,2022-03-24,40.699999999999996,historical,IMD Historical & Gridded Data
Kottayam,2022-03-24,0.0,historical,IMD Historical & Gridded Data
Alappuzha,2022-03-25,3.2,historical,IMD Historical & Gridded Data
Kottayam,2022-03-25,0.0,historical,IMD Historical & Gridded Data
Alappuzha,2022-03-26,0.0,historical,IMD Historical & Gridded Data
Kottayam,2022-03-26,0.0,historical,IMD Historical & Gridded Data
Alappuzha,2022-03-27,0.0,historical,IMD Historical & Gridded Data
Kottayam,2022-03-27,12.6,historical,IMD Historical & Gridded Data
Alappuzha,2022-03-28,0.0,historical,IMD Historical & Gridded Data
Kottayam,2022-03-28,0.0,historical,IMD Historical & Gridded Data
Alappuzha,2022-03-29,0.0,historical,IMD Historical & Gridded Data
Kottayam,2022-03-29,0.0,historical,IMD Historical & Gridded Data
Alappuzha,2022-03-30,0.0,historical,IMD Historical & Gridded Data
Kottayam,2022-03-30,0.0,historical,IMD Historical & Gridded Data
Alappuzha,2022-03-31,0.0,historical,IMD Historical & Gridded Data
Kottayam,2022-03-31,0.0,historical,IMD Historical & Gridded Data
Alappuzha,2022-04-01,5.6,historical,IMD Historical & Gridded Data
Kottayam,2022-04-01,0.0,historical,IMD Historical & Gridded Data
Alappuzha,2022-04-02,0.0,historical,IMD Historical & Gridded Data
Kottayam,2022-04-02,0.0,historical,IMD Historical & Gridded Data
Alappuzha,2022-04-03,0.0,historical,IMD Historical & Gridded Data
Kottayam,2022-04-03,13.2,historical,IMD Historical & Gridded Data
Alappuzha,2022-04-04,9.2,historical,IMD Historical & Gridded Data
Kottayam,2022-04-04,0.0,historical,IMD Historical & Gridded Data
Alappuzha,2022-04-05,1.1,historical,IMD Historical & Gridded Data
Kottayam,2022-04-05,0.0,historical,IMD Historical & Gridded Data
Alappuzha,2022-04-06,0.0,historical,IMD Historical & Gridded Data
Kottayam,2022-04-06,0.0,historical,IMD Historical & Gridded Data
Alappuzha,2022-04-07,0.0,historical,IMD Historical & Gridded Data
Kottayam,2022-04-07,0.0,historical,IMD Historical & Gridded Data
Alappuzha,2022-04-08,0.0,historical,IMD Historical & Gridded Data
Kottayam,2022-04-08,0.0,historical,IMD Historical & Gridded Data
Alappuzha,2022-04-09,10.9,historical,IMD Historical & Gridded Data
Kottayam,2022-04-09,1.0,historical,IMD Historical & Gridded Data
Alappuzha,2022-04-10,10.2,historical,IMD Historical & Gridded Data
Kottayam,2022-04-10,0.0,historical,IMD Historical & Gridded Data
Alappuzha,2022-04-11,2.2,historical,IMD Historical & Gridded Data
Kottayam,2022-04-11,0.0,historical,IMD Historical & Gridded Data
Alappuzha,2022-04-12,0.6,historical,IMD Historical & Gridded Data
Kottayam,2022-04-12,13.5,historical,IMD Historical & Gridded Data
Alappuzha,2022-04-13,0.0,historical,IMD Historical & Gridded Data
Kottayam,2022-04-13,0.0,historical,IMD Historical & Gridded Data
Alappuzha,2022-04-14,3.0,historical,IMD Historical & Gridded Data
Kottayam,2022-04-14,0.0,historical,IMD Historical & Gridded Data
Alappuzha,2022-04-15,0.0,historical,IMD Historical & Gridded Data
Kottayam,2022-04-15,0.0,historical,IMD Historical & Gridded Data
Alappuzha,2022-04-16,0.0,historical,IMD Historical & Gridded Data
Kottayam,2022-04-16,0.0,historical,IMD Historical & Gridded Data
Alappuzha,2022-04-17,0.0,historical,IMD Historical & Gridded Data
Kottayam,2022-04-17,8.9,historical,IMD Historical & Gridded Data
Alappuzha,2022-04-18,0.0,historical,IMD Historical & Gridded Data
Kottayam,2022-04-18,0.0,historical,IMD Historical & Gridded Data
Alappuzha,2022-04-19,0.0,historical,IMD Historical & Gridded Data
Kottayam,2022-04-19,0.0,historical,IMD Historical & Gridded Data
Alappuzha,2022-04-20,1.9,historical,IMD Historical & Gridded Data
Kottayam,2022-04-20,0.0,historical,IMD Historical & Gridded Data
Alappuzha,2022-04-21,0.0,historical,IMD Historical & Gridded Data
Kottayam,2022-04-21,8.2,historical,IMD Historical & Gridded Data
Alappuzha,2022-04-22,2.0,historical,IMD Historical & Gridded Data
Kottayam,2022-04-22,0.0,historical,IMD Historical & Gridded Data
Alappuzha,2022-04-23,0.0,historical,IMD Historical & Gridded Data
Kottayam,2022-04-23,0.0,historical,IMD Historical & Gridded Data
Alappuzha,2022-04-24,14.4,historical,IMD Historical & Gridded Data
Kottayam,2022-04-24,22.1,historical,IMD Historical & Gridded Data
Alappuzha,2022-04-25,0.0,historical,IMD Historical & Gridded Data
Kottayam,2022-04-25,2.1,historical,IMD Historical & Gridded Data
Alappuzha,2022-04-26,9.0,historical,IMD Historical & Gridded Data
Kottayam,2022-04-26,0.0,historical,IMD Historical & Gridded Data
Alappuzha,2022-04-27,0.0,historical,IMD Historical & Gridded Data
Kottayam,2022-04-27,0.0,historical,IMD Historical & Gridded Data
Alappuzha,2022-04-28,11.7,historical,IMD Historical & Gridded Data
Kottayam,2022-04-28,13.9,historical,IMD Historical & Gridded Data
Alappuzha,2022-04-29,0.0,historical,IMD Historical & Gridded Data
Kottayam,2022-04-29,0.0,historical,IMD Historical & Gridded Data
Alappuzha,2022-04-30,0.0,historical,IMD Historical & Gridded Data
Kottayam,2022-04-30,4.3,historical,IMD Historical & Gridded Data
Alappuzha,2022-05-01,0.0,historical,IMD Historical & Gridded Data
Kottayam,2022-05-01,26.6,historical,IMD Historical & Gridded Data
Alappuzha,2022-05-02,0.0,historical,IMD Historical & Gridded Data
Kottayam,2022-05-02,0.0,historical,IMD Historical & Gridded Data
Alappuzha,2022-05-03,0.0,historical,IMD Historical & Gridded Data
Kottayam,2022-05-03,0.0,historical,IMD Historical & Gridded Data
Alappuzha,2022-05-04,0.0,historical,IMD Historical & Gridded Data
Kottayam,2022-05-04,0.0,historical,IMD Historical & Gridded Data
Alappuzha,2022-05-05,1.5,historical,IMD Historical & Gridded Data
Kottayam,2022-05-05,0.0,historical,IMD Historical & Gridded Data
Alappuzha,2022-05-06,0.0,historical,IMD Historical & Gridded Data
Kottayam,2022-05-06,0.0,historical,IMD Historical & Gridded Data
Alappuzha,2022-05-07,0.0,historical,IMD Historical & Gridded Data
Kottayam,2022-05-07,22.6,historical,IMD Historical & Gridded Data
Alappuzha,2022-05-08,0.0,historical,IMD Historical & Gridded Data
Kottayam,2022-05-08,1.9,historical,IMD Historical & Gridded Data
Alappuzha,2022-05-09,0.0,historical,IMD Historical & Gridded Data
Kottayam,2022-05-09,0.0,historical,IMD Historical & Gridded Data
Alappuzha,2022-05-10,0.0,historical,IMD Historical & Gridded Data
Kottayam,2022-05-10,0.0,historical,IMD Historical & Gridded Data
Alappuzha,2022-05-11,0.0,historical,IMD Historical & Gridded Data
Kottayam,2022-05-11,0.0,historical,IMD Historical & Gridded Data
Alappuzha,2022-05-12,6.4,historical,IMD Historical & Gridded Data
Kottayam,2022-05-12,28.2,historical,IMD Historical & Gridded Data
Alappuzha,2022-05-13,0.0,historical,IMD Historical & Gridded Data
Kottayam,2022-05-13,0.0,historical,IMD Historical & Gridded Data
Alappuzha,2022-05-14,0.0,historical,IMD Historical & Gridded Data
Kottayam,2022-05-14,0.0,historical,IMD Historical & Gridded Data
Alappuzha,2022-05-15,2.0,historical,IMD Historical & Gridded Data
Kottayam,2022-05-15,0.0,historical,IMD Historical & Gridded Data
Alappuzha,2022-05-16,27.4,historical,IMD Historical & Gridded Data
Kottayam,2022-05-16,0.0,historical,IMD Historical & Gridded Data
Alappuzha,2022-05-17,0.4,historical,IMD Historical & Gridded Data
Kottayam,2022-05-17,0.0,historical,IMD Historical & Gridded Data
Alappuzha,2022-05-18,0.0,historical,IMD Historical & Gridded Data
Kottayam,2022-05-18,0.0,historical,IMD Historical & Gridded Data
Alappuzha,2022-05-19,0.0,historical,IMD Historical & Gridded Data
Kottayam,2022-05-19,21.3,historical,IMD Historical & Gridded Data
Alappuzha,2022-05-20,0.0,historical,IMD Historical & Gridded Data
Kottayam,2022-05-20,0.8,historical,IMD Historical & Gridded Data
Alappuzha,2022-05-21,0.0,historical,IMD Historical & Gridded Data
Kottayam,2022-05-21,17.8,historical,IMD Historical & Gridded Data
Alappuzha,2022-05-22,0.8,historical,IMD Historical & Gridded Data
Kottayam,2022-05-22,0.0,historical,IMD Historical & Gridded Data
Alappuzha,2022-05-23,0.0,historical,IMD Historical & Gridded Data
Kottayam,2022-05-23,0.0,historical,IMD Historical & Gridded Data
Alappuzha,2022-05-24,0.0,historical,IMD Historical & Gridded Data
Kottayam,2022-05-24,0.0,historical,IMD Historical & Gridded Data
Alappuzha,2022-05-25,0.0,historical,IMD Historical & Gridded Data
Kottayam,2022-05-25,0.0,historical,IMD Historical & Gridded Data
Alappuzha,2022-05-26,2.8,historical,IMD Historical & Gridded Data
Kottayam,2022-05-26,0.0,historical,IMD Historical & Gridded Data
Alappuzha,2022-05-27,0.0,historical,IMD Historical & Gridded Data
Kottayam,2022-05-27,0.0,historical,IMD Historical & Gridded Data
Alappuzha,2022-05-28,25.9,historical,IMD Historical & Gridded Data
Kottayam,2022-05-28,11.3,historical,IMD Historical & Gridded Data
Alappuzha,2022-05-29,0.0,historical,IMD Historical & Gridded Data
Kottayam,2022-05-29,0.0,historical,IMD Historical & Gridded Data
Alappuzha,2022-05-30,0.0,historical,IMD Historical & Gridded Data
Kottayam,2022-05-30,0.0,historical,IMD Historical & Gridded Data
Alappuzha,2022-05-31,0.0,historical,IMD Historical & Gridded Data
Kottayam,2022-05-31,0.0,historical,IMD Historical & Gridded Data
Alappuzha,2022-06-01,0.0,historical,IMD Historical & Gridded Data
Kottayam,2022-06-01,0.2,historical,IMD Historical & Gridded Data
Alappuzha,2022-06-02,24.7,historical,IMD Historical & Gridded Data
Kottayam,2022-06-02,63.6,historical,IMD Historical & Gridded Data
Alappuzha,2022-06-03,26.6,historical,IMD Historical & Gridded Data
Kottayam,2022-06-03,0.0,historical,IMD Historical & Gridded Data
Alappuzha,2022-06-04,0.6,historical,IMD Historical & Gridded Data
Kottayam,2022-06-04,17.5,historical,IMD Historical & Gridded Data
Alappuzha,2022-06-05,1.5,historical,IMD Historical & Gridded Data
Kottayam,2022-06-05,5.9,historical,IMD Historical & Gridded Data
Alappuzha,2022-06-06,36.1,historical,IMD Historical & Gridded Data
Kottayam,2022-06-06,1.5,historical,IMD Historical & Gridded Data
Alappuzha,2022-06-07,81.9,historical,IMD Historical & Gridded Data
Kottayam,2022-06-07,129.5,historical,IMD Historical & Gridded Data
Alappuzha,2022-06-08,96.6,historical,IMD Historical & Gridded Data
Kottayam,2022-06-08,37.6,historical,IMD Historical & Gridded Data
Alappuzha,2022-06-09,28.2,historical,IMD Historical & Gridded Data
Kottayam,2022-06-09,39.1,historical,IMD Historical & Gridded Data
Alappuzha,2022-06-10,13.7,historical,IMD Historical & Gridded Data
Kottayam,2022-06-10,59.6,historical,IMD Historical & Gridded Data
Alappuzha,2022-06-11,28.8,historical,IMD Historical & Gridded Data
Kottayam,2022-06-11,7.1,historical,IMD Historical & Gridded Data
Alappuzha,2022-06-12,17.9,historical,IMD Historical & Gridded Data
Kottayam,2022-06-12,2.0,historical,IMD Historical & Gridded Data
Alappuzha,2022-06-13,26.0,historical,IMD Historical & Gridded Data
Kottayam,2022-06-13,5.7,historical,IMD Historical & Gridded Data
Alappuzha,2022-06-14,44.300000000000004,historical,IMD Historical & Gridded Data
Kottayam,2022-06-14,0.0,historical,IMD Historical & Gridded Data
Alappuzha,2022-06-15,0.0,historical,IMD Historical & Gridded Data
Kottayam,2022-06-15,0.0,historical,IMD Historical & Gridded Data
Alappuzha,2022-06-16,26.1,historical,IMD Historical & Gridded Data
Kottayam,2022-06-16,23.4,historical,IMD Historical & Gridded Data
Alappuzha,2022-06-17,42.5,historical,IMD Historical & Gridded Data
Kottayam,2022-06-17,33.9,historical,IMD Historical & Gridded Data
Alappuzha,2022-06-18,27.9,historical,IMD Historical & Gridded Data
Kottayam,2022-06-18,13.3,historical,IMD Historical & Gridded Data
Alappuzha,2022-06-19,4.3,historical,IMD Historical & Gridded Data
Kottayam,2022-06-19,42.4,historical,IMD Historical & Gridded Data
Alappuzha,2022-06-20,53.3,historical,IMD Historical & Gridded Data
Kottayam,2022-06-20,17.7,historical,IMD Historical & Gridded Data
Alappuzha,2022-06-21,16.1,historical,IMD Historical & Gridded Data
Kottayam,2022-06-21,58.6,historical,IMD Historical & Gridded Data
Alappuzha,2022-06-22,21.4,historical,IMD Historical & Gridded Data
Kottayam,2022-06-22,0.0,historical,IMD Historical & Gridded Data
Alappuzha,2022-06-23,20.9,historical,IMD Historical & Gridded Data
Kottayam,2022-06-23,3.8,historical,IMD Historical & Gridded Data
Alappuzha,2022-06-24,109.6,historical,IMD Historical & Gridded Data
Kottayam,2022-06-24,41.5,historical,IMD Historical & Gridded Data
Alappuzha,2022-06-25,47.4,historical,IMD Historical & Gridded Data
Kottayam,2022-06-25,1.9,historical,IMD Historical & Gridded Data
Alappuzha,2022-06-26,45.7,historical,IMD Historical & Gridded Data
Kottayam,2022-06-26,22.1,historical,IMD Historical & Gridded Data
Alappuzha,2022-06-27,0.0,historical,IMD Historical & Gridded Data
Kottayam,2022-06-27,31.1,historical,IMD Historical & Gridded Data
Alappuzha,2022-06-28,16.9,historical,IMD Historical & Gridded Data
Kottayam,2022-06-28,5.6,historical,IMD Historical & Gridded Data
Alappuzha,2022-06-29,7.9,historical,IMD Historical & Gridded Data
Kottayam,2022-06-29,3.7,historical,IMD Historical & Gridded Data
Alappuzha,2022-06-30,0.0,historical,IMD Historical & Gridded Data
Kottayam,2022-06-30,16.6,historical,IMD Historical & Gridded Data
Alappuzha,2022-07-01,0.0,historical,IMD Historical & Gridded Data
Kottayam,2022-07-01,25.3,historical,IMD Historical & Gridded Data
Alappuzha,2022-07-02,48.8,historical,IMD Historical & Gridded Data
Kottayam,2022-07-02,0.0,historical,IMD Historical & Gridded Data
Alappuzha,2022-07-03,56.4,historical,IMD Historical & Gridded Data
Kottayam,2022-07-03,7.3,historical,IMD Historical & Gridded Data
Alappuzha,2022-07-04,3.1,historical,IMD Historical & Gridded Data
Kottayam,2022-07-04,0.0,historical,IMD Historical & Gridded Data
Alappuzha,2022-07-05,35.8,historical,IMD Historical & Gridded Data
Kottayam,2022-07-05,10.7,historical,IMD Historical & Gridded Data
Alappuzha,2022-07-06,0.0,historical,IMD Historical & Gridded Data
Kottayam,2022-07-06,77.9,historical,IMD Historical & Gridded Data
Alappuzha,2022-07-07,19.4,historical,IMD Historical & Gridded Data
Kottayam,2022-07-07,9.7,historical,IMD Historical & Gridded Data
Alappuzha,2022-07-08,19.7,historical,IMD Historical & Gridded Data
Kottayam,2022-07-08,19.6,historical,IMD Historical & Gridded Data
Alappuzha,2022-07-09,0.0,historical,IMD Historical & Gridded Data
Kottayam,2022-07-09,93.3,historical,IMD Historical & Gridded Data
Alappuzha,2022-07-10,3.4,historical,IMD Historical & Gridded Data
Kottayam,2022-07-10,25.1,historical,IMD Historical & Gridded Data
Alappuzha,2022-07-11,2.5,historical,IMD Historical & Gridded Data
Kottayam,2022-07-11,13.2,historical,IMD Historical & Gridded Data
Alappuzha,2022-07-12,112.3,historical,IMD Historical & Gridded Data
Kottayam,2022-07-12,52.1,historical,IMD Historical & Gridded Data
Alappuzha,2022-07-13,8.1,historical,IMD Historical & Gridded Data
Kottayam,2022-07-13,30.2,historical,IMD Historical & Gridded Data
Alappuzha,2022-07-14,42.7,historical,IMD Historical & Gridded Data
Kottayam,2022-07-14,0.0,historical,IMD Historical & Gridded Data
Alappuzha,2022-07-15,3.7,historical,IMD Historical & Gridded Data
Kottayam,2022-07-15,14.6,historical,IMD Historical & Gridded Data
Alappuzha,2022-07-16,3.0,historical,IMD Historical & Gridded Data
Kottayam,2022-07-16,45.3,historical,IMD Historical & Gridded Data
Alappuzha,2022-07-17,39.6,historical,IMD Historical & Gridded Data
Kottayam,2022-07-17,1.3,historical,IMD Historical & Gridded Data
Alappuzha,2022-07-18,36.7,historical,IMD Historical & Gridded Data
Kottayam,2022-07-18,4.1,historical,IMD Historical & Gridded Data
Alappuzha,2022-07-19,0.6,historical,IMD Historical & Gridded Data
Kottayam,2022-07-19,3.1,historical,IMD Historical & Gridded Data
Alappuzha,2022-07-20,24.4,historical,IMD Historical & Gridded Data
Kottayam,2022-07-20,2.8,historical,IMD Historical & Gridded Data
Alappuzha,2022-07-21,28.3,historical,IMD Historical & Gridded Data
Kottayam,2022-07-21,0.0,historical,IMD Historical & Gridded Data
Alappuzha,2022-07-22,22.3,historical,IMD Historical & Gridded Data
Kottayam,2022-07-22,10.7,historical,IMD Historical & Gridded Data
Alappuzha,2022-07-23,20.9,historical,IMD Historical & Gridded Data
Kottayam,2022-07-23,0.0,historical,IMD Historical & Gridded Data
Alappuzha,2022-07-24,75.9,historical,IMD Historical & Gridded Data
Kottayam,2022-07-24,65.8,historical,IMD Historical & Gridded Data
Alappuzha,2022-07-25,1.7,historical,IMD Historical & Gridded Data
Kottayam,2022-07-25,16.6,historical,IMD Historical & Gridded Data
Alappuzha,2022-07-26,12.2,historical,IMD Historical & Gridded Data
Kottayam,2022-07-26,25.3,historical,IMD Historical & Gridded Data
Alappuzha,2022-07-27,41.8,historical,IMD Historical & Gridded Data
Kottayam,2022-07-27,0.0,historical,IMD Historical & Gridded Data
Alappuzha,2022-07-28,21.2,historical,IMD Historical & Gridded Data
Kottayam,2022-07-28,38.3,historical,IMD Historical & Gridded Data
Alappuzha,2022-07-29,23.200000000000003,historical,IMD Historical & Gridded Data
Kottayam,2022-07-29,24.6,historical,IMD Historical & Gridded Data
Alappuzha,2022-07-30,50.1,historical,IMD Historical & Gridded Data
Kottayam,2022-07-30,0.0,historical,IMD Historical & Gridded Data
Alappuzha,2022-07-31,69.5,historical,IMD Historical & Gridded Data
Kottayam,2022-07-31,44.0,historical,IMD Historical & Gridded Data
Alappuzha,2022-08-01,0.0,historical,IMD Historical & Gridded Data
Kottayam,2022-08-01,0.0,historical,IMD Historical & Gridded Data
Alappuzha,2022-08-02,0.0,historical,IMD Historical & Gridded Data
Kottayam,2022-08-02,101.8,historical,IMD Historical & Gridded Data
Alappuzha,2022-08-03,0.0,historical,IMD Historical & Gridded Data
Kottayam,2022-08-03,5.7,historical,IMD Historical & Gridded Data
Alappuzha,2022-08-04,0.0,historical,IMD Historical & Gridded Data
Kottayam,2022-08-04,22.1,historical,IMD Historical & Gridded Data
Alappuzha,2022-08-05,36.9,historical,IMD Historical & Gridded Data
Kottayam,2022-08-05,0.0,historical,IMD Historical & Gridded Data
Alappuzha,2022-08-06,0.9,historical,IMD Historical & Gridded Data
Kottayam,2022-08-06,30.5,historical,IMD Historical & Gridded Data
Alappuzha,2022-08-07,1.5,historical,IMD Historical & Gridded Data
Kottayam,2022-08-07,9.0,historical,IMD Historical & Gridded Data
Alappuzha,2022-08-08,35.9,historical,IMD Historical & Gridded Data
Kottayam,2022-08-08,23.0,historical,IMD Historical & Gridded Data
Alappuzha,2022-08-09,8.6,historical,IMD Historical & Gridded Data
Kottayam,2022-08-09,18.8,historical,IMD Historical & Gridded Data
Alappuzha,2022-08-10,30.6,historical,IMD Historical & Gridded Data
Kottayam,2022-08-10,0.0,historical,IMD Historical & Gridded Data
Alappuzha,2022-08-11,2.8,historical,IMD Historical & Gridded Data
Kottayam,2022-08-11,0.0,historical,IMD Historical & Gridded Data
Alappuzha,2022-08-12,0.0,historical,IMD Historical & Gridded Data
Kottayam,2022-08-12,33.4,historical,IMD Historical & Gridded Data
Alappuzha,2022-08-13,0.8,historical,IMD Historical & Gridded Data
Kottayam,2022-08-13,69.3,historical,IMD Historical & Gridded Data
Alappuzha,2022-08-14,53.2,historical,IMD Historical & Gridded Data
Kottayam,2022-08-14,6.5,historical,IMD Historical & Gridded Data
Alappuzha,2022-08-15,0.0,historical,IMD Historical & Gridded Data
Kottayam,2022-08-15,0.0,historical,IMD Historical & Gridded Data
Alappuzha,2022-08-16,0.1,historical,IMD Historical & Gridded Data
Kottayam,2022-08-16,11.1,historical,IMD Historical & Gridded Data
Alappuzha,2022-08-17,7.6,historical,IMD Historical & Gridded Data
Kottayam,2022-08-17,19.4,historical,IMD Historical & Gridded Data
Alappuzha,2022-08-18,0.0,historical,IMD Historical & Gridded Data
Kottayam,2022-08-18,20.9,historical,IMD Historical & Gridded Data
Alappuzha,2022-08-19,38.5,historical,IMD Historical & Gridded Data
Kottayam,2022-08-19,44.3,historical,IMD Historical & Gridded Data
Alappuzha,2022-08-20,24.8,historical,IMD Historical & Gridded Data
Kottayam,2022-08-20,11.4,historical,IMD Historical & Gridded Data
Alappuzha,2022-08-21,0.0,historical,IMD Historical & Gridded Data
Kottayam,2022-08-21,10.3,historical,IMD Historical & Gridded Data
Alappuzha,2022-08-22,13.8,historical,IMD Historical & Gridded Data
Kottayam,2022-08-22,0.9,historical,IMD Historical & Gridded Data
Alappuzha,2022-08-23,1.5,historical,IMD Historical & Gridded Data
Kottayam,2022-08-23,9.1,historical,IMD Historical & Gridded Data
Alappuzha,2022-08-24,11.5,historical,IMD Historical & Gridded Data
Kottayam,2022-08-24,6.6,historical,IMD Historical & Gridded Data
Alappuzha,2022-08-25,12.6,historical,IMD Historical & Gridded Data
Kottayam,2022-08-25,14.7,historical,IMD Historical & Gridded Data
Alappuzha,2022-08-26,2.6,historical,IMD Historical & Gridded Data
Kottayam,2022-08-26,0.0,historical,IMD Historical & Gridded Data
Alappuzha,2022-08-27,14.7,historical,IMD Historical & Gridded Data
Kottayam,2022-08-27,0.0,historical,IMD Historical & Gridded Data
Alappuzha,2022-08-28,13.6,historical,IMD Historical & Gridded Data
Kottayam,2022-08-28,39.5,historical,IMD Historical & Gridded Data
Alappuzha,2022-08-29,6.5,historical,IMD Historical & Gridded Data
Kottayam,2022-08-29,0.0,historical,IMD Historical & Gridded Data
Alappuzha,2022-08-30,29.6,historical,IMD Historical & Gridded Data
Kottayam,2022-08-30,10.8,historical,IMD Historical & Gridded Data
Alappuzha,2022-08-31,12.0,historical,IMD Historical & Gridded Data
Kottayam,2022-08-31,11.1,historical,IMD Historical & Gridded Data
Alappuzha,2022-09-01,0.0,historical,IMD Historical & Gridded Data
Kottayam,2022-09-01,9.8,historical,IMD Historical & Gridded Data
Alappuzha,2022-09-02,3.4,historical,IMD Historical & Gridded Data
Kottayam,2022-09-02,5.2,historical,IMD Historical & Gridded Data
Alappuzha,2022-09-03,4.3,historical,IMD Historical & Gridded Data
Kottayam,2022-09-03,18.6,historical,IMD Historical & Gridded Data
Alappuzha,2022-09-04,17.3,historical,IMD Historical & Gridded Data
Kottayam,2022-09-04,6.5,historical,IMD Historical & Gridded Data
Alappuzha,2022-09-05,28.3,historical,IMD Historical & Gridded Data
Kottayam,2022-09-05,5.4,historical,IMD Historical & Gridded Data
Alappuzha,2022-09-06,26.8,historical,IMD Historical & Gridded Data
Kottayam,2022-09-06,32.7,historical,IMD Historical & Gridded Data
Alappuzha,2022-09-07,4.1,historical,IMD Historical & Gridded Data
Kottayam,2022-09-07,24.4,historical,IMD Historical & Gridded Data
Alappuzha,2022-09-08,0.0,historical,IMD Historical & Gridded Data
Kottayam,2022-09-08,36.4,historical,IMD Historical & Gridded Data
Alappuzha,2022-09-09,36.5,historical,IMD Historical & Gridded Data
Kottayam,2022-09-09,5.4,historical,IMD Historical & Gridded Data
Alappuzha,2022-09-10,8.5,historical,IMD Historical & Gridded Data
Kottayam,2022-09-10,7.7,historical,IMD Historical & Gridded Data
Alappuzha,2022-09-11,8.0,historical,IMD Historical & Gridded Data
Kottayam,2022-09-11,2.3,historical,IMD Historical & Gridded Data
Alappuzha,2022-09-12,11.9,historical,IMD Historical & Gridded Data
Kottayam,2022-09-12,0.6,historical,IMD Historical & Gridded Data
Alappuzha,2022-09-13,0.0,historical,IMD Historical & Gridded Data
Kottayam,2022-09-13,3.3,historical,IMD Historical & Gridded Data
Alappuzha,2022-09-14,0.0,historical,IMD Historical & Gridded Data
Kottayam,2022-09-14,17.2,historical,IMD Historical & Gridded Data
Alappuzha,2022-09-15,0.0,historical,IMD Historical & Gridded Data
Kottayam,2022-09-15,36.0,historical,IMD Historical & Gridded Data
Alappuzha,2022-09-16,0.0,historical,IMD Historical & Gridded Data
Kottayam,2022-09-16,0.0,historical,IMD Historical & Gridded Data
Alappuzha,2022-09-17,34.1,historical,IMD Historical & Gridded Data
Kottayam,2022-09-17,30.4,historical,IMD Historical & Gridded Data
Alappuzha,2022-09-18,8.7,historical,IMD Historical & Gridded Data
Kottayam,2022-09-18,0.0,historical,IMD Historical & Gridded Data
Alappuzha,2022-09-19,57.0,historical,IMD Historical & Gridded Data
Kottayam,2022-09-19,0.0,historical,IMD Historical & Gridded Data
Alappuzha,2022-09-20,79.7,historical,IMD Historical & Gridded Data
Kottayam,2022-09-20,27.2,historical,IMD Historical & Gridded Data
Alappuzha,2022-09-21,0.0,historical,IMD Historical & Gridded Data
Kottayam,2022-09-21,0.0,historical,IMD Historical & Gridded Data
Alappuzha,2022-09-22,0.0,historical,IMD Historical & Gridded Data
Kottayam,2022-09-22,0.0,historical,IMD Historical & Gridded Data
Alappuzha,2022-09-23,9.3,historical,IMD Historical & Gridded Data
Kottayam,2022-09-23,19.0,historical,IMD Historical & Gridded Data
Alappuzha,2022-09-24,0.0,historical,IMD Historical & Gridded Data
Kottayam,2022-09-24,59.9,historical,IMD Historical & Gridded Data
Alappuzha,2022-09-25,0.0,historical,IMD Historical & Gridded Data
Kottayam,2022-09-25,16.3,historical,IMD Historical & Gridded Data
Alappuzha,2022-09-26,31.7,historical,IMD Historical & Gridded Data
Kottayam,2022-09-26,0.0,historical,IMD Historical & Gridded Data
Alappuzha,2022-09-27,19.4,historical,IMD Historical & Gridded Data
Kottayam,2022-09-27,0.0,historical,IMD Historical & Gridded Data
Alappuzha,2022-09-28,1.6,historical,IMD Historical & Gridded Data
Kottayam,2022-09-28,0.0,historical,IMD Historical & Gridded Data
Alappuzha,2022-09-29,11.2,historical,IMD Historical & Gridded Data
Kottayam,2022-09-29,32.5,historical,IMD Historical & Gridded Data
Alappuzha,2022-09-30,15.8,historical,IMD Historical & Gridded Data
Kottayam,2022-09-30,0.0,historical,IMD Historical & Gridded Data
Alappuzha,2022-10-01,8.4,historical,IMD Historical & Gridded Data
Kottayam,2022-10-01,0.9,historical,IMD Historical & Gridded Data
Alappuzha,2022-10-02,1.8,historical,IMD Historical & Gridded Data
Kottayam,2022-10-02,2.5,historical,IMD Historical & Gridded Data
Alappuzha,2022-10-03,27.9,historical,IMD Historical & Gridded Data
Kottayam,2022-10-03,0.0,historical,IMD Historical & Gridded Data
Alappuzha,2022-10-04,0.0,historical,IMD Historical & Gridded Data
Kottayam,2022-10-04,58.7,historical,IMD Historical & Gridded Data
Alappuzha,2022-10-05,6.5,historical,IMD Historical & Gridded Data
Kottayam,2022-10-05,0.0,historical,IMD Historical & Gridded Data
Alappuzha,2022-10-06,0.0,historical,IMD Historical & Gridded Data
Kottayam,2022-10-06,14.7,historical,IMD Historical & Gridded Data
Alappuzha,2022-10-07,0.0,historical,IMD Historical & Gridded Data
Kottayam,2022-10-07,5.1,historical,IMD Historical & Gridded Data
Alappuzha,2022-10-08,12.1,historical,IMD Historical & Gridded Data
Kottayam,2022-10-08,6.3,historical,IMD Historical & Gridded Data
Alappuzha,2022-10-09,0.0,historical,IMD Historical & Gridded Data
Kottayam,2022-10-09,35.3,historical,IMD Historical & Gridded Data
Alappuzha,2022-10-10,12.3,historical,IMD Historical & Gridded Data
Kottayam,2022-10-10,0.0,historical,IMD Historical & Gridded Data
Alappuzha,2022-10-11,9.5,historical,IMD Historical & Gridded Data
Kottayam,2022-10-11,22.9,historical,IMD Historical & Gridded Data
Alappuzha,2022-10-12,15.9,historical,IMD Historical & Gridded Data
Kottayam,2022-10-12,27.6,historical,IMD Historical & Gridded Data
Alappuzha,2022-10-13,2.7,historical,IMD Historical & Gridded Data
Kottayam,2022-10-13,33.7,historical,IMD Historical & Gridded Data
Alappuzha,2022-10-14,0.0,historical,IMD Historical & Gridded Data
Kottayam,2022-10-14,0.0,historical,IMD Historical & Gridded Data
Alappuzha,2022-10-15,43.2,historical,IMD Historical & Gridded Data
Kottayam,2022-10-15,10.3,historical,IMD Historical & Gridded Data
Alappuzha,2022-10-16,0.0,historical,IMD Historical & Gridded Data
Kottayam,2022-10-16,2.0,historical,IMD Historical & Gridded Data
Alappuzha,2022-10-17,0.0,historical,IMD Historical & Gridded Data
Kottayam,2022-10-17,47.900000000000006,historical,IMD Historical & Gridded Data
Alappuzha,2022-10-18,14.9,historical,IMD Historical & Gridded Data
Kottayam,2022-10-18,9.9,historical,IMD Historical & Gridded Data
Alappuzha,2022-10-19,11.5,historical,IMD Historical & Gridded Data
Kottayam,2022-10-19,22.1,historical,IMD Historical & Gridded Data
Alappuzha,2022-10-20,16.9,historical,IMD Historical & Gridded Data
Kottayam,2022-10-20,36.7,historical,IMD Historical & Gridded Data
Alappuzha,2022-10-21,0.0,historical,IMD Historical & Gridded Data
Kottayam,2022-10-21,12.1,historical,IMD Historical & Gridded Data
Alappuzha,2022-10-22,65.6,historical,IMD Historical & Gridded Data
Kottayam,2022-10-22,41.8,historical,IMD Historical & Gridded Data
Alappuzha,2022-10-23,0.0,historical,IMD Historical & Gridded Data
Kottayam,2022-10-23,3.6,historical,IMD Historical & Gridded Data
Alappuzha,2022-10-24,18.7,historical,IMD Historical & Gridded Data
Kottayam,2022-10-24,2.9,historical,IMD Historical & Gridded Data
Alappuzha,2022-10-25,0.0,historical,IMD Historical & Gridded Data
Kottayam,2022-10-25,10.5,historical,IMD Historical & Gridded Data
Alappuzha,2022-10-26,16.6,historical,IMD Historical & Gridded Data
Kottayam,2022-10-26,0.0,historical,IMD Historical & Gridded Data
Alappuzha,2022-10-27,11.0,historical,IMD Historical & Gridded Data
Kottayam,2022-10-27,0.0,historical,IMD Historical & Gridded Data
Alappuzha,2022-10-28,0.0,historical,IMD Historical & Gridded Data
Kottayam,2022-10-28,7.1,historical,IMD Historical & Gridded Data
Alappuzha,2022-10-29,0.0,historical,IMD Historical & Gridded Data
Kottayam,2022-10-29,0.0,historical,IMD Historical & Gridded Data
Alappuzha,2022-10-30,19.4,historical,IMD Historical & Gridded Data
Kottayam,2022-10-30,15.6,historical,IMD Historical & Gridded Data
Alappuzha,2022-10-31,36.0,historical,IMD Historical & Gridded Data
Kottayam,2022-10-31,1.5,historical,IMD Historical & Gridded Data
Alappuzha,2022-11-01,5.3,historical,IMD Historical & Gridded Data
Kottayam,2022-11-01,3.0,historical,IMD Historical & Gridded Data
Alappuzha,2022-11-02,0.0,historical,IMD Historical & Gridded Data
Kottayam,2022-11-02,0.6,historical,IMD Historical & Gridded Data
Alappuzha,2022-11-03,0.0,historical,IMD Historical & Gridded Data
Kottayam,2022-11-03,6.9,historical,IMD Historical & Gridded Data
Alappuzha,2022-11-04,124.1,historical,IMD Historical & Gridded Data
Kottayam,2022-11-04,2.2,historical,IMD Historical & Gridded Data
Alappuzha,2022-11-05,20.8,historical,IMD Historical & Gridded Data
Kottayam,2022-11-05,2.5,historical,IMD Historical & Gridded Data
Alappuzha,2022-11-06,0.0,historical,IMD Historical & Gridded Data
Kottayam,2022-11-06,25.1,historical,IMD Historical & Gridded Data
Alappuzha,2022-11-07,49.0,historical,IMD Historical & Gridded Data
Kottayam,2022-11-07,37.9,historical,IMD Historical & Gridded Data
Alappuzha,2022-11-08,0.0,historical,IMD Historical & Gridded Data
Kottayam,2022-11-08,2.7,historical,IMD Historical & Gridded Data
Alappuzha,2022-11-09,24.5,historical,IMD Historical & Gridded Data
Kottayam,2022-11-09,0.0,historical,IMD Historical & Gridded Data
Alappuzha,2022-11-10,0.0,historical,IMD Historical & Gridded Data
Kottayam,2022-11-10,0.0,historical,IMD Historical & Gridded Data
Alappuzha,2022-11-11,30.9,historical,IMD Historical & Gridded Data
Kottayam,2022-11-11,36.8,historical,IMD Historical & Gridded Data
Alappuzha,2022-11-12,0.0,historical,IMD Historical & Gridded Data
Kottayam,2022-11-12,14.7,historical,IMD Historical & Gridded Data
Alappuzha,2022-11-13,0.0,historical,IMD Historical & Gridded Data
Kottayam,2022-11-13,16.9,historical,IMD Historical & Gridded Data
Alappuzha,2022-11-14,6.7,historical,IMD Historical & Gridded Data
Kottayam,2022-11-14,8.8,historical,IMD Historical & Gridded Data
Alappuzha,2022-11-15,27.7,historical,IMD Historical & Gridded Data
Kottayam,2022-11-15,1.1,historical,IMD Historical & Gridded Data
Alappuzha,2022-11-16,0.0,historical,IMD Historical & Gridded Data
Kottayam,2022-11-16,10.6,historical,IMD Historical & Gridded Data
Alappuzha,2022-11-17,1.0,historical,IMD Historical & Gridded Data
Kottayam,2022-11-17,0.0,historical,IMD Historical & Gridded Data
Alappuzha,2022-11-18,0.0,historical,IMD Historical & Gridded Data
Kottayam,2022-11-18,5.7,historical,IMD Historical & Gridded Data
Alappuzha,2022-11-19,0.0,historical,IMD Historical & Gridded Data
Kottayam,2022-11-19,0.0,historical,IMD Historical & Gridded Data
Alappuzha,2022-11-20,23.1,historical,IMD Historical & Gridded Data
Kottayam,2022-11-20,0.0,historical,IMD Historical & Gridded Data
Alappuzha,2022-11-21,53.199999999999996,historical,IMD Historical & Gridded Data
Kottayam,2022-11-21,27.4,historical,IMD Historical & Gridded Data
Alappuzha,2022-11-22,7.3,historical,IMD Historical & Gridded Data
Kottayam,2022-11-22,58.6,historical,IMD Historical & Gridded Data
Alappuzha,2022-11-23,10.2,historical,IMD Historical & Gridded Data
Kottayam,2022-11-23,15.6,historical,IMD Historical & Gridded Data
Alappuzha,2022-11-24,0.0,historical,IMD Historical & Gridded Data
Kottayam,2022-11-24,4.1,historical,IMD Historical & Gridded Data
Alappuzha,2022-11-25,0.0,historical,IMD Historical & Gridded Data
Kottayam,2022-11-25,0.0,historical,IMD Historical & Gridded Data
Alappuzha,2022-11-26,0.0,historical,IMD Historical & Gridded Data
Kottayam,2022-11-26,17.7,historical,IMD Historical & Gridded Data
Alappuzha,2022-11-27,7.6,historical,IMD Historical & Gridded Data
Kottayam,2022-11-27,19.7,historical,IMD Historical & Gridded Data
Alappuzha,2022-11-28,2.4,historical,IMD Historical & Gridded Data
Kottayam,2022-11-28,0.0,historical,IMD Historical & Gridded Data
Alappuzha,2022-11-29,38.4,historical,IMD Historical & Gridded Data
Kottayam,2022-11-29,11.0,historical,IMD Historical & Gridded Data
Alappuzha,2022-11-30,0.0,historical,IMD Historical & Gridded Data
Kottayam,2022-11-30,9.2,historical,IMD Historical & Gridded Data
Alappuzha,2022-12-01,0.0,historical,IMD Historical & Gridded Data
Kottayam,2022-12-01,0.0,historical,IMD Historical & Gridded Data
Alappuzha,2022-12-02,0.0,historical,IMD Historical & Gridded Data
Kottayam,2022-12-02,0.0,historical,IMD Historical & Gridded Data
Alappuzha,2022-12-03,0.0,historical,IMD Historical & Gridded Data
Kottayam,2022-12-03,0.0,historical,IMD Historical & Gridded Data
Alappuzha,2022-12-04,0.0,historical,IMD Historical & Gridded Data
Kottayam,2022-12-04,0.0,historical,IMD Historical & Gridded Data
Alappuzha,2022-12-05,0.0,historical,IMD Historical & Gridded Data
Kottayam,2022-12-05,0.0,historical,IMD Historical & Gridded Data
Alappuzha,2022-12-06,0.0,historical,IMD Historical & Gridded Data
Kottayam,2022-12-06,0.0,historical,IMD Historical & Gridded Data
Alappuzha,2022-12-07,0.0,historical,IMD Historical & Gridded Data
Kottayam,2022-12-07,0.0,historical,IMD Historical & Gridded Data
Alappuzha,2022-12-08,0.0,historical,IMD Historical & Gridded Data
Kottayam,2022-12-08,0.0,historical,IMD Historical & Gridded Data
Alappuzha,2022-12-09,0.0,historical,IMD Historical & Gridded Data
Kottayam,2022-12-09,0.0,historical,IMD Historical & Gridded Data
Alappuzha,2022-12-10,0.0,historical,IMD Historical & Gridded Data
Kottayam,2022-12-10,3.2,historical,IMD Historical & Gridded Data
Alappuzha,2022-12-11,0.0,historical,IMD Historical & Gridded Data
Kottayam,2022-12-11,0.0,historical,IMD Historical & Gridded Data
Alappuzha,2022-12-12,0.0,historical,IMD Historical & Gridded Data
Kottayam,2022-12-12,0.0,historical,IMD Historical & Gridded Data
Alappuzha,2022-12-13,0.0,historical,IMD Historical & Gridded Data
Kottayam,2022-12-13,0.0,historical,IMD Historical & Gridded Data
Alappuzha,2022-12-14,0.0,historical,IMD Historical & Gridded Data
Kottayam,2022-12-14,0.0,historical,IMD Historical & Gridded Data
Alappuzha,2022-12-15,0.0,historical,IMD Historical & Gridded Data
Kottayam,2022-12-15,0.0,historical,IMD Historical & Gridded Data
Alappuzha,2022-12-16,0.0,historical,IMD Historical & Gridded Data
Kottayam,2022-12-16,0.0,historical,IMD Historical & Gridded Data
Alappuzha,2022-12-17,0.0,historical,IMD Historical & Gridded Data
Kottayam,2022-12-17,0.0,historical,IMD Historical & Gridded Data
Alappuzha,2022-12-18,0.0,historical,IMD Historical & Gridded Data
Kottayam,2022-12-18,0.0,historical,IMD Historical & Gridded Data
Alappuzha,2022-12-19,0.0,historical,IMD Historical & Gridded Data
Kottayam,2022-12-19,0.0,historical,IMD Historical & Gridded Data
Alappuzha,2022-12-20,0.0,historical,IMD Historical & Gridded Data
Kottayam,2022-12-20,0.0,historical,IMD Historical & Gridded Data
Alappuzha,2022-12-21,0.0,historical,IMD Historical & Gridded Data
Kottayam,2022-12-21,0.0,historical,IMD Historical & Gridded Data
Alappuzha,2022-12-22,0.0,historical,IMD Historical & Gridded Data
Kottayam,2022-12-22,0.0,historical,IMD Historical & Gridded Data
Alappuzha,2022-12-23,0.0,historical,IMD Historical & Gridded Data
Kottayam,2022-12-23,0.0,historical,IMD Historical & Gridded Data
Alappuzha,2022-12-24,0.0,historical,IMD Historical & Gridded Data
Kottayam,2022-12-24,0.0,historical,IMD Historical & Gridded Data
Alappuzha,2022-12-25,0.0,historical,IMD Historical & Gridded Data
Kottayam,2022-12-25,0.0,historical,IMD Historical & Gridded Data
Alappuzha,2022-12-26,0.0,historical,IMD Historical & Gridded Data
Kottayam,2022-12-26,0.0,historical,IMD Historical & Gridded Data
Alappuzha,2022-12-27,0.0,historical,IMD Historical & Gridded Data
Kottayam,2022-12-27,0.0,historical,IMD Historical & Gridded Data
Alappuzha,2022-12-28,0.0,historical,IMD Historical & Gridded Data
Kottayam,2022-12-28,0.0,historical,IMD Historical & Gridded Data
Alappuzha,2022-12-29,0.0,historical,IMD Historical & Gridded Data
Kottayam,2022-12-29,0.0,historical,IMD Historical & Gridded Data
Alappuzha,2022-12-30,0.0,historical,IMD Historical & Gridded Data
Kottayam,2022-12-30,0.0,historical,IMD Historical & Gridded Data
Alappuzha,2022-12-31,0.0,historical,IMD Historical & Gridded Data
Kottayam,2022-12-31,0.0,historical,IMD Historical & Gridded Data
Alappuzha,2023-01-01,0.0,historical,IMD Historical & Gridded Data
Kottayam,2023-01-01,0.0,historical,IMD Historical & Gridded Data
Alappuzha,2023-01-02,0.0,historical,IMD Historical & Gridded Data
Kottayam,2023-01-02,0.0,historical,IMD Historical & Gridded Data
Alappuzha,2023-01-03,0.0,historical,IMD Historical & Gridded Data
Kottayam,2023-01-03,0.0,historical,IMD Historical & Gridded Data
Alappuzha,2023-01-04,5.5,historical,IMD Historical & Gridded Data
Kottayam,2023-01-04,0.0,historical,IMD Historical & Gridded Data
Alappuzha,2023-01-05,0.0,historical,IMD Historical & Gridded Data
Kottayam,2023-01-05,0.0,historical,IMD Historical & Gridded Data
Alappuzha,2023-01-06,0.9,historical,IMD Historical & Gridded Data
Kottayam,2023-01-06,0.0,historical,IMD Historical & Gridded Data
Alappuzha,2023-01-07,0.0,historical,IMD Historical & Gridded Data
Kottayam,2023-01-07,0.0,historical,IMD Historical & Gridded Data
Alappuzha,2023-01-08,0.0,historical,IMD Historical & Gridded Data
Kottayam,2023-01-08,0.0,historical,IMD Historical & Gridded Data
Alappuzha,2023-01-09,0.0,historical,IMD Historical & Gridded Data
Kottayam,2023-01-09,0.0,historical,IMD Historical & Gridded Data
Alappuzha,2023-01-10,0.0,historical,IMD Historical & Gridded Data
Kottayam,2023-01-10,0.0,historical,IMD Historical & Gridded Data
Alappuzha,2023-01-11,0.0,historical,IMD Historical & Gridded Data
Kottayam,2023-01-11,0.0,historical,IMD Historical & Gridded Data
Alappuzha,2023-01-12,0.0,historical,IMD Historical & Gridded Data
Kottayam,2023-01-12,0.0,historical,IMD Historical & Gridded Data
Alappuzha,2023-01-13,0.0,historical,IMD Historical & Gridded Data
Kottayam,2023-01-13,0.5,historical,IMD Historical & Gridded Data
Alappuzha,2023-01-14,0.0,historical,IMD Historical & Gridded Data
Kottayam,2023-01-14,0.0,historical,IMD Historical & Gridded Data
Alappuzha,2023-01-15,0.0,historical,IMD Historical & Gridded Data
Kottayam,2023-01-15,0.0,historical,IMD Historical & Gridded Data
Alappuzha,2023-01-16,0.0,historical,IMD Historical & Gridded Data
Kottayam,2023-01-16,0.0,historical,IMD Historical & Gridded Data
Alappuzha,2023-01-17,0.0,historical,IMD Historical & Gridded Data
Kottayam,2023-01-17,7.0,historical,IMD Historical & Gridded Data
Alappuzha,2023-01-18,0.0,historical,IMD Historical & Gridded Data
Kottayam,2023-01-18,0.0,historical,IMD Historical & Gridded Data
Alappuzha,2023-01-19,0.0,historical,IMD Historical & Gridded Data
Kottayam,2023-01-19,0.0,historical,IMD Historical & Gridded Data
Alappuzha,2023-01-20,0.0,historical,IMD Historical & Gridded Data
Kottayam,2023-01-20,0.1,historical,IMD Historical & Gridded Data
Alappuzha,2023-01-21,0.0,historical,IMD Historical & Gridded Data
Kottayam,2023-01-21,0.0,historical,IMD Historical & Gridded Data
Alappuzha,2023-01-22,9.4,historical,IMD Historical & Gridded Data
Kottayam,2023-01-22,0.0,historical,IMD Historical & Gridded Data
Alappuzha,2023-01-23,0.0,historical,IMD Historical & Gridded Data
Kottayam,2023-01-23,0.0,historical,IMD Historical & Gridded Data
Alappuzha,2023-01-24,0.0,historical,IMD Historical & Gridded Data
Kottayam,2023-01-24,0.0,historical,IMD Historical & Gridded Data
Alappuzha,2023-01-25,0.0,historical,IMD Historical & Gridded Data
Kottayam,2023-01-25,0.0,historical,IMD Historical & Gridded Data
Alappuzha,2023-01-26,0.0,historical,IMD Historical & Gridded Data
Kottayam,2023-01-26,0.0,historical,IMD Historical & Gridded Data
Alappuzha,2023-01-27,0.0,historical,IMD Historical & Gridded Data
Kottayam,2023-01-27,0.0,historical,IMD Historical & Gridded Data
Alappuzha,2023-01-28,0.0,historical,IMD Historical & Gridded Data
Kottayam,2023-01-28,0.3,historical,IMD Historical & Gridded Data
Alappuzha,2023-01-29,0.0,historical,IMD Historical & Gridded Data
Kottayam,2023-01-29,0.0,historical,IMD Historical & Gridded Data
Alappuzha,2023-01-30,0.0,historical,IMD Historical & Gridded Data
Kottayam,2023-01-30,0.0,historical,IMD Historical & Gridded Data
Alappuzha,2023-01-31,0.0,historical,IMD Historical & Gridded Data
Kottayam,2023-01-31,0.0,historical,IMD Historical & Gridded Data
Alappuzha,2023-02-01,0.0,historical,IMD Historical & Gridded Data
Kottayam,2023-02-01,0.0,historical,IMD Historical & Gridded Data
Alappuzha,2023-02-02,0.0,historical,IMD Historical & Gridded Data
Kottayam,2023-02-02,0.0,historical,IMD Historical & Gridded Data
Alappuzha,2023-02-03,3.9,historical,IMD Historical & Gridded Data
Kottayam,2023-02-03,0.0,historical,IMD Historical & Gridded Data
Alappuzha,2023-02-04,0.0,historical,IMD Historical & Gridded Data
Kottayam,2023-02-04,0.0,historical,IMD Historical & Gridded Data
Alappuzha,2023-02-05,0.0,historical,IMD Historical & Gridded Data
Kottayam,2023-02-05,0.0,historical,IMD Historical & Gridded Data
Alappuzha,2023-02-06,0.0,historical,IMD Historical & Gridded Data
Kottayam,2023-02-06,0.0,historical,IMD Historical & Gridded Data
Alappuzha,2023-02-07,0.0,historical,IMD Historical & Gridded Data
Kottayam,2023-02-07,0.0,historical,IMD Historical & Gridded Data
Alappuzha,2023-02-08,0.0,historical,IMD Historical & Gridded Data
Kottayam,2023-02-08,0.0,historical,IMD Historical & Gridded Data
Alappuzha,2023-02-09,0.0,historical,IMD Historical & Gridded Data
Kottayam,2023-02-09,0.0,historical,IMD Historical & Gridded Data
Alappuzha,2023-02-10,0.0,historical,IMD Historical & Gridded Data
Kottayam,2023-02-10,0.0,historical,IMD Historical & Gridded Data
Alappuzha,2023-02-11,0.0,historical,IMD Historical & Gridded Data
Kottayam,2023-02-11,0.0,historical,IMD Historical & Gridded Data
Alappuzha,2023-02-12,0.0,historical,IMD Historical & Gridded Data
Kottayam,2023-02-12,0.0,historical,IMD Historical & Gridded Data
Alappuzha,2023-02-13,0.0,historical,IMD Historical & Gridded Data
Kottayam,2023-02-13,0.0,historical,IMD Historical & Gridded Data
Alappuzha,2023-02-14,0.0,historical,IMD Historical & Gridded Data
Kottayam,2023-02-14,0.0,historical,IMD Historical & Gridded Data
Alappuzha,2023-02-15,1.9,historical,IMD Historical & Gridded Data
Kottayam,2023-02-15,0.9,historical,IMD Historical & Gridded Data
Alappuzha,2023-02-16,0.0,historical,IMD Historical & Gridded Data
Kottayam,2023-02-16,0.0,historical,IMD Historical & Gridded Data
Alappuzha,2023-02-17,6.3,historical,IMD Historical & Gridded Data
Kottayam,2023-02-17,0.0,historical,IMD Historical & Gridded Data
Alappuzha,2023-02-18,0.0,historical,IMD Historical & Gridded Data
Kottayam,2023-02-18,0.0,historical,IMD Historical & Gridded Data
Alappuzha,2023-02-19,0.0,historical,IMD Historical & Gridded Data
Kottayam,2023-02-19,0.0,historical,IMD Historical & Gridded Data
Alappuzha,2023-02-20,0.0,historical,IMD Historical & Gridded Data
Kottayam,2023-02-20,0.0,historical,IMD Historical & Gridded Data
Alappuzha,2023-02-21,0.0,historical,IMD Historical & Gridded Data
Kottayam,2023-02-21,0.0,historical,IMD Historical & Gridded Data
Alappuzha,2023-02-22,0.0,historical,IMD Historical & Gridded Data
Kottayam,2023-02-22,4.6,historical,IMD Historical & Gridded Data
Alappuzha,2023-02-23,0.0,historical,IMD Historical & Gridded Data
Kottayam,2023-02-23,0.0,historical,IMD Historical & Gridded Data
Alappuzha,2023-02-24,0.0,historical,IMD Historical & Gridded Data
Kottayam,2023-02-24,0.0,historical,IMD Historical & Gridded Data
Alappuzha,2023-02-25,0.0,historical,IMD Historical & Gridded Data
Kottayam,2023-02-25,0.0,historical,IMD Historical & Gridded Data
Alappuzha,2023-02-26,0.0,historical,IMD Historical & Gridded Data
Kottayam,2023-02-26,0.0,historical,IMD Historical & Gridded Data
Alappuzha,2023-02-27,0.0,historical,IMD Historical & Gridded Data
Kottayam,2023-02-27,0.0,historical,IMD Historical & Gridded Data
Alappuzha,2023-02-28,0.0,historical,IMD Historical & Gridded Data
Kottayam,2023-02-28,0.0,historical,IMD Historical & Gridded Data
Alappuzha,2023-03-01,0.0,historical,IMD Historical & Gridded Data
Kottayam,2023-03-01,0.0,historical,IMD Historical & Gridded Data
Alappuzha,2023-03-02,3.2,historical,IMD Historical & Gridded Data
Kottayam,2023-03-02,0.0,historical,IMD Historical & Gridded Data
Alappuzha,2023-03-03,0.0,historical,IMD Historical & Gridded Data
Kottayam,2023-03-03,4.4,historical,IMD Historical & Gridded Data
Alappuzha,2023-03-04,0.0,historical,IMD Historical & Gridded Data
Kottayam,2023-03-04,0.0,historical,IMD Historical & Gridded Data
Alappuzha,2023-03-05,0.0,historical,IMD Historical & Gridded Data
Kottayam,2023-03-05,3.3,historical,IMD Historical & Gridded Data
Alappuzha,2023-03-06,41.400000000000006,historical,IMD Historical & Gridded Data
Kottayam,2023-03-06,0.0,historical,IMD Historical & Gridded Data
Alappuzha,2023-03-07,4.2,historical,IMD Historical & Gridded Data
Kottayam,2023-03-07,2.2,historical,IMD Historical & Gridded Data
Alappuzha,2023-03-08,0.0,historical,IMD Historical & Gridded Data
Kottayam,2023-03-08,0.0,historical,IMD Historical & Gridded Data
Alappuzha,2023-03-09,0.0,historical,IMD Historical & Gridded Data
Kottayam,2023-03-09,0.0,historical,IMD Historical & Gridded Data
Alappuzha,2023-03-10,0.0,historical,IMD Historical & Gridded Data
Kottayam,2023-03-10,10.9,historical,IMD Historical & Gridded Data
Alappuzha,2023-03-11,0.0,historical,IMD Historical & Gridded Data
Kottayam,2023-03-11,12.3,historical,IMD Historical & Gridded Data
Alappuzha,2023-03-12,0.0,historical,IMD Historical & Gridded Data
Kottayam,2023-03-12,0.0,historical,IMD Historical & Gridded Data
Alappuzha,2023-03-13,0.4,historical,IMD Historical & Gridded Data
Kottayam,2023-03-13,0.0,historical,IMD Historical & Gridded Data
Alappuzha,2023-03-14,15.5,historical,IMD Historical & Gridded Data
Kottayam,2023-03-14,0.0,historical,IMD Historical & Gridded Data
Alappuzha,2023-03-15,0.0,historical,IMD Historical & Gridded Data
Kottayam,2023-03-15,0.0,historical,IMD Historical & Gridded Data
Alappuzha,2023-03-16,0.0,historical,IMD Historical & Gridded Data
Kottayam,2023-03-16,0.0,historical,IMD Historical & Gridded Data
Alappuzha,2023-03-17,0.0,historical,IMD Historical & Gridded Data
Kottayam,2023-03-17,0.0,historical,IMD Historical & Gridded Data
Alappuzha,2023-03-18,5.3,historical,IMD Historical & Gridded Data
Kottayam,2023-03-18,0.0,historical,IMD Historical & Gridded Data
Alappuzha,2023-03-19,9.5,historical,IMD Historical & Gridded Data
Kottayam,2023-03-19,24.9,historical,IMD Historical & Gridded Data
Alappuzha,2023-03-20,2.9,historical,IMD Historical & Gridded Data
Kottayam,2023-03-20,0.0,historical,IMD Historical & Gridded Data
Alappuzha,2023-03-21,0.0,historical,IMD Historical & Gridded Data
Kottayam,2023-03-21,0.0,historical,IMD Historical & Gridded Data
Alappuzha,2023-03-22,2.9,historical,IMD Historical & Gridded Data
Kottayam,2023-03-22,0.0,historical,IMD Historical & Gridded Data
Alappuzha,2023-03-23,0.0,historical,IMD Historical & Gridded Data
Kottayam,2023-03-23,0.0,historical,IMD Historical & Gridded Data
Alappuzha,2023-03-24,0.0,historical,IMD Historical & Gridded Data
Kottayam,2023-03-24,0.0,historical,IMD Historical & Gridded Data
Alappuzha,2023-03-25,22.9,historical,IMD Historical & Gridded Data
Kottayam,2023-03-25,0.0,historical,IMD Historical & Gridded Data
Alappuzha,2023-03-26,0.0,historical,IMD Historical & Gridded Data
Kottayam,2023-03-26,0.0,historical,IMD Historical & Gridded Data
Alappuzha,2023-03-27,0.0,historical,IMD Historical & Gridded Data
Kottayam,2023-03-27,16.7,historical,IMD Historical & Gridded Data
Alappuzha,2023-03-28,0.0,historical,IMD Historical & Gridded Data
Kottayam,2023-03-28,0.0,historical,IMD Historical & Gridded Data
Alappuzha,2023-03-29,8.0,historical,IMD Historical & Gridded Data
Kottayam,2023-03-29,0.0,historical,IMD Historical & Gridded Data
Alappuzha,2023-03-30,0.0,historical,IMD Historical & Gridded Data
Kottayam,2023-03-30,0.0,historical,IMD Historical & Gridded Data
Alappuzha,2023-03-31,0.0,historical,IMD Historical & Gridded Data
Kottayam,2023-03-31,0.0,historical,IMD Historical & Gridded Data
Alappuzha,2023-04-01,17.5,historical,IMD Historical & Gridded Data
Kottayam,2023-04-01,0.0,historical,IMD Historical & Gridded Data
Alappuzha,2023-04-02,23.4,historical,IMD Historical & Gridded Data
Kottayam,2023-04-02,0.0,historical,IMD Historical & Gridded Data
Alappuzha,2023-04-03,4.0,historical,IMD Historical & Gridded Data
Kottayam,2023-04-03,0.0,historical,IMD Historical & Gridded Data
Alappuzha,2023-04-04,1.1,historical,IMD Historical & Gridded Data
Kottayam,2023-04-04,33.8,historical,IMD Historical & Gridded Data
Alappuzha,2023-04-05,0.0,historical,IMD Historical & Gridded Data
Kottayam,2023-04-05,0.0,historical,IMD Historical & Gridded Data
Alappuzha,2023-04-06,0.0,historical,IMD Historical & Gridded Data
Kottayam,2023-04-06,6.0,historical,IMD Historical & Gridded Data
Alappuzha,2023-04-07,0.0,historical,IMD Historical & Gridded Data
Kottayam,2023-04-07,0.0,historical,IMD Historical & Gridded Data
Alappuzha,2023-04-08,0.8,historical,IMD Historical & Gridded Data
Kottayam,2023-04-08,58.2,historical,IMD Historical & Gridded Data
Alappuzha,2023-04-09,0.0,historical,IMD Historical & Gridded Data
Kottayam,2023-04-09,0.5,historical,IMD Historical & Gridded Data
Alappuzha,2023-04-10,0.0,historical,IMD Historical & Gridded Data
Kottayam,2023-04-10,0.0,historical,IMD Historical & Gridded Data
Alappuzha,2023-04-11,4.0,historical,IMD Historical & Gridded Data
Kottayam,2023-04-11,0.0,historical,IMD Historical & Gridded Data
Alappuzha,2023-04-12,0.0,historical,IMD Historical & Gridded Data
Kottayam,2023-04-12,0.0,historical,IMD Historical & Gridded Data
Alappuzha,2023-04-13,0.0,historical,IMD Historical & Gridded Data
Kottayam,2023-04-13,0.0,historical,IMD Historical & Gridded Data
Alappuzha,2023-04-14,1.5,historical,IMD Historical & Gridded Data
Kottayam,2023-04-14,0.0,historical,IMD Historical & Gridded Data
Alappuzha,2023-04-15,4.1,historical,IMD Historical & Gridded Data
Kottayam,2023-04-15,0.0,historical,IMD Historical & Gridded Data
Alappuzha,2023-04-16,0.0,historical,IMD Historical & Gridded Data
Kottayam,2023-04-16,0.0,historical,IMD Historical & Gridded Data
Alappuzha,2023-04-17,0.0,historical,IMD Historical & Gridded Data
Kottayam,2023-04-17,0.0,historical,IMD Historical & Gridded Data
Alappuzha,2023-04-18,0.0,historical,IMD Historical & Gridded Data
Kottayam,2023-04-18,0.0,historical,IMD Historical & Gridded Data
Alappuzha,2023-04-19,1.1,historical,IMD Historical & Gridded Data
Kottayam,2023-04-19,0.0,historical,IMD Historical & Gridded Data
Alappuzha,2023-04-20,0.0,historical,IMD Historical & Gridded Data
Kottayam,2023-04-20,0.0,historical,IMD Historical & Gridded Data
Alappuzha,2023-04-21,0.0,historical,IMD Historical & Gridded Data
Kottayam,2023-04-21,34.8,historical,IMD Historical & Gridded Data
Alappuzha,2023-04-22,0.0,historical,IMD Historical & Gridded Data
Kottayam,2023-04-22,61.2,historical,IMD Historical & Gridded Data
Alappuzha,2023-04-23,0.0,historical,IMD Historical & Gridded Data
Kottayam,2023-04-23,0.0,historical,IMD Historical & Gridded Data
Alappuzha,2023-04-24,0.0,historical,IMD Historical & Gridded Data
Kottayam,2023-04-24,0.0,historical,IMD Historical & Gridded Data
Alappuzha,2023-04-25,0.0,historical,IMD Historical & Gridded Data
Kottayam,2023-04-25,0.0,historical,IMD Historical & Gridded Data
Alappuzha,2023-04-26,0.0,historical,IMD Historical & Gridded Data
Kottayam,2023-04-26,0.0,historical,IMD Historical & Gridded Data
Alappuzha,2023-04-27,0.0,historical,IMD Historical & Gridded Data
Kottayam,2023-04-27,0.0,historical,IMD Historical & Gridded Data
Alappuzha,2023-04-28,1.7,historical,IMD Historical & Gridded Data
Kottayam,2023-04-28,0.0,historical,IMD Historical & Gridded Data
Alappuzha,2023-04-29,0.0,historical,IMD Historical & Gridded Data
Kottayam,2023-04-29,0.0,historical,IMD Historical & Gridded Data
Alappuzha,2023-04-30,0.0,historical,IMD Historical & Gridded Data
Kottayam,2023-04-30,0.0,historical,IMD Historical & Gridded Data
Alappuzha,2023-05-01,0.0,historical,IMD Historical & Gridded Data
Kottayam,2023-05-01,7.8,historical,IMD Historical & Gridded Data
Alappuzha,2023-05-02,0.0,historical,IMD Historical & Gridded Data
Kottayam,2023-05-02,0.0,historical,IMD Historical & Gridded Data
Alappuzha,2023-05-03,0.0,historical,IMD Historical & Gridded Data
Kottayam,2023-05-03,0.0,historical,IMD Historical & Gridded Data
Alappuzha,2023-05-04,0.0,historical,IMD Historical & Gridded Data
Kottayam,2023-05-04,0.0,historical,IMD Historical & Gridded Data
Alappuzha,2023-05-05,6.7,historical,IMD Historical & Gridded Data
Kottayam,2023-05-05,0.0,historical,IMD Historical & Gridded Data
Alappuzha,2023-05-06,0.0,historical,IMD Historical & Gridded Data
Kottayam,2023-05-06,0.0,historical,IMD Historical & Gridded Data
Alappuzha,2023-05-07,0.0,historical,IMD Historical & Gridded Data
Kottayam,2023-05-07,6.9,historical,IMD Historical & Gridded Data
Alappuzha,2023-05-08,0.0,historical,IMD Historical & Gridded Data
Kottayam,2023-05-08,0.0,historical,IMD Historical & Gridded Data
Alappuzha,2023-05-09,0.0,historical,IMD Historical & Gridded Data
Kottayam,2023-05-09,0.0,historical,IMD Historical & Gridded Data
Alappuzha,2023-05-10,0.0,historical,IMD Historical & Gridded Data
Kottayam,2023-05-10,0.0,historical,IMD Historical & Gridded Data
Alappuzha,2023-05-11,0.0,historical,IMD Historical & Gridded Data
Kottayam,2023-05-11,0.0,historical,IMD Historical & Gridded Data
Alappuzha,2023-05-12,0.8,historical,IMD Historical & Gridded Data
Kottayam,2023-05-12,0.0,historical,IMD Historical & Gridded Data
Alappuzha,2023-05-13,1.1,historical,IMD Historical & Gridded Data
Kottayam,2023-05-13,15.2,historical,IMD Historical & Gridded Data
Alappuzha,2023-05-14,0.0,historical,IMD Historical & Gridded Data
Kottayam,2023-05-14,0.0,historical,IMD Historical & Gridded Data
Alappuzha,2023-05-15,0.0,historical,IMD Historical & Gridded Data
Kottayam,2023-05-15,11.7,historical,IMD Historical & Gridded Data
Alappuzha,2023-05-16,8.6,historical,IMD Historical & Gridded Data
Kottayam,2023-05-16,0.0,historical,IMD Historical & Gridded Data
Alappuzha,2023-05-17,0.0,historical,IMD Historical & Gridded Data
Kottayam,2023-05-17,0.0,historical,IMD Historical & Gridded Data
Alappuzha,2023-05-18,0.0,historical,IMD Historical & Gridded Data
Kottayam,2023-05-18,0.0,historical,IMD Historical & Gridded Data
Alappuzha,2023-05-19,2.1,historical,IMD Historical & Gridded Data
Kottayam,2023-05-19,3.9,historical,IMD Historical & Gridded Data
Alappuzha,2023-05-20,0.0,historical,IMD Historical & Gridded Data
Kottayam,2023-05-20,0.0,historical,IMD Historical & Gridded Data
Alappuzha,2023-05-21,0.0,historical,IMD Historical & Gridded Data
Kottayam,2023-05-21,0.0,historical,IMD Historical & Gridded Data
Alappuzha,2023-05-22,0.0,historical,IMD Historical & Gridded Data
Kottayam,2023-05-22,0.0,historical,IMD Historical & Gridded Data
Alappuzha,2023-05-23,0.5,historical,IMD Historical & Gridded Data
Kottayam,2023-05-23,0.0,historical,IMD Historical & Gridded Data
Alappuzha,2023-05-24,0.0,historical,IMD Historical & Gridded Data
Kottayam,2023-05-24,21.5,historical,IMD Historical & Gridded Data
Alappuzha,2023-05-25,0.0,historical,IMD Historical & Gridded Data
Kottayam,2023-05-25,0.0,historical,IMD Historical & Gridded Data
Alappuzha,2023-05-26,1.8,historical,IMD Historical & Gridded Data
Kottayam,2023-05-26,0.0,historical,IMD Historical & Gridded Data
Alappuzha,2023-05-27,0.0,historical,IMD Historical & Gridded Data
Kottayam,2023-05-27,0.0,historical,IMD Historical & Gridded Data
Alappuzha,2023-05-28,0.0,historical,IMD Historical & Gridded Data
Kottayam,2023-05-28,0.0,historical,IMD Historical & Gridded Data
Alappuzha,2023-05-29,0.0,historical,IMD Historical & Gridded Data
Kottayam,2023-05-29,0.0,historical,IMD Historical & Gridded Data
Alappuzha,2023-05-30,0.0,historical,IMD Historical & Gridded Data
Kottayam,2023-05-30,57.4,historical,IMD Historical & Gridded Data
Alappuzha,2023-05-31,0.0,historical,IMD Historical & Gridded Data
Kottayam,2023-05-31,0.0,historical,IMD Historical & Gridded Data
Alappuzha,2023-06-01,28.3,historical,IMD Historical & Gridded Data
Kottayam,2023-06-01,0.0,historical,IMD Historical & Gridded Data
Alappuzha,2023-06-02,27.5,historical,IMD Historical & Gridded Data
Kottayam,2023-06-02,17.6,historical,IMD Historical & Gridded Data
Alappuzha,2023-06-03,0.0,historical,IMD Historical & Gridded Data
Kottayam,2023-06-03,42.1,historical,IMD Historical & Gridded Data
Alappuzha,2023-06-04,113.8,historical,IMD Historical & Gridded Data
Kottayam,2023-06-04,0.0,historical,IMD Historical & Gridded Data
Alappuzha,2023-06-05,352.0,historical,IMD Historical & Gridded Data
Kottayam,2023-06-05,32.8,historical,IMD Historical & Gridded Data
Alappuzha,2023-06-06,80.7,historical,IMD Historical & Gridded Data
Kottayam,2023-06-06,0.0,historical,IMD Historical & Gridded Data
Alappuzha,2023-06-07,22.5,historical,IMD Historical & Gridded Data
Kottayam,2023-06-07,34.6,historical,IMD Historical & Gridded Data
Alappuzha,2023-06-08,79.6,historical,IMD Historical & Gridded Data
Kottayam,2023-06-08,21.8,historical,IMD Historical & Gridded Data
Alappuzha,2023-06-09,18.0,historical,IMD Historical & Gridded Data
Kottayam,2023-06-09,3.3,historical,IMD Historical & Gridded Data
Alappuzha,2023-06-10,55.1,historical,IMD Historical & Gridded Data
Kottayam,2023-06-10,5.2,historical,IMD Historical & Gridded Data
Alappuzha,2023-06-11,26.8,historical,IMD Historical & Gridded Data
Kottayam,2023-06-11,62.4,historical,IMD Historical & Gridded Data
Alappuzha,2023-06-12,15.8,historical,IMD Historical & Gridded Data
Kottayam,2023-06-12,1.1,historical,IMD Historical & Gridded Data
Alappuzha,2023-06-13,0.0,historical,IMD Historical & Gridded Data
Kottayam,2023-06-13,47.7,historical,IMD Historical & Gridded Data
Alappuzha,2023-06-14,67.0,historical,IMD Historical & Gridded Data
Kottayam,2023-06-14,97.0,historical,IMD Historical & Gridded Data
Alappuzha,2023-06-15,11.6,historical,IMD Historical & Gridded Data
Kottayam,2023-06-15,33.0,historical,IMD Historical & Gridded Data
Alappuzha,2023-06-16,0.0,historical,IMD Historical & Gridded Data
Kottayam,2023-06-16,0.9,historical,IMD Historical & Gridded Data
Alappuzha,2023-06-17,27.0,historical,IMD Historical & Gridded Data
Kottayam,2023-06-17,6.1,historical,IMD Historical & Gridded Data
Alappuzha,2023-06-18,0.0,historical,IMD Historical & Gridded Data
Kottayam,2023-06-18,36.7,historical,IMD Historical & Gridded Data
Alappuzha,2023-06-19,0.0,historical,IMD Historical & Gridded Data
Kottayam,2023-06-19,0.0,historical,IMD Historical & Gridded Data
Alappuzha,2023-06-20,1.4,historical,IMD Historical & Gridded Data
Kottayam,2023-06-20,34.7,historical,IMD Historical & Gridded Data
Alappuzha,2023-06-21,1.4,historical,IMD Historical & Gridded Data
Kottayam,2023-06-21,3.4,historical,IMD Historical & Gridded Data
Alappuzha,2023-06-22,16.8,historical,IMD Historical & Gridded Data
Kottayam,2023-06-22,47.1,historical,IMD Historical & Gridded Data
Alappuzha,2023-06-23,0.0,historical,IMD Historical & Gridded Data
Kottayam,2023-06-23,17.2,historical,IMD Historical & Gridded Data
Alappuzha,2023-06-24,28.5,historical,IMD Historical & Gridded Data
Kottayam,2023-06-24,49.3,historical,IMD Historical & Gridded Data
Alappuzha,2023-06-25,9.7,historical,IMD Historical & Gridded Data
Kottayam,2023-06-25,13.2,historical,IMD Historical & Gridded Data
Alappuzha,2023-06-26,32.6,historical,IMD Historical & Gridded Data
Kottayam,2023-06-26,72.9,historical,IMD Historical & Gridded Data
Alappuzha,2023-06-27,11.1,historical,IMD Historical & Gridded Data
Kottayam,2023-06-27,5.0,historical,IMD Historical & Gridded Data
Alappuzha,2023-06-28,42.7,historical,IMD Historical & Gridded Data
Kottayam,2023-06-28,23.2,historical,IMD Historical & Gridded Data
Alappuzha,2023-06-29,17.1,historical,IMD Historical & Gridded Data
Kottayam,2023-06-29,23.1,historical,IMD Historical & Gridded Data
Alappuzha,2023-06-30,10.6,historical,IMD Historical & Gridded Data
Kottayam,2023-06-30,9.9,historical,IMD Historical & Gridded Data
Alappuzha,2023-07-01,23.0,historical,IMD Historical & Gridded Data
Kottayam,2023-07-01,31.8,historical,IMD Historical & Gridded Data
Alappuzha,2023-07-02,10.1,historical,IMD Historical & Gridded Data
Kottayam,2023-07-02,6.5,historical,IMD Historical & Gridded Data
Alappuzha,2023-07-03,22.6,historical,IMD Historical & Gridded Data
Kottayam,2023-07-03,44.5,historical,IMD Historical & Gridded Data
Alappuzha,2023-07-04,6.7,historical,IMD Historical & Gridded Data
Kottayam,2023-07-04,0.0,historical,IMD Historical & Gridded Data
Alappuzha,2023-07-05,26.5,historical,IMD Historical & Gridded Data
Kottayam,2023-07-05,17.8,historical,IMD Historical & Gridded Data
Alappuzha,2023-07-06,6.7,historical,IMD Historical & Gridded Data
Kottayam,2023-07-06,0.0,historical,IMD Historical & Gridded Data
Alappuzha,2023-07-07,0.0,historical,IMD Historical & Gridded Data
Kottayam,2023-07-07,45.0,historical,IMD Historical & Gridded Data
Alappuzha,2023-07-08,19.3,historical,IMD Historical & Gridded Data
Kottayam,2023-07-08,45.3,historical,IMD Historical & Gridded Data
Alappuzha,2023-07-09,55.3,historical,IMD Historical & Gridded Data
Kottayam,2023-07-09,14.4,historical,IMD Historical & Gridded Data
Alappuzha,2023-07-10,46.2,historical,IMD Historical & Gridded Data
Kottayam,2023-07-10,36.4,historical,IMD Historical & Gridded Data
Alappuzha,2023-07-11,79.0,historical,IMD Historical & Gridded Data
Kottayam,2023-07-11,0.1,historical,IMD Historical & Gridded Data
Alappuzha,2023-07-12,47.8,historical,IMD Historical & Gridded Data
Kottayam,2023-07-12,19.4,historical,IMD Historical & Gridded Data
Alappuzha,2023-07-13,72.4,historical,IMD Historical & Gridded Data
Kottayam,2023-07-13,35.9,historical,IMD Historical & Gridded Data
Alappuzha,2023-07-14,38.0,historical,IMD Historical & Gridded Data
Kottayam,2023-07-14,13.1,historical,IMD Historical & Gridded Data
Alappuzha,2023-07-15,0.5,historical,IMD Historical & Gridded Data
Kottayam,2023-07-15,14.8,historical,IMD Historical & Gridded Data
Alappuzha,2023-07-16,0.0,historical,IMD Historical & Gridded Data
Kottayam,2023-07-16,37.2,historical,IMD Historical & Gridded Data
Alappuzha,2023-07-17,50.8,historical,IMD Historical & Gridded Data
Kottayam,2023-07-17,12.0,historical,IMD Historical & Gridded Data
Alappuzha,2023-07-18,15.7,historical,IMD Historical & Gridded Data
Kottayam,2023-07-18,14.0,historical,IMD Historical & Gridded Data
Alappuzha,2023-07-19,20.7,historical,IMD Historical & Gridded Data
Kottayam,2023-07-19,3.1,historical,IMD Historical & Gridded Data
Alappuzha,2023-07-20,0.0,historical,IMD Historical & Gridded Data
Kottayam,2023-07-20,8.2,historical,IMD Historical & Gridded Data
Alappuzha,2023-07-21,16.6,historical,IMD Historical & Gridded Data
Kottayam,2023-07-21,53.1,historical,IMD Historical & Gridded Data
Alappuzha,2023-07-22,42.3,historical,IMD Historical & Gridded Data
Kottayam,2023-07-22,1.2,historical,IMD Historical & Gridded Data
Alappuzha,2023-07-23,0.1,historical,IMD Historical & Gridded Data
Kottayam,2023-07-23,29.2,historical,IMD Historical & Gridded Data
Alappuzha,2023-07-24,31.5,historical,IMD Historical & Gridded Data
Kottayam,2023-07-24,13.0,historical,IMD Historical & Gridded Data
Alappuzha,2023-07-25,0.0,historical,IMD Historical & Gridded Data
Kottayam,2023-07-25,57.1,historical,IMD Historical & Gridded Data
Alappuzha,2023-07-26,0.0,historical,IMD Historical & Gridded Data
Kottayam,2023-07-26,0.0,historical,IMD Historical & Gridded Data
Alappuzha,2023-07-27,17.6,historical,IMD Historical & Gridded Data
Kottayam,2023-07-27,46.2,historical,IMD Historical & Gridded Data
Alappuzha,2023-07-28,22.4,historical,IMD Historical & Gridded Data
Kottayam,2023-07-28,3.8,historical,IMD Historical & Gridded Data
Alappuzha,2023-07-29,11.4,historical,IMD Historical & Gridded Data
Kottayam,2023-07-29,3.7,historical,IMD Historical & Gridded Data
Alappuzha,2023-07-30,0.0,historical,IMD Historical & Gridded Data
Kottayam,2023-07-30,1.2,historical,IMD Historical & Gridded Data
Alappuzha,2023-07-31,1.3,historical,IMD Historical & Gridded Data
Kottayam,2023-07-31,0.0,historical,IMD Historical & Gridded Data
Alappuzha,2023-08-01,0.0,historical,IMD Historical & Gridded Data
Kottayam,2023-08-01,34.5,historical,IMD Historical & Gridded Data
Alappuzha,2023-08-02,10.0,historical,IMD Historical & Gridded Data
Kottayam,2023-08-02,0.0,historical,IMD Historical & Gridded Data
Alappuzha,2023-08-03,0.0,historical,IMD Historical & Gridded Data
Kottayam,2023-08-03,1.5,historical,IMD Historical & Gridded Data
Alappuzha,2023-08-04,44.0,historical,IMD Historical & Gridded Data
Kottayam,2023-08-04,0.0,historical,IMD Historical & Gridded Data
Alappuzha,2023-08-05,0.0,historical,IMD Historical & Gridded Data
Kottayam,2023-08-05,74.7,historical,IMD Historical & Gridded Data
Alappuzha,2023-08-06,3.7,historical,IMD Historical & Gridded Data
Kottayam,2023-08-06,0.6,historical,IMD Historical & Gridded Data
Alappuzha,2023-08-07,19.9,historical,IMD Historical & Gridded Data
Kottayam,2023-08-07,44.5,historical,IMD Historical & Gridded Data
Alappuzha,2023-08-08,21.1,historical,IMD Historical & Gridded Data
Kottayam,2023-08-08,0.0,historical,IMD Historical & Gridded Data
Alappuzha,2023-08-09,0.0,historical,IMD Historical & Gridded Data
Kottayam,2023-08-09,0.0,historical,IMD Historical & Gridded Data
Alappuzha,2023-08-10,22.3,historical,IMD Historical & Gridded Data
Kottayam,2023-08-10,92.3,historical,IMD Historical & Gridded Data
Alappuzha,2023-08-11,48.6,historical,IMD Historical & Gridded Data
Kottayam,2023-08-11,43.4,historical,IMD Historical & Gridded Data
Alappuzha,2023-08-12,47.8,historical,IMD Historical & Gridded Data
Kottayam,2023-08-12,4.8,historical,IMD Historical & Gridded Data
Alappuzha,2023-08-13,9.2,historical,IMD Historical & Gridded Data
Kottayam,2023-08-13,0.6,historical,IMD Historical & Gridded Data
Alappuzha,2023-08-14,11.4,historical,IMD Historical & Gridded Data
Kottayam,2023-08-14,7.8,historical,IMD Historical & Gridded Data
Alappuzha,2023-08-15,12.8,historical,IMD Historical & Gridded Data
Kottayam,2023-08-15,0.0,historical,IMD Historical & Gridded Data
Alappuzha,2023-08-16,0.0,historical,IMD Historical & Gridded Data
Kottayam,2023-08-16,0.0,historical,IMD Historical & Gridded Data
Alappuzha,2023-08-17,4.7,historical,IMD Historical & Gridded Data
Kottayam,2023-08-17,0.0,historical,IMD Historical & Gridded Data
Alappuzha,2023-08-18,4.8,historical,IMD Historical & Gridded Data
Kottayam,2023-08-18,1.5,historical,IMD Historical & Gridded Data
Alappuzha,2023-08-19,1.1,historical,IMD Historical & Gridded Data
Kottayam,2023-08-19,0.8,historical,IMD Historical & Gridded Data
Alappuzha,2023-08-20,39.9,historical,IMD Historical & Gridded Data
Kottayam,2023-08-20,5.6,historical,IMD Historical & Gridded Data
Alappuzha,2023-08-21,29.6,historical,IMD Historical & Gridded Data
Kottayam,2023-08-21,0.0,historical,IMD Historical & Gridded Data
Alappuzha,2023-08-22,36.9,historical,IMD Historical & Gridded Data
Kottayam,2023-08-22,25.9,historical,IMD Historical & Gridded Data
Alappuzha,2023-08-23,0.0,historical,IMD Historical & Gridded Data
Kottayam,2023-08-23,8.8,historical,IMD Historical & Gridded Data
Alappuzha,2023-08-24,0.0,historical,IMD Historical & Gridded Data
Kottayam,2023-08-24,7.4,historical,IMD Historical & Gridded Data
Alappuzha,2023-08-25,0.0,historical,IMD Historical & Gridded Data
Kottayam,2023-08-25,5.9,historical,IMD Historical & Gridded Data
Alappuzha,2023-08-26,0.0,historical,IMD Historical & Gridded Data
Kottayam,2023-08-26,23.0,historical,IMD Historical & Gridded Data
Alappuzha,2023-08-27,6.6,historical,IMD Historical & Gridded Data
Kottayam,2023-08-27,0.0,historical,IMD Historical & Gridded Data
Alappuzha,2023-08-28,2.1,historical,IMD Historical & Gridded Data
Kottayam,2023-08-28,31.4,historical,IMD Historical & Gridded Data
Alappuzha,2023-08-29,0.0,historical,IMD Historical & Gridded Data
Kottayam,2023-08-29,23.4,historical,IMD Historical & Gridded Data
Alappuzha,2023-08-30,7.0,historical,IMD Historical & Gridded Data
Kottayam,2023-08-30,37.0,historical,IMD Historical & Gridded Data
Alappuzha,2023-08-31,0.0,historical,IMD Historical & Gridded Data
Kottayam,2023-08-31,25.1,historical,IMD Historical & Gridded Data
Alappuzha,2023-09-01,0.0,historical,IMD Historical & Gridded Data
Kottayam,2023-09-01,0.9,historical,IMD Historical & Gridded Data
Alappuzha,2023-09-02,0.0,historical,IMD Historical & Gridded Data
Kottayam,2023-09-02,0.0,historical,IMD Historical & Gridded Data
Alappuzha,2023-09-03,7.1,historical,IMD Historical & Gridded Data
Kottayam,2023-09-03,0.0,historical,IMD Historical & Gridded Data
Alappuzha,2023-09-04,0.0,historical,IMD Historical & Gridded Data
Kottayam,2023-09-04,84.8,historical,IMD Historical & Gridded Data
Alappuzha,2023-09-05,0.0,historical,IMD Historical & Gridded Data
Kottayam,2023-09-05,4.8,historical,IMD Historical & Gridded Data
Alappuzha,2023-09-06,9.9,historical,IMD Historical & Gridded Data
Kottayam,2023-09-06,2.6,historical,IMD Historical & Gridded Data
Alappuzha,2023-09-07,0.0,historical,IMD Historical & Gridded Data
Kottayam,2023-09-07,27.6,historical,IMD Historical & Gridded Data
Alappuzha,2023-09-08,0.0,historical,IMD Historical & Gridded Data
Kottayam,2023-09-08,0.0,historical,IMD Historical & Gridded Data
Alappuzha,2023-09-09,0.0,historical,IMD Historical & Gridded Data
Kottayam,2023-09-09,20.4,historical,IMD Historical & Gridded Data
Alappuzha,2023-09-10,42.1,historical,IMD Historical & Gridded Data
Kottayam,2023-09-10,19.7,historical,IMD Historical & Gridded Data
Alappuzha,2023-09-11,3.4,historical,IMD Historical & Gridded Data
Kottayam,2023-09-11,77.0,historical,IMD Historical & Gridded Data
Alappuzha,2023-09-12,0.0,historical,IMD Historical & Gridded Data
Kottayam,2023-09-12,7.7,historical,IMD Historical & Gridded Data
Alappuzha,2023-09-13,9.7,historical,IMD Historical & Gridded Data
Kottayam,2023-09-13,19.3,historical,IMD Historical & Gridded Data
Alappuzha,2023-09-14,0.0,historical,IMD Historical & Gridded Data
Kottayam,2023-09-14,33.4,historical,IMD Historical & Gridded Data
Alappuzha,2023-09-15,0.0,historical,IMD Historical & Gridded Data
Kottayam,2023-09-15,44.1,historical,IMD Historical & Gridded Data
Alappuzha,2023-09-16,7.5,historical,IMD Historical & Gridded Data
Kottayam,2023-09-16,13.1,historical,IMD Historical & Gridded Data
Alappuzha,2023-09-17,24.5,historical,IMD Historical & Gridded Data
Kottayam,2023-09-17,0.0,historical,IMD Historical & Gridded Data
Alappuzha,2023-09-18,36.7,historical,IMD Historical & Gridded Data
Kottayam,2023-09-18,19.8,historical,IMD Historical & Gridded Data
Alappuzha,2023-09-19,0.0,historical,IMD Historical & Gridded Data
Kottayam,2023-09-19,0.0,historical,IMD Historical & Gridded Data
Alappuzha,2023-09-20,4.7,historical,IMD Historical & Gridded Data
Kottayam,2023-09-20,24.6,historical,IMD Historical & Gridded Data
Alappuzha,2023-09-21,29.6,historical,IMD Historical & Gridded Data
Kottayam,2023-09-21,0.0,historical,IMD Historical & Gridded Data
Alappuzha,2023-09-22,4.1,historical,IMD Historical & Gridded Data
Kottayam,2023-09-22,1.1,historical,IMD Historical & Gridded Data
Alappuzha,2023-09-23,0.0,historical,IMD Historical & Gridded Data
Kottayam,2023-09-23,11.4,historical,IMD Historical & Gridded Data
Alappuzha,2023-09-24,0.0,historical,IMD Historical & Gridded Data
Kottayam,2023-09-24,14.5,historical,IMD Historical & Gridded Data
Alappuzha,2023-09-25,0.0,historical,IMD Historical & Gridded Data
Kottayam,2023-09-25,47.1,historical,IMD Historical & Gridded Data
Alappuzha,2023-09-26,0.0,historical,IMD Historical & Gridded Data
Kottayam,2023-09-26,33.9,historical,IMD Historical & Gridded Data
Alappuzha,2023-09-27,0.0,historical,IMD Historical & Gridded Data
Kottayam,2023-09-27,5.6,historical,IMD Historical & Gridded Data
Alappuzha,2023-09-28,60.4,historical,IMD Historical & Gridded Data
Kottayam,2023-09-28,0.0,historical,IMD Historical & Gridded Data
Alappuzha,2023-09-29,0.0,historical,IMD Historical & Gridded Data
Kottayam,2023-09-29,2.4,historical,IMD Historical & Gridded Data
Alappuzha,2023-09-30,31.3,historical,IMD Historical & Gridded Data
Kottayam,2023-09-30,0.0,historical,IMD Historical & Gridded Data
Alappuzha,2023-10-01,0.7,historical,IMD Historical & Gridded Data
Kottayam,2023-10-01,12.4,historical,IMD Historical & Gridded Data
Alappuzha,2023-10-02,64.1,historical,IMD Historical & Gridded Data
Kottayam,2023-10-02,27.8,historical,IMD Historical & Gridded Data
Alappuzha,2023-10-03,4.9,historical,IMD Historical & Gridded Data
Kottayam,2023-10-03,0.0,historical,IMD Historical & Gridded Data
Alappuzha,2023-10-04,0.0,historical,IMD Historical & Gridded Data
Kottayam,2023-10-04,0.2,historical,IMD Historical & Gridded Data
Alappuzha,2023-10-05,18.6,historical,IMD Historical & Gridded Data
Kottayam,2023-10-05,86.5,historical,IMD Historical & Gridded Data
Alappuzha,2023-10-06,52.5,historical,IMD Historical & Gridded Data
Kottayam,2023-10-06,0.0,historical,IMD Historical & Gridded Data
Alappuzha,2023-10-07,10.7,historical,IMD Historical & Gridded Data
Kottayam,2023-10-07,17.3,historical,IMD Historical & Gridded Data
Alappuzha,2023-10-08,0.0,historical,IMD Historical & Gridded Data
Kottayam,2023-10-08,0.7,historical,IMD Historical & Gridded Data
Alappuzha,2023-10-09,38.9,historical,IMD Historical & Gridded Data
Kottayam,2023-10-09,0.0,historical,IMD Historical & Gridded Data
Alappuzha,2023-10-10,0.0,historical,IMD Historical & Gridded Data
Kottayam,2023-10-10,0.8,historical,IMD Historical & Gridded Data
Alappuzha,2023-10-11,39.8,historical,IMD Historical & Gridded Data
Kottayam,2023-10-11,0.5,historical,IMD Historical & Gridded Data
Alappuzha,2023-10-12,24.1,historical,IMD Historical & Gridded Data
Kottayam,2023-10-12,0.0,historical,IMD Historical & Gridded Data
Alappuzha,2023-10-13,0.0,historical,IMD Historical & Gridded Data
Kottayam,2023-10-13,0.0,historical,IMD Historical & Gridded Data
Alappuzha,2023-10-14,40.9,historical,IMD Historical & Gridded Data
Kottayam,2023-10-14,38.7,historical,IMD Historical & Gridded Data
Alappuzha,2023-10-15,5.8,historical,IMD Historical & Gridded Data
Kottayam,2023-10-15,0.0,historical,IMD Historical & Gridded Data
Alappuzha,2023-10-16,0.0,historical,IMD Historical & Gridded Data
Kottayam,2023-10-16,2.7,historical,IMD Historical & Gridded Data
Alappuzha,2023-10-17,0.0,historical,IMD Historical & Gridded Data
Kottayam,2023-10-17,0.0,historical,IMD Historical & Gridded Data
Alappuzha,2023-10-18,0.0,historical,IMD Historical & Gridded Data
Kottayam,2023-10-18,9.5,historical,IMD Historical & Gridded Data
Alappuzha,2023-10-19,0.0,historical,IMD Historical & Gridded Data
Kottayam,2023-10-19,0.4,historical,IMD Historical & Gridded Data
Alappuzha,2023-10-20,15.9,historical,IMD Historical & Gridded Data
Kottayam,2023-10-20,41.800000000000004,historical,IMD Historical & Gridded Data
Alappuzha,2023-10-21,0.0,historical,IMD Historical & Gridded Data
Kottayam,2023-10-21,3.3,historical,IMD Historical & Gridded Data
Alappuzha,2023-10-22,4.7,historical,IMD Historical & Gridded Data
Kottayam,2023-10-22,0.1,historical,IMD Historical & Gridded Data
Alappuzha,2023-10-23,0.0,historical,IMD Historical & Gridded Data
Kottayam,2023-10-23,0.0,historical,IMD Historical & Gridded Data
Alappuzha,2023-10-24,1.2,historical,IMD Historical & Gridded Data
Kottayam,2023-10-24,27.2,historical,IMD Historical & Gridded Data
Alappuzha,2023-10-25,0.4,historical,IMD Historical & Gridded Data
Kottayam,2023-10-25,4.5,historical,IMD Historical & Gridded Data
Alappuzha,2023-10-26,3.1,historical,IMD Historical & Gridded Data
Kottayam,2023-10-26,0.0,historical,IMD Historical & Gridded Data
Alappuzha,2023-10-27,34.5,historical,IMD Historical & Gridded Data
Kottayam,2023-10-27,1.7,historical,IMD Historical & Gridded Data
Alappuzha,2023-10-28,14.3,historical,IMD Historical & Gridded Data
Kottayam,2023-10-28,3.1,historical,IMD Historical & Gridded Data
Alappuzha,2023-10-29,4.1,historical,IMD Historical & Gridded Data
Kottayam,2023-10-29,10.7,historical,IMD Historical & Gridded Data
Alappuzha,2023-10-30,0.0,historical,IMD Historical & Gridded Data
Kottayam,2023-10-30,1.4,historical,IMD Historical & Gridded Data
Alappuzha,2023-10-31,15.5,historical,IMD Historical & Gridded Data
Kottayam,2023-10-31,59.099999999999994,historical,IMD Historical & Gridded Data
Alappuzha,2023-11-01,23.2,historical,IMD Historical & Gridded Data
Kottayam,2023-11-01,5.0,historical,IMD Historical & Gridded Data
Alappuzha,2023-11-02,0.0,historical,IMD Historical & Gridded Data
Kottayam,2023-11-02,0.7,historical,IMD Historical & Gridded Data
Alappuzha,2023-11-03,0.0,historical,IMD Historical & Gridded Data
Kottayam,2023-11-03,0.0,historical,IMD Historical & Gridded Data
Alappuzha,2023-11-04,1.8,historical,IMD Historical & Gridded Data
Kottayam,2023-11-04,30.0,historical,IMD Historical & Gridded Data
Alappuzha,2023-11-05,5.1,historical,IMD Historical & Gridded Data
Kottayam,2023-11-05,0.0,historical,IMD Historical & Gridded Data
Alappuzha,2023-11-06,12.9,historical,IMD Historical & Gridded Data
Kottayam,2023-11-06,11.3,historical,IMD Historical & Gridded Data
Alappuzha,2023-11-07,7.3,historical,IMD Historical & Gridded Data
Kottayam,2023-11-07,18.8,historical,IMD Historical & Gridded Data
Alappuzha,2023-11-08,2.9,historical,IMD Historical & Gridded Data
Kottayam,2023-11-08,66.3,historical,IMD Historical & Gridded Data
Alappuzha,2023-11-09,60.3,historical,IMD Historical & Gridded Data
Kottayam,2023-11-09,32.2,historical,IMD Historical & Gridded Data
Alappuzha,2023-11-10,24.3,historical,IMD Historical & Gridded Data
Kottayam,2023-11-10,0.0,historical,IMD Historical & Gridded Data
Alappuzha,2023-11-11,61.6,historical,IMD Historical & Gridded Data
Kottayam,2023-11-11,6.8,historical,IMD Historical & Gridded Data
Alappuzha,2023-11-12,8.0,historical,IMD Historical & Gridded Data
Kottayam,2023-11-12,4.1,historical,IMD Historical & Gridded Data
Alappuzha,2023-11-13,0.0,historical,IMD Historical & Gridded Data
Kottayam,2023-11-13,37.4,historical,IMD Historical & Gridded Data
Alappuzha,2023-11-14,0.0,historical,IMD Historical & Gridded Data
Kottayam,2023-11-14,0.0,historical,IMD Historical & Gridded Data
Alappuzha,2023-11-15,4.9,historical,IMD Historical & Gridded Data
Kottayam,2023-11-15,0.0,historical,IMD Historical & Gridded Data
Alappuzha,2023-11-16,9.5,historical,IMD Historical & Gridded Data
Kottayam,2023-11-16,0.0,historical,IMD Historical & Gridded Data
Alappuzha,2023-11-17,20.7,historical,IMD Historical & Gridded Data
Kottayam,2023-11-17,8.2,historical,IMD Historical & Gridded Data
Alappuzha,2023-11-18,0.0,historical,IMD Historical & Gridded Data
Kottayam,2023-11-18,3.5,historical,IMD Historical & Gridded Data
Alappuzha,2023-11-19,15.6,historical,IMD Historical & Gridded Data
Kottayam,2023-11-19,0.0,historical,IMD Historical & Gridded Data
Alappuzha,2023-11-20,8.3,historical,IMD Historical & Gridded Data
Kottayam,2023-11-20,0.0,historical,IMD Historical & Gridded Data
Alappuzha,2023-11-21,4.4,historical,IMD Historical & Gridded Data
Kottayam,2023-11-21,47.800000000000004,historical,IMD Historical & Gridded Data
Alappuzha,2023-11-22,0.0,historical,IMD Historical & Gridded Data
Kottayam,2023-11-22,7.7,historical,IMD Historical & Gridded Data
Alappuzha,2023-11-23,11.4,historical,IMD Historical & Gridded Data
Kottayam,2023-11-23,4.2,historical,IMD Historical & Gridded Data
Alappuzha,2023-11-24,3.2,historical,IMD Historical & Gridded Data
Kottayam,2023-11-24,4.2,historical,IMD Historical & Gridded Data
Alappuzha,2023-11-25,0.0,historical,IMD Historical & Gridded Data
Kottayam,2023-11-25,0.0,historical,IMD Historical & Gridded Data
Alappuzha,2023-11-26,12.2,historical,IMD Historical & Gridded Data
Kottayam,2023-11-26,19.2,historical,IMD Historical & Gridded Data
Alappuzha,2023-11-27,30.9,historical,IMD Historical & Gridded Data
Kottayam,2023-11-27,13.0,historical,IMD Historical & Gridded Data
Alappuzha,2023-11-28,4.1,historical,IMD Historical & Gridded Data
Kottayam,2023-11-28,18.3,historical,IMD Historical & Gridded Data
Alappuzha,2023-11-29,13.5,historical,IMD Historical & Gridded Data
Kottayam,2023-11-29,27.0,historical,IMD Historical & Gridded Data
Alappuzha,2023-11-30,0.0,historical,IMD Historical & Gridded Data
Kottayam,2023-11-30,5.1,historical,IMD Historical & Gridded Data
Alappuzha,2023-12-01,0.0,historical,IMD Historical & Gridded Data
Kottayam,2023-12-01,1.2,historical,IMD Historical & Gridded Data
Alappuzha,2023-12-02,0.0,historical,IMD Historical & Gridded Data
Kottayam,2023-12-02,0.0,historical,IMD Historical & Gridded Data
Alappuzha,2023-12-03,0.0,historical,IMD Historical & Gridded Data
Kottayam,2023-12-03,0.0,historical,IMD Historical & Gridded Data
Alappuzha,2023-12-04,0.0,historical,IMD Historical & Gridded Data
Kottayam,2023-12-04,0.0,historical,IMD Historical & Gridded Data
Alappuzha,2023-12-05,0.0,historical,IMD Historical & Gridded Data
Kottayam,2023-12-05,0.0,historical,IMD Historical & Gridded Data
Alappuzha,2023-12-06,0.0,historical,IMD Historical & Gridded Data
Kottayam,2023-12-06,0.0,historical,IMD Historical & Gridded Data
Alappuzha,2023-12-07,0.0,historical,IMD Historical & Gridded Data
Kottayam,2023-12-07,0.0,historical,IMD Historical & Gridded Data
Alappuzha,2023-12-08,0.0,historical,IMD Historical & Gridded Data
Kottayam,2023-12-08,0.0,historical,IMD Historical & Gridded Data
Alappuzha,2023-12-09,0.0,historical,IMD Historical & Gridded Data
Kottayam,2023-12-09,2.9,historical,IMD Historical & Gridded Data
Alappuzha,2023-12-10,0.0,historical,IMD Historical & Gridded Data
Kottayam,2023-12-10,0.0,historical,IMD Historical & Gridded Data
Alappuzha,2023-12-11,0.0,historical,IMD Historical & Gridded Data
Kottayam,2023-12-11,0.0,historical,IMD Historical & Gridded Data
Alappuzha,2023-12-12,0.0,historical,IMD Historical & Gridded Data
Kottayam,2023-12-12,0.0,historical,IMD Historical & Gridded Data
Alappuzha,2023-12-13,0.0,historical,IMD Historical & Gridded Data
Kottayam,2023-12-13,0.0,historical,IMD Historical & Gridded Data
Alappuzha,2023-12-14,0.0,historical,IMD Historical & Gridded Data
Kottayam,2023-12-14,2.9,historical,IMD Historical & Gridded Data
Alappuzha,2023-12-15,0.0,historical,IMD Historical & Gridded Data
Kottayam,2023-12-15,1.7,historical,IMD Historical & Gridded Data
Alappuzha,2023-12-16,0.0,historical,IMD Historical & Gridded Data
Kottayam,2023-12-16,0.0,historical,IMD Historical & Gridded Data
Alappuzha,2023-12-17,0.0,historical,IMD Historical & Gridded Data
Kottayam,2023-12-17,0.0,historical,IMD Historical & Gridded Data
Alappuzha,2023-12-18,0.0,historical,IMD Historical & Gridded Data
Kottayam,2023-12-18,0.0,historical,IMD Historical & Gridded Data
Alappuzha,2023-12-19,0.0,historical,IMD Historical & Gridded Data
Kottayam,2023-12-19,0.0,historical,IMD Historical & Gridded Data
Alappuzha,2023-12-20,0.0,historical,IMD Historical & Gridded Data
Kottayam,2023-12-20,0.0,historical,IMD Historical & Gridded Data
Alappuzha,2023-12-21,0.0,historical,IMD Historical & Gridded Data
Kottayam,2023-12-21,9.5,historical,IMD Historical & Gridded Data
Alappuzha,2023-12-22,0.0,historical,IMD Historical & Gridded Data
Kottayam,2023-12-22,0.0,historical,IMD Historical & Gridded Data
Alappuzha,2023-12-23,0.0,historical,IMD Historical & Gridded Data
Kottayam,2023-12-23,0.0,historical,IMD Historical & Gridded Data
Alappuzha,2023-12-24,0.0,historical,IMD Historical & Gridded Data
Kottayam,2023-12-24,0.0,historical,IMD Historical & Gridded Data
Alappuzha,2023-12-25,0.0,historical,IMD Historical & Gridded Data
Kottayam,2023-12-25,2.1,historical,IMD Historical & Gridded Data
Alappuzha,2023-12-26,0.0,historical,IMD Historical & Gridded Data
Kottayam,2023-12-26,0.0,historical,IMD Historical & Gridded Data
Alappuzha,2023-12-27,0.0,historical,IMD Historical & Gridded Data
Kottayam,2023-12-27,0.7,historical,IMD Historical & Gridded Data
Alappuzha,2023-12-28,4.1,historical,IMD Historical & Gridded Data
Kottayam,2023-12-28,0.0,historical,IMD Historical & Gridded Data
Alappuzha,2023-12-29,0.0,historical,IMD Historical & Gridded Data
Kottayam,2023-12-29,0.0,historical,IMD Historical & Gridded Data
Alappuzha,2023-12-30,0.0,historical,IMD Historical & Gridded Data
Kottayam,2023-12-30,0.0,historical,IMD Historical & Gridded Data
Alappuzha,2023-12-31,0.0,historical,IMD Historical & Gridded Data
Kottayam,2023-12-31,0.0,historical,IMD Historical & Gridded Data
Alappuzha,2024-01-01,0.0,historical,IMD Historical & Gridded Data
Kottayam,2024-01-01,0.0,historical,IMD Historical & Gridded Data
Alappuzha,2024-01-02,0.0,historical,IMD Historical & Gridded Data
Kottayam,2024-01-02,0.5,historical,IMD Historical & Gridded Data
Alappuzha,2024-01-03,0.1,historical,IMD Historical & Gridded Data
Kottayam,2024-01-03,0.0,historical,IMD Historical & Gridded Data
Alappuzha,2024-01-04,0.0,historical,IMD Historical & Gridded Data
Kottayam,2024-01-04,0.0,historical,IMD Historical & Gridded Data
Alappuzha,2024-01-05,0.0,historical,IMD Historical & Gridded Data
Kottayam,2024-01-05,0.0,historical,IMD Historical & Gridded Data
Alappuzha,2024-01-06,0.0,historical,IMD Historical & Gridded Data
Kottayam,2024-01-06,0.9,historical,IMD Historical & Gridded Data
Alappuzha,2024-01-07,0.0,historical,IMD Historical & Gridded Data
Kottayam,2024-01-07,0.0,historical,IMD Historical & Gridded Data
Alappuzha,2024-01-08,0.0,historical,IMD Historical & Gridded Data
Kottayam,2024-01-08,0.0,historical,IMD Historical & Gridded Data
Alappuzha,2024-01-09,0.0,historical,IMD Historical & Gridded Data
Kottayam,2024-01-09,0.0,historical,IMD Historical & Gridded Data
Alappuzha,2024-01-10,0.0,historical,IMD Historical & Gridded Data
Kottayam,2024-01-10,0.0,historical,IMD Historical & Gridded Data
Alappuzha,2024-01-11,0.0,historical,IMD Historical & Gridded Data
Kottayam,2024-01-11,0.0,historical,IMD Historical & Gridded Data
Alappuzha,2024-01-12,0.0,historical,IMD Historical & Gridded Data
Kottayam,2024-01-12,0.0,historical,IMD Historical & Gridded Data
Alappuzha,2024-01-13,0.0,historical,IMD Historical & Gridded Data
Kottayam,2024-01-13,0.0,historical,IMD Historical & Gridded Data
Alappuzha,2024-01-14,1.7,historical,IMD Historical & Gridded Data
Kottayam,2024-01-14,0.0,historical,IMD Historical & Gridded Data
Alappuzha,2024-01-15,0.0,historical,IMD Historical & Gridded Data
Kottayam,2024-01-15,0.0,historical,IMD Historical & Gridded Data
Alappuzha,2024-01-16,0.0,historical,IMD Historical & Gridded Data
Kottayam,2024-01-16,0.0,historical,IMD Historical & Gridded Data
Alappuzha,2024-01-17,0.0,historical,IMD Historical & Gridded Data
Kottayam,2024-01-17,0.0,historical,IMD Historical & Gridded Data
Alappuzha,2024-01-18,0.0,historical,IMD Historical & Gridded Data
Kottayam,2024-01-18,0.0,historical,IMD Historical & Gridded Data
Alappuzha,2024-01-19,0.0,historical,IMD Historical & Gridded Data
Kottayam,2024-01-19,0.0,historical,IMD Historical & Gridded Data
Alappuzha,2024-01-20,0.0,historical,IMD Historical & Gridded Data
Kottayam,2024-01-20,0.0,historical,IMD Historical & Gridded Data
Alappuzha,2024-01-21,0.0,historical,IMD Historical & Gridded Data
Kottayam,2024-01-21,0.0,historical,IMD Historical & Gridded Data
Alappuzha,2024-01-22,0.0,historical,IMD Historical & Gridded Data
Kottayam,2024-01-22,0.0,historical,IMD Historical & Gridded Data
Alappuzha,2024-01-23,0.0,historical,IMD Historical & Gridded Data
Kottayam,2024-01-23,0.0,historical,IMD Historical & Gridded Data
Alappuzha,2024-01-24,0.0,historical,IMD Historical & Gridded Data
Kottayam,2024-01-24,0.0,historical,IMD Historical & Gridded Data
Alappuzha,2024-01-25,0.0,historical,IMD Historical & Gridded Data
Kottayam,2024-01-25,0.0,historical,IMD Historical & Gridded Data
Alappuzha,2024-01-26,0.0,historical,IMD Historical & Gridded Data
Kottayam,2024-01-26,0.0,historical,IMD Historical & Gridded Data
Alappuzha,2024-01-27,0.0,historical,IMD Historical & Gridded Data
Kottayam,2024-01-27,0.0,historical,IMD Historical & Gridded Data
Alappuzha,2024-01-28,0.0,historical,IMD Historical & Gridded Data
Kottayam,2024-01-28,0.0,historical,IMD Historical & Gridded Data
Alappuzha,2024-01-29,0.0,historical,IMD Historical & Gridded Data
Kottayam,2024-01-29,0.0,historical,IMD Historical & Gridded Data
Alappuzha,2024-01-30,0.0,historical,IMD Historical & Gridded Data
Kottayam,2024-01-30,0.0,historical,IMD Historical & Gridded Data
Alappuzha,2024-01-31,0.0,historical,IMD Historical & Gridded Data
Kottayam,2024-01-31,5.1,historical,IMD Historical & Gridded Data
Alappuzha,2024-02-01,0.0,historical,IMD Historical & Gridded Data
Kottayam,2024-02-01,0.0,historical,IMD Historical & Gridded Data
Alappuzha,2024-02-02,4.1,historical,IMD Historical & Gridded Data
Kottayam,2024-02-02,2.3,historical,IMD Historical & Gridded Data
Alappuzha,2024-02-03,0.0,historical,IMD Historical & Gridded Data
Kottayam,2024-02-03,0.0,historical,IMD Historical & Gridded Data
Alappuzha,2024-02-04,0.0,historical,IMD Historical & Gridded Data
Kottayam,2024-02-04,0.5,historical,IMD Historical & Gridded Data
Alappuzha,2024-02-05,0.0,historical,IMD Historical & Gridded Data
Kottayam,2024-02-05,1.5,historical,IMD Historical & Gridded Data
Alappuzha,2024-02-06,0.0,historical,IMD Historical & Gridded Data
Kottayam,2024-02-06,0.0,historical,IMD Historical & Gridded Data
Alappuzha,2024-02-07,0.0,historical,IMD Historical & Gridded Data
Kottayam,2024-02-07,0.0,historical,IMD Historical & Gridded Data
Alappuzha,2024-02-08,0.0,historical,IMD Historical & Gridded Data
Kottayam,2024-02-08,0.0,historical,IMD Historical & Gridded Data
Alappuzha,2024-02-09,0.0,historical,IMD Historical & Gridded Data
Kottayam,2024-02-09,0.0,historical,IMD Historical & Gridded Data
Alappuzha,2024-02-10,0.0,historical,IMD Historical & Gridded Data
Kottayam,2024-02-10,0.0,historical,IMD Historical & Gridded Data
Alappuzha,2024-02-11,0.0,historical,IMD Historical & Gridded Data
Kottayam,2024-02-11,0.0,historical,IMD Historical & Gridded Data
Alappuzha,2024-02-12,0.0,historical,IMD Historical & Gridded Data
Kottayam,2024-02-12,0.0,historical,IMD Historical & Gridded Data
Alappuzha,2024-02-13,6.3,historical,IMD Historical & Gridded Data
Kottayam,2024-02-13,0.0,historical,IMD Historical & Gridded Data
Alappuzha,2024-02-14,0.0,historical,IMD Historical & Gridded Data
Kottayam,2024-02-14,0.0,historical,IMD Historical & Gridded Data
Alappuzha,2024-02-15,0.0,historical,IMD Historical & Gridded Data
Kottayam,2024-02-15,0.0,historical,IMD Historical & Gridded Data
Alappuzha,2024-02-16,0.0,historical,IMD Historical & Gridded Data
Kottayam,2024-02-16,0.0,historical,IMD Historical & Gridded Data
Alappuzha,2024-02-17,0.0,historical,IMD Historical & Gridded Data
Kottayam,2024-02-17,0.0,historical,IMD Historical & Gridded Data
Alappuzha,2024-02-18,0.0,historical,IMD Historical & Gridded Data
Kottayam,2024-02-18,0.0,historical,IMD Historical & Gridded Data
Alappuzha,2024-02-19,0.0,historical,IMD Historical & Gridded Data
Kottayam,2024-02-19,0.0,historical,IMD Historical & Gridded Data
Alappuzha,2024-02-20,0.0,historical,IMD Historical & Gridded Data
Kottayam,2024-02-20,0.0,historical,IMD Historical & Gridded Data
Alappuzha,2024-02-21,0.6,historical,IMD Historical & Gridded Data
Kottayam,2024-02-21,0.0,historical,IMD Historical & Gridded Data
Alappuzha,2024-02-22,0.0,historical,IMD Historical & Gridded Data
Kottayam,2024-02-22,0.0,historical,IMD Historical & Gridded Data
Alappuzha,2024-02-23,0.0,historical,IMD Historical & Gridded Data
Kottayam,2024-02-23,0.0,historical,IMD Historical & Gridded Data
Alappuzha,2024-02-24,0.0,historical,IMD Historical & Gridded Data
Kottayam,2024-02-24,2.8,historical,IMD Historical & Gridded Data
Alappuzha,2024-02-25,0.0,historical,IMD Historical & Gridded Data
Kottayam,2024-02-25,3.6,historical,IMD Historical & Gridded Data
Alappuzha,2024-02-26,0.0,historical,IMD Historical & Gridded Data
Kottayam,2024-02-26,0.0,historical,IMD Historical & Gridded Data
Alappuzha,2024-02-27,0.0,historical,IMD Historical & Gridded Data
Kottayam,2024-02-27,0.0,historical,IMD Historical & Gridded Data
Alappuzha,2024-02-28,0.0,historical,IMD Historical & Gridded Data
Kottayam,2024-02-28,0.0,historical,IMD Historical & Gridded Data
Alappuzha,2024-02-29,0.0,historical,IMD Historical & Gridded Data
Kottayam,2024-02-29,0.0,historical,IMD Historical & Gridded Data
Alappuzha,2024-03-01,0.0,historical,IMD Historical & Gridded Data
Kottayam,2024-03-01,13.1,historical,IMD Historical & Gridded Data
Alappuzha,2024-03-02,0.0,historical,IMD Historical & Gridded Data
Kottayam,2024-03-02,0.0,historical,IMD Historical & Gridded Data
Alappuzha,2024-03-03,0.0,historical,IMD Historical & Gridded Data
Kottayam,2024-03-03,0.0,historical,IMD Historical & Gridded Data
Alappuzha,2024-03-04,0.0,historical,IMD Historical & Gridded Data
Kottayam,2024-03-04,0.0,historical,IMD Historical & Gridded Data
Alappuzha,2024-03-05,0.0,historical,IMD Historical & Gridded Data
Kottayam,2024-03-05,0.0,historical,IMD Historical & Gridded Data
Alappuzha,2024-03-06,0.0,historical,IMD Historical & Gridded Data
Kottayam,2024-03-06,0.0,historical,IMD Historical & Gridded Data
Alappuzha,2024-03-07,11.4,historical,IMD Historical & Gridded Data
Kottayam,2024-03-07,0.0,historical,IMD Historical & Gridded Data
Alappuzha,2024-03-08,0.0,historical,IMD Historical & Gridded Data
Kottayam,2024-03-08,0.0,historical,IMD Historical & Gridded Data
Alappuzha,2024-03-09,0.0,historical,IMD Historical & Gridded Data
Kottayam,2024-03-09,0.0,historical,IMD Historical & Gridded Data
Alappuzha,2024-03-10,2.0,historical,IMD Historical & Gridded Data
Kottayam,2024-03-10,11.9,historical,IMD Historical & Gridded Data
Alappuzha,2024-03-11,0.0,historical,IMD Historical & Gridded Data
Kottayam,2024-03-11,0.0,historical,IMD Historical & Gridded Data
Alappuzha,2024-03-12,0.0,historical,IMD Historical & Gridded Data
Kottayam,2024-03-12,1.5,historical,IMD Historical & Gridded Data
Alappuzha,2024-03-13,0.0,historical,IMD Historical & Gridded Data
Kottayam,2024-03-13,18.5,historical,IMD Historical & Gridded Data
Alappuzha,2024-03-14,9.5,historical,IMD Historical & Gridded Data
Kottayam,2024-03-14,0.0,historical,IMD Historical & Gridded Data
Alappuzha,2024-03-15,0.0,historical,IMD Historical & Gridded Data
Kottayam,2024-03-15,0.0,historical,IMD Historical & Gridded Data
Alappuzha,2024-03-16,0.0,historical,IMD Historical & Gridded Data
Kottayam,2024-03-16,0.0,historical,IMD Historical & Gridded Data
Alappuzha,2024-03-17,15.2,historical,IMD Historical & Gridded Data
Kottayam,2024-03-17,0.0,historical,IMD Historical & Gridded Data
Alappuzha,2024-03-18,0.0,historical,IMD Historical & Gridded Data
Kottayam,2024-03-18,45.6,historical,IMD Historical & Gridded Data
Alappuzha,2024-03-19,0.0,historical,IMD Historical & Gridded Data
Kottayam,2024-03-19,1.4,historical,IMD Historical & Gridded Data
Alappuzha,2024-03-20,0.0,historical,IMD Historical & Gridded Data
Kottayam,2024-03-20,0.0,historical,IMD Historical & Gridded Data
Alappuzha,2024-03-21,0.0,historical,IMD Historical & Gridded Data
Kottayam,2024-03-21,22.8,historical,IMD Historical & Gridded Data
Alappuzha,2024-03-22,0.0,historical,IMD Historical & Gridded Data
Kottayam,2024-03-22,0.0,historical,IMD Historical & Gridded Data
Alappuzha,2024-03-23,10.3,historical,IMD Historical & Gridded Data
Kottayam,2024-03-23,0.0,historical,IMD Historical & Gridded Data
Alappuzha,2024-03-24,0.0,historical,IMD Historical & Gridded Data
Kottayam,2024-03-24,0.0,historical,IMD Historical & Gridded Data
Alappuzha,2024-03-25,0.0,historical,IMD Historical & Gridded Data
Kottayam,2024-03-25,0.0,historical,IMD Historical & Gridded Data
Alappuzha,2024-03-26,0.0,historical,IMD Historical & Gridded Data
Kottayam,2024-03-26,0.0,historical,IMD Historical & Gridded Data
Alappuzha,2024-03-27,3.1,historical,IMD Historical & Gridded Data
Kottayam,2024-03-27,23.6,historical,IMD Historical & Gridded Data
Alappuzha,2024-03-28,0.0,historical,IMD Historical & Gridded Data
Kottayam,2024-03-28,0.0,historical,IMD Historical & Gridded Data
Alappuzha,2024-03-29,0.0,historical,IMD Historical & Gridded Data
Kottayam,2024-03-29,0.0,historical,IMD Historical & Gridded Data
Alappuzha,2024-03-30,0.0,historical,IMD Historical & Gridded Data
Kottayam,2024-03-30,29.3,historical,IMD Historical & Gridded Data
Alappuzha,2024-03-31,0.0,historical,IMD Historical & Gridded Data
Kottayam,2024-03-31,16.0,historical,IMD Historical & Gridded Data
Alappuzha,2024-04-01,0.0,historical,IMD Historical & Gridded Data
Kottayam,2024-04-01,0.0,historical,IMD Historical & Gridded Data
Alappuzha,2024-04-02,0.0,historical,IMD Historical & Gridded Data
Kottayam,2024-04-02,0.0,historical,IMD Historical & Gridded Data
Alappuzha,2024-04-03,0.0,historical,IMD Historical & Gridded Data
Kottayam,2024-04-03,0.0,historical,IMD Historical & Gridded Data
Alappuzha,2024-04-04,0.0,historical,IMD Historical & Gridded Data
Kottayam,2024-04-04,0.0,historical,IMD Historical & Gridded Data
Alappuzha,2024-04-05,0.0,historical,IMD Historical & Gridded Data
Kottayam,2024-04-05,0.0,historical,IMD Historical & Gridded Data
Alappuzha,2024-04-06,0.0,historical,IMD Historical & Gridded Data
Kottayam,2024-04-06,0.0,historical,IMD Historical & Gridded Data
Alappuzha,2024-04-07,0.0,historical,IMD Historical & Gridded Data
Kottayam,2024-04-07,0.7,historical,IMD Historical & Gridded Data
Alappuzha,2024-04-08,0.0,historical,IMD Historical & Gridded Data
Kottayam,2024-04-08,0.0,historical,IMD Historical & Gridded Data
Alappuzha,2024-04-09,19.7,historical,IMD Historical & Gridded Data
Kottayam,2024-04-09,0.0,historical,IMD Historical & Gridded Data
Alappuzha,2024-04-10,0.0,historical,IMD Historical & Gridded Data
Kottayam,2024-04-10,0.0,historical,IMD Historical & Gridded Data
Alappuzha,2024-04-11,0.0,historical,IMD Historical & Gridded Data
Kottayam,2024-04-11,13.2,historical,IMD Historical & Gridded Data
Alappuzha,2024-04-12,3.5,historical,IMD Historical & Gridded Data
Kottayam,2024-04-12,0.0,historical,IMD Historical & Gridded Data
Alappuzha,2024-04-13,0.0,historical,IMD Historical & Gridded Data
Kottayam,2024-04-13,9.4,historical,IMD Historical & Gridded Data
Alappuzha,2024-04-14,2.9,historical,IMD Historical & Gridded Data
Kottayam,2024-04-14,4.4,historical,IMD Historical & Gridded Data
Alappuzha,2024-04-15,0.0,historical,IMD Historical & Gridded Data
Kottayam,2024-04-15,0.0,historical,IMD Historical & Gridded Data
Alappuzha,2024-04-16,8.9,historical,IMD Historical & Gridded Data
Kottayam,2024-04-16,0.0,historical,IMD Historical & Gridded Data
Alappuzha,2024-04-17,0.6,historical,IMD Historical & Gridded Data
Kottayam,2024-04-17,46.0,historical,IMD Historical & Gridded Data
Alappuzha,2024-04-18,0.0,historical,IMD Historical & Gridded Data
Kottayam,2024-04-18,0.0,historical,IMD Historical & Gridded Data
Alappuzha,2024-04-19,0.0,historical,IMD Historical & Gridded Data
Kottayam,2024-04-19,0.0,historical,IMD Historical & Gridded Data
Alappuzha,2024-04-20,15.3,historical,IMD Historical & Gridded Data
Kottayam,2024-04-20,0.0,historical,IMD Historical & Gridded Data
Alappuzha,2024-04-21,0.0,historical,IMD Historical & Gridded Data
Kottayam,2024-04-21,0.0,historical,IMD Historical & Gridded Data
Alappuzha,2024-04-22,0.0,historical,IMD Historical & Gridded Data
Kottayam,2024-04-22,28.1,historical,IMD Historical & Gridded Data
Alappuzha,2024-04-23,0.5,historical,IMD Historical & Gridded Data
Kottayam,2024-04-23,2.1,historical,IMD Historical & Gridded Data
Alappuzha,2024-04-24,0.0,historical,IMD Historical & Gridded Data
Kottayam,2024-04-24,0.0,historical,IMD Historical & Gridded Data
Alappuzha,2024-04-25,0.0,historical,IMD Historical & Gridded Data
Kottayam,2024-04-25,9.8,historical,IMD Historical & Gridded Data
Alappuzha,2024-04-26,0.0,historical,IMD Historical & Gridded Data
Kottayam,2024-04-26,0.0,historical,IMD Historical & Gridded Data
Alappuzha,2024-04-27,8.3,historical,IMD Historical & Gridded Data
Kottayam,2024-04-27,0.0,historical,IMD Historical & Gridded Data
Alappuzha,2024-04-28,0.0,historical,IMD Historical & Gridded Data
Kottayam,2024-04-28,0.0,historical,IMD Historical & Gridded Data
Alappuzha,2024-04-29,0.0,historical,IMD Historical & Gridded Data
Kottayam,2024-04-29,0.0,historical,IMD Historical & Gridded Data
Alappuzha,2024-04-30,1.9,historical,IMD Historical & Gridded Data
Kottayam,2024-04-30,0.0,historical,IMD Historical & Gridded Data
Alappuzha,2024-05-01,29.9,forecast,IMD Historical & Gridded Data
Kottayam,2024-05-01,0.0,forecast,IMD Historical & Gridded Data
Alappuzha,2024-05-02,0.0,forecast,IMD Historical & Gridded Data
Kottayam,2024-05-02,0.2,forecast,IMD Historical & Gridded Data
Alappuzha,2024-05-03,1.1,forecast,IMD Historical & Gridded Data
Kottayam,2024-05-03,0.0,forecast,IMD Historical & Gridded Data
Alappuzha,2024-05-04,7.5,forecast,IMD Historical & Gridded Data
Kottayam,2024-05-04,0.0,forecast,IMD Historical & Gridded Data
Alappuzha,2024-05-05,0.0,forecast,IMD Historical & Gridded Data
Kottayam,2024-05-05,0.0,forecast,IMD Historical & Gridded Data
Alappuzha,2024-05-06,0.0,forecast,IMD Historical & Gridded Data
Kottayam,2024-05-06,0.0,forecast,IMD Historical & Gridded Data
Alappuzha,2024-05-07,0.0,forecast,IMD Historical & Gridded Data
Kottayam,2024-05-07,0.0,forecast,IMD Historical & Gridded Data
Alappuzha,2024-05-08,0.0,forecast,IMD Historical & Gridded Data
Kottayam,2024-05-08,0.0,forecast,IMD Historical & Gridded Data
Alappuzha,2024-05-09,16.0,forecast,IMD Historical & Gridded Data
Kottayam,2024-05-09,8.8,forecast,IMD Historical & Gridded Data
Alappuzha,2024-05-10,0.0,forecast,IMD Historical & Gridded Data
Kottayam,2024-05-10,0.0,forecast,IMD Historical & Gridded Data
Alappuzha,2024-05-11,0.0,forecast,IMD Historical & Gridded Data
Kottayam,2024-05-11,0.0,forecast,IMD Historical & Gridded Data
Alappuzha,2024-05-12,16.2,forecast,IMD Historical & Gridded Data
Kottayam,2024-05-12,8.2,forecast,IMD Historical & Gridded Data
Alappuzha,2024-05-13,0.0,forecast,IMD Historical & Gridded Data
Kottayam,2024-05-13,0.0,forecast,IMD Historical & Gridded Data
Alappuzha,2024-05-14,6.2,forecast,IMD Historical & Gridded Data
Kottayam,2024-05-14,0.0,forecast,IMD Historical & Gridded Data
Alappuzha,2024-05-15,2.4,forecast,IMD Historical & Gridded Data
Kottayam,2024-05-15,10.2,forecast,IMD Historical & Gridded Data
